Command line invocation:
    /Applications/Xcode.app/Contents/Developer/usr/bin/xcodebuild -workspace CCAvenueIndiaSdkReactNativeExample.xcworkspace -scheme CcavenueIndiaSdkReactNativeExample -configuration Debug -destination id=00008030-00114C8C1106402E

ComputePackagePrebuildTargetDependencyGraph

Prepare packages

CreateBuildRequest

SendProjectDescription

CreateBuildOperation

ComputeTargetDependencyGraph
note: Building targets in dependency order
note: Target dependency graph (86 targets)
    Target 'CcavenueIndiaSdkReactNativeExample' in project 'CcavenueIndiaSdkReactNativeExample'
        ➜ Implicit dependency on target 'Pods-CcavenueIndiaSdkReactNativeExample' in project 'Pods' via file 'libPods-CcavenueIndiaSdkReactNativeExample.a' in build phase 'Link Binary'
        ➜ Implicit dependency on target 'DoubleConversion' in project 'Pods' via options '-lDoubleConversion' in build setting 'OTHER_LDFLAGS'
        ➜ Implicit dependency on target 'RCT-Folly' in project 'Pods' via options '-lRCT-Folly' in build setting 'OTHER_LDFLAGS'
        ➜ Implicit dependency on target 'RCTDeprecation' in project 'Pods' via options '-lRCTDeprecation' in build setting 'OTHER_LDFLAGS'
        ➜ Implicit dependency on target 'RCTSwiftUI' in project 'Pods' via options '-lRCTSwiftUI' in build setting 'OTHER_LDFLAGS'
        ➜ Implicit dependency on target 'RCTSwiftUIWrapper' in project 'Pods' via options '-lRCTSwiftUIWrapper' in build setting 'OTHER_LDFLAGS'
        ➜ Implicit dependency on target 'RCTTypeSafety' in project 'Pods' via options '-lRCTTypeSafety' in build setting 'OTHER_LDFLAGS'
        ➜ Implicit dependency on target 'React-Core' in project 'Pods' via options '-lReact-Core' in build setting 'OTHER_LDFLAGS'
        ➜ Implicit dependency on target 'React-CoreModules' in project 'Pods' via options '-lReact-CoreModules' in build setting 'OTHER_LDFLAGS'
        ➜ Implicit dependency on target 'React-Fabric' in project 'Pods' via options '-lReact-Fabric' in build setting 'OTHER_LDFLAGS'
        ➜ Implicit dependency on target 'React-FabricComponents' in project 'Pods' via options '-lReact-FabricComponents' in build setting 'OTHER_LDFLAGS'
        ➜ Implicit dependency on target 'React-FabricImage' in project 'Pods' via options '-lReact-FabricImage' in build setting 'OTHER_LDFLAGS'
        ➜ Implicit dependency on target 'React-ImageManager' in project 'Pods' via options '-lReact-ImageManager' in build setting 'OTHER_LDFLAGS'
        ➜ Implicit dependency on target 'React-Mapbuffer' in project 'Pods' via options '-lReact-Mapbuffer' in build setting 'OTHER_LDFLAGS'
        ➜ Implicit dependency on target 'React-NativeModulesApple' in project 'Pods' via options '-lReact-NativeModulesApple' in build setting 'OTHER_LDFLAGS'
        ➜ Implicit dependency on target 'React-RCTAnimation' in project 'Pods' via options '-lReact-RCTAnimation' in build setting 'OTHER_LDFLAGS'
        ➜ Implicit dependency on target 'React-RCTAppDelegate' in project 'Pods' via options '-lReact-RCTAppDelegate' in build setting 'OTHER_LDFLAGS'
        ➜ Implicit dependency on target 'React-RCTBlob' in project 'Pods' via options '-lReact-RCTBlob' in build setting 'OTHER_LDFLAGS'
        ➜ Implicit dependency on target 'React-RCTFBReactNativeSpec' in project 'Pods' via options '-lReact-RCTFBReactNativeSpec' in build setting 'OTHER_LDFLAGS'
        ➜ Implicit dependency on target 'React-RCTFabric' in project 'Pods' via options '-lReact-RCTFabric' in build setting 'OTHER_LDFLAGS'
        ➜ Implicit dependency on target 'React-RCTImage' in project 'Pods' via options '-lReact-RCTImage' in build setting 'OTHER_LDFLAGS'
        ➜ Implicit dependency on target 'React-RCTLinking' in project 'Pods' via options '-lReact-RCTLinking' in build setting 'OTHER_LDFLAGS'
        ➜ Implicit dependency on target 'React-RCTNetwork' in project 'Pods' via options '-lReact-RCTNetwork' in build setting 'OTHER_LDFLAGS'
        ➜ Implicit dependency on target 'React-RCTRuntime' in project 'Pods' via options '-lReact-RCTRuntime' in build setting 'OTHER_LDFLAGS'
        ➜ Implicit dependency on target 'React-RCTSettings' in project 'Pods' via options '-lReact-RCTSettings' in build setting 'OTHER_LDFLAGS'
        ➜ Implicit dependency on target 'React-RCTText' in project 'Pods' via options '-lReact-RCTText' in build setting 'OTHER_LDFLAGS'
        ➜ Implicit dependency on target 'React-RCTVibration' in project 'Pods' via options '-lReact-RCTVibration' in build setting 'OTHER_LDFLAGS'
        ➜ Implicit dependency on target 'React-RuntimeApple' in project 'Pods' via options '-lReact-RuntimeApple' in build setting 'OTHER_LDFLAGS'
        ➜ Implicit dependency on target 'React-RuntimeCore' in project 'Pods' via options '-lReact-RuntimeCore' in build setting 'OTHER_LDFLAGS'
        ➜ Implicit dependency on target 'React-RuntimeHermes' in project 'Pods' via options '-lReact-RuntimeHermes' in build setting 'OTHER_LDFLAGS'
        ➜ Implicit dependency on target 'React-cxxreact' in project 'Pods' via options '-lReact-cxxreact' in build setting 'OTHER_LDFLAGS'
        ➜ Implicit dependency on target 'React-debug' in project 'Pods' via options '-lReact-debug' in build setting 'OTHER_LDFLAGS'
        ➜ Implicit dependency on target 'React-defaultsnativemodule' in project 'Pods' via options '-lReact-defaultsnativemodule' in build setting 'OTHER_LDFLAGS'
        ➜ Implicit dependency on target 'React-domnativemodule' in project 'Pods' via options '-lReact-domnativemodule' in build setting 'OTHER_LDFLAGS'
        ➜ Implicit dependency on target 'React-featureflags' in project 'Pods' via options '-lReact-featureflags' in build setting 'OTHER_LDFLAGS'
        ➜ Implicit dependency on target 'React-featureflagsnativemodule' in project 'Pods' via options '-lReact-featureflagsnativemodule' in build setting 'OTHER_LDFLAGS'
        ➜ Implicit dependency on target 'React-graphics' in project 'Pods' via options '-lReact-graphics' in build setting 'OTHER_LDFLAGS'
        ➜ Implicit dependency on target 'React-hermes' in project 'Pods' via options '-lReact-hermes' in build setting 'OTHER_LDFLAGS'
        ➜ Implicit dependency on target 'React-idlecallbacksnativemodule' in project 'Pods' via options '-lReact-idlecallbacksnativemodule' in build setting 'OTHER_LDFLAGS'
        ➜ Implicit dependency on target 'React-intersectionobservernativemodule' in project 'Pods' via options '-lReact-intersectionobservernativemodule' in build setting 'OTHER_LDFLAGS'
        ➜ Implicit dependency on target 'React-jserrorhandler' in project 'Pods' via options '-lReact-jserrorhandler' in build setting 'OTHER_LDFLAGS'
        ➜ Implicit dependency on target 'React-jsi' in project 'Pods' via options '-lReact-jsi' in build setting 'OTHER_LDFLAGS'
        ➜ Implicit dependency on target 'React-jsiexecutor' in project 'Pods' via options '-lReact-jsiexecutor' in build setting 'OTHER_LDFLAGS'
        ➜ Implicit dependency on target 'React-jsinspector' in project 'Pods' via options '-lReact-jsinspector' in build setting 'OTHER_LDFLAGS'
        ➜ Implicit dependency on target 'React-jsinspectorcdp' in project 'Pods' via options '-lReact-jsinspectorcdp' in build setting 'OTHER_LDFLAGS'
        ➜ Implicit dependency on target 'React-jsinspectornetwork' in project 'Pods' via options '-lReact-jsinspectornetwork' in build setting 'OTHER_LDFLAGS'
        ➜ Implicit dependency on target 'React-jsinspectortracing' in project 'Pods' via options '-lReact-jsinspectortracing' in build setting 'OTHER_LDFLAGS'
        ➜ Implicit dependency on target 'React-jsitooling' in project 'Pods' via options '-lReact-jsitooling' in build setting 'OTHER_LDFLAGS'
        ➜ Implicit dependency on target 'React-logger' in project 'Pods' via options '-lReact-logger' in build setting 'OTHER_LDFLAGS'
        ➜ Implicit dependency on target 'React-microtasksnativemodule' in project 'Pods' via options '-lReact-microtasksnativemodule' in build setting 'OTHER_LDFLAGS'
        ➜ Implicit dependency on target 'React-networking' in project 'Pods' via options '-lReact-networking' in build setting 'OTHER_LDFLAGS'
        ➜ Implicit dependency on target 'React-oscompat' in project 'Pods' via options '-lReact-oscompat' in build setting 'OTHER_LDFLAGS'
        ➜ Implicit dependency on target 'React-perflogger' in project 'Pods' via options '-lReact-perflogger' in build setting 'OTHER_LDFLAGS'
        ➜ Implicit dependency on target 'React-performancecdpmetrics' in project 'Pods' via options '-lReact-performancecdpmetrics' in build setting 'OTHER_LDFLAGS'
        ➜ Implicit dependency on target 'React-performancetimeline' in project 'Pods' via options '-lReact-performancetimeline' in build setting 'OTHER_LDFLAGS'
        ➜ Implicit dependency on target 'React-rendererconsistency' in project 'Pods' via options '-lReact-rendererconsistency' in build setting 'OTHER_LDFLAGS'
        ➜ Implicit dependency on target 'React-renderercss' in project 'Pods' via options '-lReact-renderercss' in build setting 'OTHER_LDFLAGS'
        ➜ Implicit dependency on target 'React-rendererdebug' in project 'Pods' via options '-lReact-rendererdebug' in build setting 'OTHER_LDFLAGS'
        ➜ Implicit dependency on target 'React-runtimeexecutor' in project 'Pods' via options '-lReact-runtimeexecutor' in build setting 'OTHER_LDFLAGS'
        ➜ Implicit dependency on target 'React-runtimescheduler' in project 'Pods' via options '-lReact-runtimescheduler' in build setting 'OTHER_LDFLAGS'
        ➜ Implicit dependency on target 'React-utils' in project 'Pods' via options '-lReact-utils' in build setting 'OTHER_LDFLAGS'
        ➜ Implicit dependency on target 'React-webperformancenativemodule' in project 'Pods' via options '-lReact-webperformancenativemodule' in build setting 'OTHER_LDFLAGS'
        ➜ Implicit dependency on target 'ReactAppDependencyProvider' in project 'Pods' via options '-lReactAppDependencyProvider' in build setting 'OTHER_LDFLAGS'
        ➜ Implicit dependency on target 'ReactCodegen' in project 'Pods' via options '-lReactCodegen' in build setting 'OTHER_LDFLAGS'
        ➜ Implicit dependency on target 'ReactCommon' in project 'Pods' via options '-lReactCommon' in build setting 'OTHER_LDFLAGS'
        ➜ Implicit dependency on target 'SocketRocket' in project 'Pods' via options '-lSocketRocket' in build setting 'OTHER_LDFLAGS'
        ➜ Implicit dependency on target 'Yoga' in project 'Pods' via options '-lYoga' in build setting 'OTHER_LDFLAGS'
        ➜ Implicit dependency on target 'ccavenue-india-sdk-react-native' in project 'Pods' via options '-lccavenue-india-sdk-react-native' in build setting 'OTHER_LDFLAGS'
        ➜ Implicit dependency on target 'fmt' in project 'Pods' via options '-lfmt' in build setting 'OTHER_LDFLAGS'
        ➜ Implicit dependency on target 'glog' in project 'Pods' via options '-lglog' in build setting 'OTHER_LDFLAGS'
    Target 'Pods-CcavenueIndiaSdkReactNativeExample' in project 'Pods'
        ➜ Explicit dependency on target 'DoubleConversion' in project 'Pods'
        ➜ Explicit dependency on target 'FBLazyVector' in project 'Pods'
        ➜ Explicit dependency on target 'RCT-Folly' in project 'Pods'
        ➜ Explicit dependency on target 'RCTDeprecation' in project 'Pods'
        ➜ Explicit dependency on target 'RCTRequired' in project 'Pods'
        ➜ Explicit dependency on target 'RCTSwiftUI' in project 'Pods'
        ➜ Explicit dependency on target 'RCTSwiftUIWrapper' in project 'Pods'
        ➜ Explicit dependency on target 'RCTTypeSafety' in project 'Pods'
        ➜ Explicit dependency on target 'React' in project 'Pods'
        ➜ Explicit dependency on target 'React-Core' in project 'Pods'
        ➜ Explicit dependency on target 'React-CoreModules' in project 'Pods'
        ➜ Explicit dependency on target 'React-Fabric' in project 'Pods'
        ➜ Explicit dependency on target 'React-FabricComponents' in project 'Pods'
        ➜ Explicit dependency on target 'React-FabricImage' in project 'Pods'
        ➜ Explicit dependency on target 'React-ImageManager' in project 'Pods'
        ➜ Explicit dependency on target 'React-Mapbuffer' in project 'Pods'
        ➜ Explicit dependency on target 'React-NativeModulesApple' in project 'Pods'
        ➜ Explicit dependency on target 'React-RCTActionSheet' in project 'Pods'
        ➜ Explicit dependency on target 'React-RCTAnimation' in project 'Pods'
        ➜ Explicit dependency on target 'React-RCTAppDelegate' in project 'Pods'
        ➜ Explicit dependency on target 'React-RCTBlob' in project 'Pods'
        ➜ Explicit dependency on target 'React-RCTFBReactNativeSpec' in project 'Pods'
        ➜ Explicit dependency on target 'React-RCTFabric' in project 'Pods'
        ➜ Explicit dependency on target 'React-RCTImage' in project 'Pods'
        ➜ Explicit dependency on target 'React-RCTLinking' in project 'Pods'
        ➜ Explicit dependency on target 'React-RCTNetwork' in project 'Pods'
        ➜ Explicit dependency on target 'React-RCTRuntime' in project 'Pods'
        ➜ Explicit dependency on target 'React-RCTSettings' in project 'Pods'
        ➜ Explicit dependency on target 'React-RCTText' in project 'Pods'
        ➜ Explicit dependency on target 'React-RCTVibration' in project 'Pods'
        ➜ Explicit dependency on target 'React-RuntimeApple' in project 'Pods'
        ➜ Explicit dependency on target 'React-RuntimeCore' in project 'Pods'
        ➜ Explicit dependency on target 'React-RuntimeHermes' in project 'Pods'
        ➜ Explicit dependency on target 'React-callinvoker' in project 'Pods'
        ➜ Explicit dependency on target 'React-cxxreact' in project 'Pods'
        ➜ Explicit dependency on target 'React-debug' in project 'Pods'
        ➜ Explicit dependency on target 'React-defaultsnativemodule' in project 'Pods'
        ➜ Explicit dependency on target 'React-domnativemodule' in project 'Pods'
        ➜ Explicit dependency on target 'React-featureflags' in project 'Pods'
        ➜ Explicit dependency on target 'React-featureflagsnativemodule' in project 'Pods'
        ➜ Explicit dependency on target 'React-graphics' in project 'Pods'
        ➜ Explicit dependency on target 'React-hermes' in project 'Pods'
        ➜ Explicit dependency on target 'React-idlecallbacksnativemodule' in project 'Pods'
        ➜ Explicit dependency on target 'React-intersectionobservernativemodule' in project 'Pods'
        ➜ Explicit dependency on target 'React-jserrorhandler' in project 'Pods'
        ➜ Explicit dependency on target 'React-jsi' in project 'Pods'
        ➜ Explicit dependency on target 'React-jsiexecutor' in project 'Pods'
        ➜ Explicit dependency on target 'React-jsinspector' in project 'Pods'
        ➜ Explicit dependency on target 'React-jsinspectorcdp' in project 'Pods'
        ➜ Explicit dependency on target 'React-jsinspectornetwork' in project 'Pods'
        ➜ Explicit dependency on target 'React-jsinspectortracing' in project 'Pods'
        ➜ Explicit dependency on target 'React-jsitooling' in project 'Pods'
        ➜ Explicit dependency on target 'React-jsitracing' in project 'Pods'
        ➜ Explicit dependency on target 'React-logger' in project 'Pods'
        ➜ Explicit dependency on target 'React-microtasksnativemodule' in project 'Pods'
        ➜ Explicit dependency on target 'React-networking' in project 'Pods'
        ➜ Explicit dependency on target 'React-oscompat' in project 'Pods'
        ➜ Explicit dependency on target 'React-perflogger' in project 'Pods'
        ➜ Explicit dependency on target 'React-performancecdpmetrics' in project 'Pods'
        ➜ Explicit dependency on target 'React-performancetimeline' in project 'Pods'
        ➜ Explicit dependency on target 'React-rendererconsistency' in project 'Pods'
        ➜ Explicit dependency on target 'React-renderercss' in project 'Pods'
        ➜ Explicit dependency on target 'React-rendererdebug' in project 'Pods'
        ➜ Explicit dependency on target 'React-runtimeexecutor' in project 'Pods'
        ➜ Explicit dependency on target 'React-runtimescheduler' in project 'Pods'
        ➜ Explicit dependency on target 'React-timing' in project 'Pods'
        ➜ Explicit dependency on target 'React-utils' in project 'Pods'
        ➜ Explicit dependency on target 'React-webperformancenativemodule' in project 'Pods'
        ➜ Explicit dependency on target 'ReactAppDependencyProvider' in project 'Pods'
        ➜ Explicit dependency on target 'ReactCodegen' in project 'Pods'
        ➜ Explicit dependency on target 'ReactCommon' in project 'Pods'
        ➜ Explicit dependency on target 'SocketRocket' in project 'Pods'
        ➜ Explicit dependency on target 'Yoga' in project 'Pods'
        ➜ Explicit dependency on target 'boost' in project 'Pods'
        ➜ Explicit dependency on target 'ccavenue-india-sdk-react-native' in project 'Pods'
        ➜ Explicit dependency on target 'fast_float' in project 'Pods'
        ➜ Explicit dependency on target 'fmt' in project 'Pods'
        ➜ Explicit dependency on target 'glog' in project 'Pods'
        ➜ Explicit dependency on target 'hermes-engine' in project 'Pods'
    Target 'ccavenue-india-sdk-react-native' in project 'Pods'
        ➜ Explicit dependency on target 'DoubleConversion' in project 'Pods'
        ➜ Explicit dependency on target 'RCT-Folly' in project 'Pods'
        ➜ Explicit dependency on target 'RCTRequired' in project 'Pods'
        ➜ Explicit dependency on target 'RCTTypeSafety' in project 'Pods'
        ➜ Explicit dependency on target 'React-Core' in project 'Pods'
        ➜ Explicit dependency on target 'React-Fabric' in project 'Pods'
        ➜ Explicit dependency on target 'React-ImageManager' in project 'Pods'
        ➜ Explicit dependency on target 'React-NativeModulesApple' in project 'Pods'
        ➜ Explicit dependency on target 'React-RCTFabric' in project 'Pods'
        ➜ Explicit dependency on target 'React-debug' in project 'Pods'
        ➜ Explicit dependency on target 'React-featureflags' in project 'Pods'
        ➜ Explicit dependency on target 'React-graphics' in project 'Pods'
        ➜ Explicit dependency on target 'React-jsi' in project 'Pods'
        ➜ Explicit dependency on target 'React-renderercss' in project 'Pods'
        ➜ Explicit dependency on target 'React-rendererdebug' in project 'Pods'
        ➜ Explicit dependency on target 'React-utils' in project 'Pods'
        ➜ Explicit dependency on target 'ReactCodegen' in project 'Pods'
        ➜ Explicit dependency on target 'ReactCommon' in project 'Pods'
        ➜ Explicit dependency on target 'SocketRocket' in project 'Pods'
        ➜ Explicit dependency on target 'Yoga' in project 'Pods'
        ➜ Explicit dependency on target 'boost' in project 'Pods'
        ➜ Explicit dependency on target 'fast_float' in project 'Pods'
        ➜ Explicit dependency on target 'fmt' in project 'Pods'
        ➜ Explicit dependency on target 'glog' in project 'Pods'
        ➜ Explicit dependency on target 'hermes-engine' in project 'Pods'
    Target 'ReactAppDependencyProvider' in project 'Pods'
        ➜ Explicit dependency on target 'ReactCodegen' in project 'Pods'
    Target 'ReactCodegen' in project 'Pods'
        ➜ Explicit dependency on target 'DoubleConversion' in project 'Pods'
        ➜ Explicit dependency on target 'RCT-Folly' in project 'Pods'
        ➜ Explicit dependency on target 'RCTRequired' in project 'Pods'
        ➜ Explicit dependency on target 'RCTTypeSafety' in project 'Pods'
        ➜ Explicit dependency on target 'React-Core' in project 'Pods'
        ➜ Explicit dependency on target 'React-Fabric' in project 'Pods'
        ➜ Explicit dependency on target 'React-FabricImage' in project 'Pods'
        ➜ Explicit dependency on target 'React-NativeModulesApple' in project 'Pods'
        ➜ Explicit dependency on target 'React-RCTAppDelegate' in project 'Pods'
        ➜ Explicit dependency on target 'React-debug' in project 'Pods'
        ➜ Explicit dependency on target 'React-featureflags' in project 'Pods'
        ➜ Explicit dependency on target 'React-graphics' in project 'Pods'
        ➜ Explicit dependency on target 'React-jsi' in project 'Pods'
        ➜ Explicit dependency on target 'React-jsiexecutor' in project 'Pods'
        ➜ Explicit dependency on target 'React-rendererdebug' in project 'Pods'
        ➜ Explicit dependency on target 'React-utils' in project 'Pods'
        ➜ Explicit dependency on target 'ReactCommon' in project 'Pods'
        ➜ Explicit dependency on target 'SocketRocket' in project 'Pods'
        ➜ Explicit dependency on target 'boost' in project 'Pods'
        ➜ Explicit dependency on target 'fast_float' in project 'Pods'
        ➜ Explicit dependency on target 'fmt' in project 'Pods'
        ➜ Explicit dependency on target 'glog' in project 'Pods'
        ➜ Explicit dependency on target 'hermes-engine' in project 'Pods'
    Target 'React-RCTAppDelegate' in project 'Pods'
        ➜ Explicit dependency on target 'DoubleConversion' in project 'Pods'
        ➜ Explicit dependency on target 'RCT-Folly' in project 'Pods'
        ➜ Explicit dependency on target 'RCTRequired' in project 'Pods'
        ➜ Explicit dependency on target 'RCTTypeSafety' in project 'Pods'
        ➜ Explicit dependency on target 'React-Core' in project 'Pods'
        ➜ Explicit dependency on target 'React-CoreModules' in project 'Pods'
        ➜ Explicit dependency on target 'React-Fabric' in project 'Pods'
        ➜ Explicit dependency on target 'React-NativeModulesApple' in project 'Pods'
        ➜ Explicit dependency on target 'React-RCTFBReactNativeSpec' in project 'Pods'
        ➜ Explicit dependency on target 'React-RCTFabric' in project 'Pods'
        ➜ Explicit dependency on target 'React-RCTImage' in project 'Pods'
        ➜ Explicit dependency on target 'React-RCTNetwork' in project 'Pods'
        ➜ Explicit dependency on target 'React-RCTRuntime' in project 'Pods'
        ➜ Explicit dependency on target 'React-RuntimeApple' in project 'Pods'
        ➜ Explicit dependency on target 'React-RuntimeCore' in project 'Pods'
        ➜ Explicit dependency on target 'React-debug' in project 'Pods'
        ➜ Explicit dependency on target 'React-defaultsnativemodule' in project 'Pods'
        ➜ Explicit dependency on target 'React-featureflags' in project 'Pods'
        ➜ Explicit dependency on target 'React-graphics' in project 'Pods'
        ➜ Explicit dependency on target 'React-hermes' in project 'Pods'
        ➜ Explicit dependency on target 'React-jsitooling' in project 'Pods'
        ➜ Explicit dependency on target 'React-rendererdebug' in project 'Pods'
        ➜ Explicit dependency on target 'React-runtimeexecutor' in project 'Pods'
        ➜ Explicit dependency on target 'React-runtimescheduler' in project 'Pods'
        ➜ Explicit dependency on target 'React-utils' in project 'Pods'
        ➜ Explicit dependency on target 'ReactCommon' in project 'Pods'
        ➜ Explicit dependency on target 'SocketRocket' in project 'Pods'
        ➜ Explicit dependency on target 'boost' in project 'Pods'
        ➜ Explicit dependency on target 'fast_float' in project 'Pods'
        ➜ Explicit dependency on target 'fmt' in project 'Pods'
        ➜ Explicit dependency on target 'glog' in project 'Pods'
        ➜ Explicit dependency on target 'hermes-engine' in project 'Pods'
    Target 'React-defaultsnativemodule' in project 'Pods'
        ➜ Explicit dependency on target 'DoubleConversion' in project 'Pods'
        ➜ Explicit dependency on target 'RCT-Folly' in project 'Pods'
        ➜ Explicit dependency on target 'React-RCTFBReactNativeSpec' in project 'Pods'
        ➜ Explicit dependency on target 'React-domnativemodule' in project 'Pods'
        ➜ Explicit dependency on target 'React-featureflags' in project 'Pods'
        ➜ Explicit dependency on target 'React-featureflagsnativemodule' in project 'Pods'
        ➜ Explicit dependency on target 'React-idlecallbacksnativemodule' in project 'Pods'
        ➜ Explicit dependency on target 'React-intersectionobservernativemodule' in project 'Pods'
        ➜ Explicit dependency on target 'React-jsi' in project 'Pods'
        ➜ Explicit dependency on target 'React-jsiexecutor' in project 'Pods'
        ➜ Explicit dependency on target 'React-microtasksnativemodule' in project 'Pods'
        ➜ Explicit dependency on target 'React-webperformancenativemodule' in project 'Pods'
        ➜ Explicit dependency on target 'SocketRocket' in project 'Pods'
        ➜ Explicit dependency on target 'Yoga' in project 'Pods'
        ➜ Explicit dependency on target 'boost' in project 'Pods'
        ➜ Explicit dependency on target 'fast_float' in project 'Pods'
        ➜ Explicit dependency on target 'fmt' in project 'Pods'
        ➜ Explicit dependency on target 'glog' in project 'Pods'
        ➜ Explicit dependency on target 'hermes-engine' in project 'Pods'
    Target 'React-webperformancenativemodule' in project 'Pods'
        ➜ Explicit dependency on target 'DoubleConversion' in project 'Pods'
        ➜ Explicit dependency on target 'RCT-Folly' in project 'Pods'
        ➜ Explicit dependency on target 'React-RCTFBReactNativeSpec' in project 'Pods'
        ➜ Explicit dependency on target 'React-cxxreact' in project 'Pods'
        ➜ Explicit dependency on target 'React-jsi' in project 'Pods'
        ➜ Explicit dependency on target 'React-jsiexecutor' in project 'Pods'
        ➜ Explicit dependency on target 'React-performancetimeline' in project 'Pods'
        ➜ Explicit dependency on target 'React-runtimeexecutor' in project 'Pods'
        ➜ Explicit dependency on target 'ReactCommon' in project 'Pods'
        ➜ Explicit dependency on target 'SocketRocket' in project 'Pods'
        ➜ Explicit dependency on target 'boost' in project 'Pods'
        ➜ Explicit dependency on target 'fast_float' in project 'Pods'
        ➜ Explicit dependency on target 'fmt' in project 'Pods'
        ➜ Explicit dependency on target 'glog' in project 'Pods'
        ➜ Explicit dependency on target 'hermes-engine' in project 'Pods'
    Target 'React-microtasksnativemodule' in project 'Pods'
        ➜ Explicit dependency on target 'DoubleConversion' in project 'Pods'
        ➜ Explicit dependency on target 'RCT-Folly' in project 'Pods'
        ➜ Explicit dependency on target 'React-RCTFBReactNativeSpec' in project 'Pods'
        ➜ Explicit dependency on target 'React-jsi' in project 'Pods'
        ➜ Explicit dependency on target 'React-jsiexecutor' in project 'Pods'
        ➜ Explicit dependency on target 'ReactCommon' in project 'Pods'
        ➜ Explicit dependency on target 'SocketRocket' in project 'Pods'
        ➜ Explicit dependency on target 'boost' in project 'Pods'
        ➜ Explicit dependency on target 'fast_float' in project 'Pods'
        ➜ Explicit dependency on target 'fmt' in project 'Pods'
        ➜ Explicit dependency on target 'glog' in project 'Pods'
        ➜ Explicit dependency on target 'hermes-engine' in project 'Pods'
    Target 'React-intersectionobservernativemodule' in project 'Pods'
        ➜ Explicit dependency on target 'DoubleConversion' in project 'Pods'
        ➜ Explicit dependency on target 'RCT-Folly' in project 'Pods'
        ➜ Explicit dependency on target 'React-Fabric' in project 'Pods'
        ➜ Explicit dependency on target 'React-RCTFBReactNativeSpec' in project 'Pods'
        ➜ Explicit dependency on target 'React-cxxreact' in project 'Pods'
        ➜ Explicit dependency on target 'React-graphics' in project 'Pods'
        ➜ Explicit dependency on target 'React-jsi' in project 'Pods'
        ➜ Explicit dependency on target 'React-jsiexecutor' in project 'Pods'
        ➜ Explicit dependency on target 'React-runtimeexecutor' in project 'Pods'
        ➜ Explicit dependency on target 'React-runtimescheduler' in project 'Pods'
        ➜ Explicit dependency on target 'ReactCommon' in project 'Pods'
        ➜ Explicit dependency on target 'SocketRocket' in project 'Pods'
        ➜ Explicit dependency on target 'Yoga' in project 'Pods'
        ➜ Explicit dependency on target 'boost' in project 'Pods'
        ➜ Explicit dependency on target 'fast_float' in project 'Pods'
        ➜ Explicit dependency on target 'fmt' in project 'Pods'
        ➜ Explicit dependency on target 'glog' in project 'Pods'
        ➜ Explicit dependency on target 'hermes-engine' in project 'Pods'
    Target 'React-idlecallbacksnativemodule' in project 'Pods'
        ➜ Explicit dependency on target 'DoubleConversion' in project 'Pods'
        ➜ Explicit dependency on target 'RCT-Folly' in project 'Pods'
        ➜ Explicit dependency on target 'React-RCTFBReactNativeSpec' in project 'Pods'
        ➜ Explicit dependency on target 'React-jsi' in project 'Pods'
        ➜ Explicit dependency on target 'React-jsiexecutor' in project 'Pods'
        ➜ Explicit dependency on target 'React-runtimeexecutor' in project 'Pods'
        ➜ Explicit dependency on target 'React-runtimescheduler' in project 'Pods'
        ➜ Explicit dependency on target 'ReactCommon' in project 'Pods'
        ➜ Explicit dependency on target 'SocketRocket' in project 'Pods'
        ➜ Explicit dependency on target 'boost' in project 'Pods'
        ➜ Explicit dependency on target 'fast_float' in project 'Pods'
        ➜ Explicit dependency on target 'fmt' in project 'Pods'
        ➜ Explicit dependency on target 'glog' in project 'Pods'
        ➜ Explicit dependency on target 'hermes-engine' in project 'Pods'
    Target 'React-featureflagsnativemodule' in project 'Pods'
        ➜ Explicit dependency on target 'DoubleConversion' in project 'Pods'
        ➜ Explicit dependency on target 'RCT-Folly' in project 'Pods'
        ➜ Explicit dependency on target 'React-RCTFBReactNativeSpec' in project 'Pods'
        ➜ Explicit dependency on target 'React-featureflags' in project 'Pods'
        ➜ Explicit dependency on target 'React-jsi' in project 'Pods'
        ➜ Explicit dependency on target 'React-jsiexecutor' in project 'Pods'
        ➜ Explicit dependency on target 'ReactCommon' in project 'Pods'
        ➜ Explicit dependency on target 'SocketRocket' in project 'Pods'
        ➜ Explicit dependency on target 'boost' in project 'Pods'
        ➜ Explicit dependency on target 'fast_float' in project 'Pods'
        ➜ Explicit dependency on target 'fmt' in project 'Pods'
        ➜ Explicit dependency on target 'glog' in project 'Pods'
        ➜ Explicit dependency on target 'hermes-engine' in project 'Pods'
    Target 'React-domnativemodule' in project 'Pods'
        ➜ Explicit dependency on target 'DoubleConversion' in project 'Pods'
        ➜ Explicit dependency on target 'RCT-Folly' in project 'Pods'
        ➜ Explicit dependency on target 'React-Fabric' in project 'Pods'
        ➜ Explicit dependency on target 'React-FabricComponents' in project 'Pods'
        ➜ Explicit dependency on target 'React-RCTFBReactNativeSpec' in project 'Pods'
        ➜ Explicit dependency on target 'React-graphics' in project 'Pods'
        ➜ Explicit dependency on target 'React-jsi' in project 'Pods'
        ➜ Explicit dependency on target 'React-jsiexecutor' in project 'Pods'
        ➜ Explicit dependency on target 'React-runtimeexecutor' in project 'Pods'
        ➜ Explicit dependency on target 'ReactCommon' in project 'Pods'
        ➜ Explicit dependency on target 'SocketRocket' in project 'Pods'
        ➜ Explicit dependency on target 'Yoga' in project 'Pods'
        ➜ Explicit dependency on target 'boost' in project 'Pods'
        ➜ Explicit dependency on target 'fast_float' in project 'Pods'
        ➜ Explicit dependency on target 'fmt' in project 'Pods'
        ➜ Explicit dependency on target 'glog' in project 'Pods'
        ➜ Explicit dependency on target 'hermes-engine' in project 'Pods'
    Target 'React-RCTRuntime' in project 'Pods'
        ➜ Explicit dependency on target 'DoubleConversion' in project 'Pods'
        ➜ Explicit dependency on target 'RCT-Folly' in project 'Pods'
        ➜ Explicit dependency on target 'React-Core' in project 'Pods'
        ➜ Explicit dependency on target 'React-RuntimeApple' in project 'Pods'
        ➜ Explicit dependency on target 'React-RuntimeCore' in project 'Pods'
        ➜ Explicit dependency on target 'React-RuntimeHermes' in project 'Pods'
        ➜ Explicit dependency on target 'React-debug' in project 'Pods'
        ➜ Explicit dependency on target 'React-jsi' in project 'Pods'
        ➜ Explicit dependency on target 'React-jsinspector' in project 'Pods'
        ➜ Explicit dependency on target 'React-jsinspectorcdp' in project 'Pods'
        ➜ Explicit dependency on target 'React-jsinspectortracing' in project 'Pods'
        ➜ Explicit dependency on target 'React-jsitooling' in project 'Pods'
        ➜ Explicit dependency on target 'React-runtimeexecutor' in project 'Pods'
        ➜ Explicit dependency on target 'React-utils' in project 'Pods'
        ➜ Explicit dependency on target 'SocketRocket' in project 'Pods'
        ➜ Explicit dependency on target 'boost' in project 'Pods'
        ➜ Explicit dependency on target 'fast_float' in project 'Pods'
        ➜ Explicit dependency on target 'fmt' in project 'Pods'
        ➜ Explicit dependency on target 'glog' in project 'Pods'
        ➜ Explicit dependency on target 'hermes-engine' in project 'Pods'
    Target 'React-RuntimeApple' in project 'Pods'
        ➜ Explicit dependency on target 'DoubleConversion' in project 'Pods'
        ➜ Explicit dependency on target 'RCT-Folly' in project 'Pods'
        ➜ Explicit dependency on target 'React-Core' in project 'Pods'
        ➜ Explicit dependency on target 'React-CoreModules' in project 'Pods'
        ➜ Explicit dependency on target 'React-Mapbuffer' in project 'Pods'
        ➜ Explicit dependency on target 'React-NativeModulesApple' in project 'Pods'
        ➜ Explicit dependency on target 'React-RCTFBReactNativeSpec' in project 'Pods'
        ➜ Explicit dependency on target 'React-RCTFabric' in project 'Pods'
        ➜ Explicit dependency on target 'React-RuntimeCore' in project 'Pods'
        ➜ Explicit dependency on target 'React-RuntimeHermes' in project 'Pods'
        ➜ Explicit dependency on target 'React-callinvoker' in project 'Pods'
        ➜ Explicit dependency on target 'React-cxxreact' in project 'Pods'
        ➜ Explicit dependency on target 'React-featureflags' in project 'Pods'
        ➜ Explicit dependency on target 'React-jserrorhandler' in project 'Pods'
        ➜ Explicit dependency on target 'React-jsi' in project 'Pods'
        ➜ Explicit dependency on target 'React-jsiexecutor' in project 'Pods'
        ➜ Explicit dependency on target 'React-jsinspector' in project 'Pods'
        ➜ Explicit dependency on target 'React-jsitooling' in project 'Pods'
        ➜ Explicit dependency on target 'React-runtimeexecutor' in project 'Pods'
        ➜ Explicit dependency on target 'React-runtimescheduler' in project 'Pods'
        ➜ Explicit dependency on target 'React-utils' in project 'Pods'
        ➜ Explicit dependency on target 'SocketRocket' in project 'Pods'
        ➜ Explicit dependency on target 'boost' in project 'Pods'
        ➜ Explicit dependency on target 'fast_float' in project 'Pods'
        ➜ Explicit dependency on target 'fmt' in project 'Pods'
        ➜ Explicit dependency on target 'glog' in project 'Pods'
        ➜ Explicit dependency on target 'hermes-engine' in project 'Pods'
    Target 'React-RuntimeHermes' in project 'Pods'
        ➜ Explicit dependency on target 'DoubleConversion' in project 'Pods'
        ➜ Explicit dependency on target 'RCT-Folly' in project 'Pods'
        ➜ Explicit dependency on target 'React-RuntimeCore' in project 'Pods'
        ➜ Explicit dependency on target 'React-featureflags' in project 'Pods'
        ➜ Explicit dependency on target 'React-hermes' in project 'Pods'
        ➜ Explicit dependency on target 'React-jsi' in project 'Pods'
        ➜ Explicit dependency on target 'React-jsinspector' in project 'Pods'
        ➜ Explicit dependency on target 'React-jsinspectorcdp' in project 'Pods'
        ➜ Explicit dependency on target 'React-jsinspectortracing' in project 'Pods'
        ➜ Explicit dependency on target 'React-jsitooling' in project 'Pods'
        ➜ Explicit dependency on target 'React-jsitracing' in project 'Pods'
        ➜ Explicit dependency on target 'React-runtimeexecutor' in project 'Pods'
        ➜ Explicit dependency on target 'React-utils' in project 'Pods'
        ➜ Explicit dependency on target 'SocketRocket' in project 'Pods'
        ➜ Explicit dependency on target 'boost' in project 'Pods'
        ➜ Explicit dependency on target 'fast_float' in project 'Pods'
        ➜ Explicit dependency on target 'fmt' in project 'Pods'
        ➜ Explicit dependency on target 'glog' in project 'Pods'
        ➜ Explicit dependency on target 'hermes-engine' in project 'Pods'
    Target 'React-jsitracing' in project 'Pods'
        ➜ Explicit dependency on target 'React-jsi' in project 'Pods'
    Target 'React-RuntimeCore' in project 'Pods'
        ➜ Explicit dependency on target 'DoubleConversion' in project 'Pods'
        ➜ Explicit dependency on target 'RCT-Folly' in project 'Pods'
        ➜ Explicit dependency on target 'React-Fabric' in project 'Pods'
        ➜ Explicit dependency on target 'React-cxxreact' in project 'Pods'
        ➜ Explicit dependency on target 'React-featureflags' in project 'Pods'
        ➜ Explicit dependency on target 'React-jserrorhandler' in project 'Pods'
        ➜ Explicit dependency on target 'React-jsi' in project 'Pods'
        ➜ Explicit dependency on target 'React-jsiexecutor' in project 'Pods'
        ➜ Explicit dependency on target 'React-jsinspector' in project 'Pods'
        ➜ Explicit dependency on target 'React-jsitooling' in project 'Pods'
        ➜ Explicit dependency on target 'React-performancetimeline' in project 'Pods'
        ➜ Explicit dependency on target 'React-runtimeexecutor' in project 'Pods'
        ➜ Explicit dependency on target 'React-runtimescheduler' in project 'Pods'
        ➜ Explicit dependency on target 'React-utils' in project 'Pods'
        ➜ Explicit dependency on target 'SocketRocket' in project 'Pods'
        ➜ Explicit dependency on target 'boost' in project 'Pods'
        ➜ Explicit dependency on target 'fast_float' in project 'Pods'
        ➜ Explicit dependency on target 'fmt' in project 'Pods'
        ➜ Explicit dependency on target 'glog' in project 'Pods'
        ➜ Explicit dependency on target 'hermes-engine' in project 'Pods'
    Target 'React-jserrorhandler' in project 'Pods'
        ➜ Explicit dependency on target 'DoubleConversion' in project 'Pods'
        ➜ Explicit dependency on target 'RCT-Folly' in project 'Pods'
        ➜ Explicit dependency on target 'React-cxxreact' in project 'Pods'
        ➜ Explicit dependency on target 'React-debug' in project 'Pods'
        ➜ Explicit dependency on target 'React-featureflags' in project 'Pods'
        ➜ Explicit dependency on target 'React-jsi' in project 'Pods'
        ➜ Explicit dependency on target 'ReactCommon' in project 'Pods'
        ➜ Explicit dependency on target 'SocketRocket' in project 'Pods'
        ➜ Explicit dependency on target 'boost' in project 'Pods'
        ➜ Explicit dependency on target 'fast_float' in project 'Pods'
        ➜ Explicit dependency on target 'fmt' in project 'Pods'
        ➜ Explicit dependency on target 'glog' in project 'Pods'
        ➜ Explicit dependency on target 'hermes-engine' in project 'Pods'
    Target 'React-RCTFabric' in project 'Pods'
        ➜ Explicit dependency on target 'DoubleConversion' in project 'Pods'
        ➜ Explicit dependency on target 'RCT-Folly' in project 'Pods'
        ➜ Explicit dependency on target 'RCTSwiftUIWrapper' in project 'Pods'
        ➜ Explicit dependency on target 'React-Core' in project 'Pods'
        ➜ Explicit dependency on target 'React-Fabric' in project 'Pods'
        ➜ Explicit dependency on target 'React-FabricComponents' in project 'Pods'
        ➜ Explicit dependency on target 'React-FabricImage' in project 'Pods'
        ➜ Explicit dependency on target 'React-ImageManager' in project 'Pods'
        ➜ Explicit dependency on target 'React-RCTAnimation' in project 'Pods'
        ➜ Explicit dependency on target 'React-RCTFBReactNativeSpec' in project 'Pods'
        ➜ Explicit dependency on target 'React-RCTImage' in project 'Pods'
        ➜ Explicit dependency on target 'React-RCTText' in project 'Pods'
        ➜ Explicit dependency on target 'React-debug' in project 'Pods'
        ➜ Explicit dependency on target 'React-featureflags' in project 'Pods'
        ➜ Explicit dependency on target 'React-graphics' in project 'Pods'
        ➜ Explicit dependency on target 'React-jsi' in project 'Pods'
        ➜ Explicit dependency on target 'React-jsinspector' in project 'Pods'
        ➜ Explicit dependency on target 'React-jsinspectorcdp' in project 'Pods'
        ➜ Explicit dependency on target 'React-jsinspectortracing' in project 'Pods'
        ➜ Explicit dependency on target 'React-networking' in project 'Pods'
        ➜ Explicit dependency on target 'React-performancecdpmetrics' in project 'Pods'
        ➜ Explicit dependency on target 'React-performancetimeline' in project 'Pods'
        ➜ Explicit dependency on target 'React-rendererconsistency' in project 'Pods'
        ➜ Explicit dependency on target 'React-renderercss' in project 'Pods'
        ➜ Explicit dependency on target 'React-rendererdebug' in project 'Pods'
        ➜ Explicit dependency on target 'React-runtimeexecutor' in project 'Pods'
        ➜ Explicit dependency on target 'React-runtimescheduler' in project 'Pods'
        ➜ Explicit dependency on target 'React-utils' in project 'Pods'
        ➜ Explicit dependency on target 'SocketRocket' in project 'Pods'
        ➜ Explicit dependency on target 'Yoga' in project 'Pods'
        ➜ Explicit dependency on target 'boost' in project 'Pods'
        ➜ Explicit dependency on target 'fast_float' in project 'Pods'
        ➜ Explicit dependency on target 'fmt' in project 'Pods'
        ➜ Explicit dependency on target 'glog' in project 'Pods'
        ➜ Explicit dependency on target 'hermes-engine' in project 'Pods'
    Target 'React-Mapbuffer' in project 'Pods'
        ➜ Explicit dependency on target 'DoubleConversion' in project 'Pods'
        ➜ Explicit dependency on target 'RCT-Folly' in project 'Pods'
        ➜ Explicit dependency on target 'React-debug' in project 'Pods'
        ➜ Explicit dependency on target 'SocketRocket' in project 'Pods'
        ➜ Explicit dependency on target 'boost' in project 'Pods'
        ➜ Explicit dependency on target 'fast_float' in project 'Pods'
        ➜ Explicit dependency on target 'fmt' in project 'Pods'
        ➜ Explicit dependency on target 'glog' in project 'Pods'
    Target 'React-FabricImage' in project 'Pods'
        ➜ Explicit dependency on target 'DoubleConversion' in project 'Pods'
        ➜ Explicit dependency on target 'RCT-Folly' in project 'Pods'
        ➜ Explicit dependency on target 'RCTRequired' in project 'Pods'
        ➜ Explicit dependency on target 'RCTTypeSafety' in project 'Pods'
        ➜ Explicit dependency on target 'React-Fabric' in project 'Pods'
        ➜ Explicit dependency on target 'React-ImageManager' in project 'Pods'
        ➜ Explicit dependency on target 'React-featureflags' in project 'Pods'
        ➜ Explicit dependency on target 'React-graphics' in project 'Pods'
        ➜ Explicit dependency on target 'React-jsi' in project 'Pods'
        ➜ Explicit dependency on target 'React-jsiexecutor' in project 'Pods'
        ➜ Explicit dependency on target 'React-logger' in project 'Pods'
        ➜ Explicit dependency on target 'React-rendererdebug' in project 'Pods'
        ➜ Explicit dependency on target 'React-utils' in project 'Pods'
        ➜ Explicit dependency on target 'ReactCommon' in project 'Pods'
        ➜ Explicit dependency on target 'SocketRocket' in project 'Pods'
        ➜ Explicit dependency on target 'Yoga' in project 'Pods'
        ➜ Explicit dependency on target 'boost' in project 'Pods'
        ➜ Explicit dependency on target 'fast_float' in project 'Pods'
        ➜ Explicit dependency on target 'fmt' in project 'Pods'
        ➜ Explicit dependency on target 'glog' in project 'Pods'
        ➜ Explicit dependency on target 'hermes-engine' in project 'Pods'
    Target 'React-ImageManager' in project 'Pods'
        ➜ Explicit dependency on target 'DoubleConversion' in project 'Pods'
        ➜ Explicit dependency on target 'RCT-Folly' in project 'Pods'
        ➜ Explicit dependency on target 'React-Core' in project 'Pods'
        ➜ Explicit dependency on target 'React-Fabric' in project 'Pods'
        ➜ Explicit dependency on target 'React-debug' in project 'Pods'
        ➜ Explicit dependency on target 'React-graphics' in project 'Pods'
        ➜ Explicit dependency on target 'React-rendererdebug' in project 'Pods'
        ➜ Explicit dependency on target 'React-utils' in project 'Pods'
        ➜ Explicit dependency on target 'SocketRocket' in project 'Pods'
        ➜ Explicit dependency on target 'boost' in project 'Pods'
        ➜ Explicit dependency on target 'fast_float' in project 'Pods'
        ➜ Explicit dependency on target 'fmt' in project 'Pods'
        ➜ Explicit dependency on target 'glog' in project 'Pods'
    Target 'React-FabricComponents' in project 'Pods'
        ➜ Explicit dependency on target 'DoubleConversion' in project 'Pods'
        ➜ Explicit dependency on target 'RCT-Folly' in project 'Pods'
        ➜ Explicit dependency on target 'RCTRequired' in project 'Pods'
        ➜ Explicit dependency on target 'RCTTypeSafety' in project 'Pods'
        ➜ Explicit dependency on target 'React-Core' in project 'Pods'
        ➜ Explicit dependency on target 'React-Fabric' in project 'Pods'
        ➜ Explicit dependency on target 'React-RCTFBReactNativeSpec' in project 'Pods'
        ➜ Explicit dependency on target 'React-cxxreact' in project 'Pods'
        ➜ Explicit dependency on target 'React-debug' in project 'Pods'
        ➜ Explicit dependency on target 'React-featureflags' in project 'Pods'
        ➜ Explicit dependency on target 'React-graphics' in project 'Pods'
        ➜ Explicit dependency on target 'React-jsi' in project 'Pods'
        ➜ Explicit dependency on target 'React-jsiexecutor' in project 'Pods'
        ➜ Explicit dependency on target 'React-logger' in project 'Pods'
        ➜ Explicit dependency on target 'React-rendererdebug' in project 'Pods'
        ➜ Explicit dependency on target 'React-runtimescheduler' in project 'Pods'
        ➜ Explicit dependency on target 'React-utils' in project 'Pods'
        ➜ Explicit dependency on target 'ReactCommon' in project 'Pods'
        ➜ Explicit dependency on target 'SocketRocket' in project 'Pods'
        ➜ Explicit dependency on target 'Yoga' in project 'Pods'
        ➜ Explicit dependency on target 'boost' in project 'Pods'
        ➜ Explicit dependency on target 'fast_float' in project 'Pods'
        ➜ Explicit dependency on target 'fmt' in project 'Pods'
        ➜ Explicit dependency on target 'glog' in project 'Pods'
        ➜ Explicit dependency on target 'hermes-engine' in project 'Pods'
    Target 'React-CoreModules' in project 'Pods'
        ➜ Explicit dependency on target 'DoubleConversion' in project 'Pods'
        ➜ Explicit dependency on target 'RCT-Folly' in project 'Pods'
        ➜ Explicit dependency on target 'RCTTypeSafety' in project 'Pods'
        ➜ Explicit dependency on target 'React-Core' in project 'Pods'
        ➜ Explicit dependency on target 'React-NativeModulesApple' in project 'Pods'
        ➜ Explicit dependency on target 'React-RCTBlob' in project 'Pods'
        ➜ Explicit dependency on target 'React-RCTFBReactNativeSpec' in project 'Pods'
        ➜ Explicit dependency on target 'React-RCTImage' in project 'Pods'
        ➜ Explicit dependency on target 'React-debug' in project 'Pods'
        ➜ Explicit dependency on target 'React-jsi' in project 'Pods'
        ➜ Explicit dependency on target 'React-jsinspector' in project 'Pods'
        ➜ Explicit dependency on target 'React-jsinspectorcdp' in project 'Pods'
        ➜ Explicit dependency on target 'React-jsinspectortracing' in project 'Pods'
        ➜ Explicit dependency on target 'React-runtimeexecutor' in project 'Pods'
        ➜ Explicit dependency on target 'React-utils' in project 'Pods'
        ➜ Explicit dependency on target 'ReactCommon' in project 'Pods'
        ➜ Explicit dependency on target 'SocketRocket' in project 'Pods'
        ➜ Explicit dependency on target 'boost' in project 'Pods'
        ➜ Explicit dependency on target 'fast_float' in project 'Pods'
        ➜ Explicit dependency on target 'fmt' in project 'Pods'
        ➜ Explicit dependency on target 'glog' in project 'Pods'
    Target 'React' in project 'Pods'
        ➜ Explicit dependency on target 'React-Core' in project 'Pods'
        ➜ Explicit dependency on target 'React-RCTActionSheet' in project 'Pods'
        ➜ Explicit dependency on target 'React-RCTAnimation' in project 'Pods'
        ➜ Explicit dependency on target 'React-RCTBlob' in project 'Pods'
        ➜ Explicit dependency on target 'React-RCTImage' in project 'Pods'
        ➜ Explicit dependency on target 'React-RCTLinking' in project 'Pods'
        ➜ Explicit dependency on target 'React-RCTNetwork' in project 'Pods'
        ➜ Explicit dependency on target 'React-RCTSettings' in project 'Pods'
        ➜ Explicit dependency on target 'React-RCTText' in project 'Pods'
        ➜ Explicit dependency on target 'React-RCTVibration' in project 'Pods'
    Target 'React-RCTVibration' in project 'Pods'
        ➜ Explicit dependency on target 'DoubleConversion' in project 'Pods'
        ➜ Explicit dependency on target 'RCT-Folly' in project 'Pods'
        ➜ Explicit dependency on target 'React-Core' in project 'Pods'
        ➜ Explicit dependency on target 'React-NativeModulesApple' in project 'Pods'
        ➜ Explicit dependency on target 'React-RCTFBReactNativeSpec' in project 'Pods'
        ➜ Explicit dependency on target 'React-jsi' in project 'Pods'
        ➜ Explicit dependency on target 'ReactCommon' in project 'Pods'
        ➜ Explicit dependency on target 'SocketRocket' in project 'Pods'
        ➜ Explicit dependency on target 'boost' in project 'Pods'
        ➜ Explicit dependency on target 'fast_float' in project 'Pods'
        ➜ Explicit dependency on target 'fmt' in project 'Pods'
        ➜ Explicit dependency on target 'glog' in project 'Pods'
    Target 'React-RCTText' in project 'Pods'
        ➜ Explicit dependency on target 'React-Core' in project 'Pods'
        ➜ Explicit dependency on target 'Yoga' in project 'Pods'
    Target 'React-RCTSettings' in project 'Pods'
        ➜ Explicit dependency on target 'DoubleConversion' in project 'Pods'
        ➜ Explicit dependency on target 'RCT-Folly' in project 'Pods'
        ➜ Explicit dependency on target 'RCTTypeSafety' in project 'Pods'
        ➜ Explicit dependency on target 'React-Core' in project 'Pods'
        ➜ Explicit dependency on target 'React-NativeModulesApple' in project 'Pods'
        ➜ Explicit dependency on target 'React-RCTFBReactNativeSpec' in project 'Pods'
        ➜ Explicit dependency on target 'React-jsi' in project 'Pods'
        ➜ Explicit dependency on target 'ReactCommon' in project 'Pods'
        ➜ Explicit dependency on target 'SocketRocket' in project 'Pods'
        ➜ Explicit dependency on target 'boost' in project 'Pods'
        ➜ Explicit dependency on target 'fast_float' in project 'Pods'
        ➜ Explicit dependency on target 'fmt' in project 'Pods'
        ➜ Explicit dependency on target 'glog' in project 'Pods'
    Target 'React-RCTLinking' in project 'Pods'
        ➜ Explicit dependency on target 'React-Core' in project 'Pods'
        ➜ Explicit dependency on target 'React-NativeModulesApple' in project 'Pods'
        ➜ Explicit dependency on target 'React-RCTFBReactNativeSpec' in project 'Pods'
        ➜ Explicit dependency on target 'React-jsi' in project 'Pods'
        ➜ Explicit dependency on target 'ReactCommon' in project 'Pods'
    Target 'React-RCTImage' in project 'Pods'
        ➜ Explicit dependency on target 'DoubleConversion' in project 'Pods'
        ➜ Explicit dependency on target 'RCT-Folly' in project 'Pods'
        ➜ Explicit dependency on target 'RCTTypeSafety' in project 'Pods'
        ➜ Explicit dependency on target 'React-Core' in project 'Pods'
        ➜ Explicit dependency on target 'React-NativeModulesApple' in project 'Pods'
        ➜ Explicit dependency on target 'React-RCTFBReactNativeSpec' in project 'Pods'
        ➜ Explicit dependency on target 'React-RCTNetwork' in project 'Pods'
        ➜ Explicit dependency on target 'React-jsi' in project 'Pods'
        ➜ Explicit dependency on target 'ReactCommon' in project 'Pods'
        ➜ Explicit dependency on target 'SocketRocket' in project 'Pods'
        ➜ Explicit dependency on target 'boost' in project 'Pods'
        ➜ Explicit dependency on target 'fast_float' in project 'Pods'
        ➜ Explicit dependency on target 'fmt' in project 'Pods'
        ➜ Explicit dependency on target 'glog' in project 'Pods'
    Target 'React-RCTBlob' in project 'Pods'
        ➜ Explicit dependency on target 'DoubleConversion' in project 'Pods'
        ➜ Explicit dependency on target 'RCT-Folly' in project 'Pods'
        ➜ Explicit dependency on target 'React-Core' in project 'Pods'
        ➜ Explicit dependency on target 'React-NativeModulesApple' in project 'Pods'
        ➜ Explicit dependency on target 'React-RCTFBReactNativeSpec' in project 'Pods'
        ➜ Explicit dependency on target 'React-RCTNetwork' in project 'Pods'
        ➜ Explicit dependency on target 'React-jsi' in project 'Pods'
        ➜ Explicit dependency on target 'React-jsinspector' in project 'Pods'
        ➜ Explicit dependency on target 'React-jsinspectorcdp' in project 'Pods'
        ➜ Explicit dependency on target 'ReactCommon' in project 'Pods'
        ➜ Explicit dependency on target 'SocketRocket' in project 'Pods'
        ➜ Explicit dependency on target 'boost' in project 'Pods'
        ➜ Explicit dependency on target 'fast_float' in project 'Pods'
        ➜ Explicit dependency on target 'fmt' in project 'Pods'
        ➜ Explicit dependency on target 'glog' in project 'Pods'
        ➜ Explicit dependency on target 'hermes-engine' in project 'Pods'
    Target 'React-RCTNetwork' in project 'Pods'
        ➜ Explicit dependency on target 'DoubleConversion' in project 'Pods'
        ➜ Explicit dependency on target 'RCT-Folly' in project 'Pods'
        ➜ Explicit dependency on target 'RCTTypeSafety' in project 'Pods'
        ➜ Explicit dependency on target 'React-Core' in project 'Pods'
        ➜ Explicit dependency on target 'React-NativeModulesApple' in project 'Pods'
        ➜ Explicit dependency on target 'React-RCTFBReactNativeSpec' in project 'Pods'
        ➜ Explicit dependency on target 'React-debug' in project 'Pods'
        ➜ Explicit dependency on target 'React-featureflags' in project 'Pods'
        ➜ Explicit dependency on target 'React-jsi' in project 'Pods'
        ➜ Explicit dependency on target 'React-jsinspectorcdp' in project 'Pods'
        ➜ Explicit dependency on target 'React-jsinspectornetwork' in project 'Pods'
        ➜ Explicit dependency on target 'React-networking' in project 'Pods'
        ➜ Explicit dependency on target 'ReactCommon' in project 'Pods'
        ➜ Explicit dependency on target 'SocketRocket' in project 'Pods'
        ➜ Explicit dependency on target 'boost' in project 'Pods'
        ➜ Explicit dependency on target 'fast_float' in project 'Pods'
        ➜ Explicit dependency on target 'fmt' in project 'Pods'
        ➜ Explicit dependency on target 'glog' in project 'Pods'
    Target 'React-networking' in project 'Pods'
        ➜ Explicit dependency on target 'DoubleConversion' in project 'Pods'
        ➜ Explicit dependency on target 'RCT-Folly' in project 'Pods'
        ➜ Explicit dependency on target 'React-featureflags' in project 'Pods'
        ➜ Explicit dependency on target 'React-jsinspectornetwork' in project 'Pods'
        ➜ Explicit dependency on target 'React-jsinspectortracing' in project 'Pods'
        ➜ Explicit dependency on target 'React-performancetimeline' in project 'Pods'
        ➜ Explicit dependency on target 'React-timing' in project 'Pods'
        ➜ Explicit dependency on target 'SocketRocket' in project 'Pods'
        ➜ Explicit dependency on target 'boost' in project 'Pods'
        ➜ Explicit dependency on target 'fast_float' in project 'Pods'
        ➜ Explicit dependency on target 'fmt' in project 'Pods'
        ➜ Explicit dependency on target 'glog' in project 'Pods'
    Target 'React-RCTAnimation' in project 'Pods'
        ➜ Explicit dependency on target 'DoubleConversion' in project 'Pods'
        ➜ Explicit dependency on target 'RCT-Folly' in project 'Pods'
        ➜ Explicit dependency on target 'RCTTypeSafety' in project 'Pods'
        ➜ Explicit dependency on target 'React-Core' in project 'Pods'
        ➜ Explicit dependency on target 'React-NativeModulesApple' in project 'Pods'
        ➜ Explicit dependency on target 'React-RCTFBReactNativeSpec' in project 'Pods'
        ➜ Explicit dependency on target 'React-featureflags' in project 'Pods'
        ➜ Explicit dependency on target 'React-jsi' in project 'Pods'
        ➜ Explicit dependency on target 'ReactCommon' in project 'Pods'
        ➜ Explicit dependency on target 'SocketRocket' in project 'Pods'
        ➜ Explicit dependency on target 'boost' in project 'Pods'
        ➜ Explicit dependency on target 'fast_float' in project 'Pods'
        ➜ Explicit dependency on target 'fmt' in project 'Pods'
        ➜ Explicit dependency on target 'glog' in project 'Pods'
    Target 'React-RCTFBReactNativeSpec' in project 'Pods'
        ➜ Explicit dependency on target 'DoubleConversion' in project 'Pods'
        ➜ Explicit dependency on target 'RCT-Folly' in project 'Pods'
        ➜ Explicit dependency on target 'RCTRequired' in project 'Pods'
        ➜ Explicit dependency on target 'RCTTypeSafety' in project 'Pods'
        ➜ Explicit dependency on target 'React-Core' in project 'Pods'
        ➜ Explicit dependency on target 'React-Fabric' in project 'Pods'
        ➜ Explicit dependency on target 'React-NativeModulesApple' in project 'Pods'
        ➜ Explicit dependency on target 'React-debug' in project 'Pods'
        ➜ Explicit dependency on target 'React-featureflags' in project 'Pods'
        ➜ Explicit dependency on target 'React-graphics' in project 'Pods'
        ➜ Explicit dependency on target 'React-jsi' in project 'Pods'
        ➜ Explicit dependency on target 'React-rendererdebug' in project 'Pods'
        ➜ Explicit dependency on target 'React-utils' in project 'Pods'
        ➜ Explicit dependency on target 'ReactCommon' in project 'Pods'
        ➜ Explicit dependency on target 'SocketRocket' in project 'Pods'
        ➜ Explicit dependency on target 'Yoga' in project 'Pods'
        ➜ Explicit dependency on target 'boost' in project 'Pods'
        ➜ Explicit dependency on target 'fast_float' in project 'Pods'
        ➜ Explicit dependency on target 'fmt' in project 'Pods'
        ➜ Explicit dependency on target 'glog' in project 'Pods'
        ➜ Explicit dependency on target 'hermes-engine' in project 'Pods'
    Target 'React-Fabric' in project 'Pods'
        ➜ Explicit dependency on target 'DoubleConversion' in project 'Pods'
        ➜ Explicit dependency on target 'RCT-Folly' in project 'Pods'
        ➜ Explicit dependency on target 'RCTRequired' in project 'Pods'
        ➜ Explicit dependency on target 'RCTTypeSafety' in project 'Pods'
        ➜ Explicit dependency on target 'React-Core' in project 'Pods'
        ➜ Explicit dependency on target 'React-cxxreact' in project 'Pods'
        ➜ Explicit dependency on target 'React-debug' in project 'Pods'
        ➜ Explicit dependency on target 'React-featureflags' in project 'Pods'
        ➜ Explicit dependency on target 'React-graphics' in project 'Pods'
        ➜ Explicit dependency on target 'React-jsi' in project 'Pods'
        ➜ Explicit dependency on target 'React-jsiexecutor' in project 'Pods'
        ➜ Explicit dependency on target 'React-logger' in project 'Pods'
        ➜ Explicit dependency on target 'React-performancecdpmetrics' in project 'Pods'
        ➜ Explicit dependency on target 'React-performancetimeline' in project 'Pods'
        ➜ Explicit dependency on target 'React-rendererconsistency' in project 'Pods'
        ➜ Explicit dependency on target 'React-renderercss' in project 'Pods'
        ➜ Explicit dependency on target 'React-rendererdebug' in project 'Pods'
        ➜ Explicit dependency on target 'React-runtimeexecutor' in project 'Pods'
        ➜ Explicit dependency on target 'React-runtimescheduler' in project 'Pods'
        ➜ Explicit dependency on target 'React-utils' in project 'Pods'
        ➜ Explicit dependency on target 'ReactCommon' in project 'Pods'
        ➜ Explicit dependency on target 'SocketRocket' in project 'Pods'
        ➜ Explicit dependency on target 'Yoga' in project 'Pods'
        ➜ Explicit dependency on target 'boost' in project 'Pods'
        ➜ Explicit dependency on target 'fast_float' in project 'Pods'
        ➜ Explicit dependency on target 'fmt' in project 'Pods'
        ➜ Explicit dependency on target 'glog' in project 'Pods'
        ➜ Explicit dependency on target 'hermes-engine' in project 'Pods'
    Target 'React-renderercss' in project 'Pods'
        ➜ Explicit dependency on target 'React-debug' in project 'Pods'
        ➜ Explicit dependency on target 'React-utils' in project 'Pods'
    Target 'React-performancecdpmetrics' in project 'Pods'
        ➜ Explicit dependency on target 'DoubleConversion' in project 'Pods'
        ➜ Explicit dependency on target 'RCT-Folly' in project 'Pods'
        ➜ Explicit dependency on target 'React-jsi' in project 'Pods'
        ➜ Explicit dependency on target 'React-performancetimeline' in project 'Pods'
        ➜ Explicit dependency on target 'React-runtimeexecutor' in project 'Pods'
        ➜ Explicit dependency on target 'React-timing' in project 'Pods'
        ➜ Explicit dependency on target 'SocketRocket' in project 'Pods'
        ➜ Explicit dependency on target 'boost' in project 'Pods'
        ➜ Explicit dependency on target 'fast_float' in project 'Pods'
        ➜ Explicit dependency on target 'fmt' in project 'Pods'
        ➜ Explicit dependency on target 'glog' in project 'Pods'
        ➜ Explicit dependency on target 'hermes-engine' in project 'Pods'
    Target 'React-graphics' in project 'Pods'
        ➜ Explicit dependency on target 'DoubleConversion' in project 'Pods'
        ➜ Explicit dependency on target 'RCT-Folly' in project 'Pods'
        ➜ Explicit dependency on target 'React-jsi' in project 'Pods'
        ➜ Explicit dependency on target 'React-jsiexecutor' in project 'Pods'
        ➜ Explicit dependency on target 'React-utils' in project 'Pods'
        ➜ Explicit dependency on target 'SocketRocket' in project 'Pods'
        ➜ Explicit dependency on target 'boost' in project 'Pods'
        ➜ Explicit dependency on target 'fast_float' in project 'Pods'
        ➜ Explicit dependency on target 'fmt' in project 'Pods'
        ➜ Explicit dependency on target 'glog' in project 'Pods'
        ➜ Explicit dependency on target 'hermes-engine' in project 'Pods'
    Target 'React-NativeModulesApple' in project 'Pods'
        ➜ Explicit dependency on target 'DoubleConversion' in project 'Pods'
        ➜ Explicit dependency on target 'RCT-Folly' in project 'Pods'
        ➜ Explicit dependency on target 'React-Core' in project 'Pods'
        ➜ Explicit dependency on target 'React-callinvoker' in project 'Pods'
        ➜ Explicit dependency on target 'React-cxxreact' in project 'Pods'
        ➜ Explicit dependency on target 'React-debug' in project 'Pods'
        ➜ Explicit dependency on target 'React-featureflags' in project 'Pods'
        ➜ Explicit dependency on target 'React-jsi' in project 'Pods'
        ➜ Explicit dependency on target 'React-jsinspector' in project 'Pods'
        ➜ Explicit dependency on target 'React-jsinspectorcdp' in project 'Pods'
        ➜ Explicit dependency on target 'React-runtimeexecutor' in project 'Pods'
        ➜ Explicit dependency on target 'ReactCommon' in project 'Pods'
        ➜ Explicit dependency on target 'SocketRocket' in project 'Pods'
        ➜ Explicit dependency on target 'boost' in project 'Pods'
        ➜ Explicit dependency on target 'fast_float' in project 'Pods'
        ➜ Explicit dependency on target 'fmt' in project 'Pods'
        ➜ Explicit dependency on target 'glog' in project 'Pods'
        ➜ Explicit dependency on target 'hermes-engine' in project 'Pods'
    Target 'ReactCommon' in project 'Pods'
        ➜ Explicit dependency on target 'DoubleConversion' in project 'Pods'
        ➜ Explicit dependency on target 'RCT-Folly' in project 'Pods'
        ➜ Explicit dependency on target 'React-callinvoker' in project 'Pods'
        ➜ Explicit dependency on target 'React-cxxreact' in project 'Pods'
        ➜ Explicit dependency on target 'React-debug' in project 'Pods'
        ➜ Explicit dependency on target 'React-featureflags' in project 'Pods'
        ➜ Explicit dependency on target 'React-jsi' in project 'Pods'
        ➜ Explicit dependency on target 'React-logger' in project 'Pods'
        ➜ Explicit dependency on target 'React-perflogger' in project 'Pods'
        ➜ Explicit dependency on target 'React-utils' in project 'Pods'
        ➜ Explicit dependency on target 'SocketRocket' in project 'Pods'
        ➜ Explicit dependency on target 'boost' in project 'Pods'
        ➜ Explicit dependency on target 'fast_float' in project 'Pods'
        ➜ Explicit dependency on target 'fmt' in project 'Pods'
        ➜ Explicit dependency on target 'glog' in project 'Pods'
        ➜ Explicit dependency on target 'hermes-engine' in project 'Pods'
    Target 'React-RCTActionSheet' in project 'Pods'
        ➜ Explicit dependency on target 'React-Core' in project 'Pods'
    Target 'RCTTypeSafety' in project 'Pods'
        ➜ Explicit dependency on target 'FBLazyVector' in project 'Pods'
        ➜ Explicit dependency on target 'RCTRequired' in project 'Pods'
        ➜ Explicit dependency on target 'React-Core' in project 'Pods'
    Target 'React-Core' in project 'Pods'
        ➜ Explicit dependency on target 'DoubleConversion' in project 'Pods'
        ➜ Explicit dependency on target 'RCT-Folly' in project 'Pods'
        ➜ Explicit dependency on target 'RCTDeprecation' in project 'Pods'
        ➜ Explicit dependency on target 'React-Core-React-Core_privacy' in project 'Pods'
        ➜ Explicit dependency on target 'React-cxxreact' in project 'Pods'
        ➜ Explicit dependency on target 'React-featureflags' in project 'Pods'
        ➜ Explicit dependency on target 'React-hermes' in project 'Pods'
        ➜ Explicit dependency on target 'React-jsi' in project 'Pods'
        ➜ Explicit dependency on target 'React-jsiexecutor' in project 'Pods'
        ➜ Explicit dependency on target 'React-jsinspector' in project 'Pods'
        ➜ Explicit dependency on target 'React-jsinspectorcdp' in project 'Pods'
        ➜ Explicit dependency on target 'React-jsitooling' in project 'Pods'
        ➜ Explicit dependency on target 'React-perflogger' in project 'Pods'
        ➜ Explicit dependency on target 'React-runtimeexecutor' in project 'Pods'
        ➜ Explicit dependency on target 'React-runtimescheduler' in project 'Pods'
        ➜ Explicit dependency on target 'React-utils' in project 'Pods'
        ➜ Explicit dependency on target 'SocketRocket' in project 'Pods'
        ➜ Explicit dependency on target 'Yoga' in project 'Pods'
        ➜ Explicit dependency on target 'boost' in project 'Pods'
        ➜ Explicit dependency on target 'fast_float' in project 'Pods'
        ➜ Explicit dependency on target 'fmt' in project 'Pods'
        ➜ Explicit dependency on target 'glog' in project 'Pods'
        ➜ Explicit dependency on target 'hermes-engine' in project 'Pods'
    Target 'Yoga' in project 'Pods' (no dependencies)
    Target 'React-runtimescheduler' in project 'Pods'
        ➜ Explicit dependency on target 'DoubleConversion' in project 'Pods'
        ➜ Explicit dependency on target 'RCT-Folly' in project 'Pods'
        ➜ Explicit dependency on target 'React-callinvoker' in project 'Pods'
        ➜ Explicit dependency on target 'React-cxxreact' in project 'Pods'
        ➜ Explicit dependency on target 'React-debug' in project 'Pods'
        ➜ Explicit dependency on target 'React-featureflags' in project 'Pods'
        ➜ Explicit dependency on target 'React-jsi' in project 'Pods'
        ➜ Explicit dependency on target 'React-jsinspectortracing' in project 'Pods'
        ➜ Explicit dependency on target 'React-performancetimeline' in project 'Pods'
        ➜ Explicit dependency on target 'React-rendererconsistency' in project 'Pods'
        ➜ Explicit dependency on target 'React-rendererdebug' in project 'Pods'
        ➜ Explicit dependency on target 'React-runtimeexecutor' in project 'Pods'
        ➜ Explicit dependency on target 'React-timing' in project 'Pods'
        ➜ Explicit dependency on target 'React-utils' in project 'Pods'
        ➜ Explicit dependency on target 'SocketRocket' in project 'Pods'
        ➜ Explicit dependency on target 'boost' in project 'Pods'
        ➜ Explicit dependency on target 'fast_float' in project 'Pods'
        ➜ Explicit dependency on target 'fmt' in project 'Pods'
        ➜ Explicit dependency on target 'glog' in project 'Pods'
        ➜ Explicit dependency on target 'hermes-engine' in project 'Pods'
    Target 'React-rendererdebug' in project 'Pods'
        ➜ Explicit dependency on target 'DoubleConversion' in project 'Pods'
        ➜ Explicit dependency on target 'RCT-Folly' in project 'Pods'
        ➜ Explicit dependency on target 'React-debug' in project 'Pods'
        ➜ Explicit dependency on target 'SocketRocket' in project 'Pods'
        ➜ Explicit dependency on target 'boost' in project 'Pods'
        ➜ Explicit dependency on target 'fast_float' in project 'Pods'
        ➜ Explicit dependency on target 'fmt' in project 'Pods'
        ➜ Explicit dependency on target 'glog' in project 'Pods'
    Target 'React-rendererconsistency' in project 'Pods' (no dependencies)
    Target 'React-performancetimeline' in project 'Pods'
        ➜ Explicit dependency on target 'DoubleConversion' in project 'Pods'
        ➜ Explicit dependency on target 'RCT-Folly' in project 'Pods'
        ➜ Explicit dependency on target 'React-featureflags' in project 'Pods'
        ➜ Explicit dependency on target 'React-jsinspectortracing' in project 'Pods'
        ➜ Explicit dependency on target 'React-perflogger' in project 'Pods'
        ➜ Explicit dependency on target 'React-timing' in project 'Pods'
        ➜ Explicit dependency on target 'SocketRocket' in project 'Pods'
        ➜ Explicit dependency on target 'boost' in project 'Pods'
        ➜ Explicit dependency on target 'fast_float' in project 'Pods'
        ➜ Explicit dependency on target 'fmt' in project 'Pods'
        ➜ Explicit dependency on target 'glog' in project 'Pods'
    Target 'React-jsitooling' in project 'Pods'
        ➜ Explicit dependency on target 'DoubleConversion' in project 'Pods'
        ➜ Explicit dependency on target 'RCT-Folly' in project 'Pods'
        ➜ Explicit dependency on target 'React-cxxreact' in project 'Pods'
        ➜ Explicit dependency on target 'React-debug' in project 'Pods'
        ➜ Explicit dependency on target 'React-jsi' in project 'Pods'
        ➜ Explicit dependency on target 'React-jsinspector' in project 'Pods'
        ➜ Explicit dependency on target 'React-jsinspectorcdp' in project 'Pods'
        ➜ Explicit dependency on target 'React-jsinspectortracing' in project 'Pods'
        ➜ Explicit dependency on target 'React-runtimeexecutor' in project 'Pods'
        ➜ Explicit dependency on target 'React-utils' in project 'Pods'
        ➜ Explicit dependency on target 'SocketRocket' in project 'Pods'
        ➜ Explicit dependency on target 'boost' in project 'Pods'
        ➜ Explicit dependency on target 'fast_float' in project 'Pods'
        ➜ Explicit dependency on target 'fmt' in project 'Pods'
        ➜ Explicit dependency on target 'glog' in project 'Pods'
    Target 'React-hermes' in project 'Pods'
        ➜ Explicit dependency on target 'DoubleConversion' in project 'Pods'
        ➜ Explicit dependency on target 'RCT-Folly' in project 'Pods'
        ➜ Explicit dependency on target 'React-cxxreact' in project 'Pods'
        ➜ Explicit dependency on target 'React-jsi' in project 'Pods'
        ➜ Explicit dependency on target 'React-jsiexecutor' in project 'Pods'
        ➜ Explicit dependency on target 'React-jsinspector' in project 'Pods'
        ➜ Explicit dependency on target 'React-jsinspectorcdp' in project 'Pods'
        ➜ Explicit dependency on target 'React-jsinspectortracing' in project 'Pods'
        ➜ Explicit dependency on target 'React-oscompat' in project 'Pods'
        ➜ Explicit dependency on target 'React-perflogger' in project 'Pods'
        ➜ Explicit dependency on target 'React-runtimeexecutor' in project 'Pods'
        ➜ Explicit dependency on target 'SocketRocket' in project 'Pods'
        ➜ Explicit dependency on target 'boost' in project 'Pods'
        ➜ Explicit dependency on target 'fast_float' in project 'Pods'
        ➜ Explicit dependency on target 'fmt' in project 'Pods'
        ➜ Explicit dependency on target 'glog' in project 'Pods'
        ➜ Explicit dependency on target 'hermes-engine' in project 'Pods'
    Target 'React-jsiexecutor' in project 'Pods'
        ➜ Explicit dependency on target 'DoubleConversion' in project 'Pods'
        ➜ Explicit dependency on target 'RCT-Folly' in project 'Pods'
        ➜ Explicit dependency on target 'React-cxxreact' in project 'Pods'
        ➜ Explicit dependency on target 'React-debug' in project 'Pods'
        ➜ Explicit dependency on target 'React-jsi' in project 'Pods'
        ➜ Explicit dependency on target 'React-jsinspector' in project 'Pods'
        ➜ Explicit dependency on target 'React-jsinspectorcdp' in project 'Pods'
        ➜ Explicit dependency on target 'React-jsinspectortracing' in project 'Pods'
        ➜ Explicit dependency on target 'React-perflogger' in project 'Pods'
        ➜ Explicit dependency on target 'React-runtimeexecutor' in project 'Pods'
        ➜ Explicit dependency on target 'React-utils' in project 'Pods'
        ➜ Explicit dependency on target 'SocketRocket' in project 'Pods'
        ➜ Explicit dependency on target 'boost' in project 'Pods'
        ➜ Explicit dependency on target 'fast_float' in project 'Pods'
        ➜ Explicit dependency on target 'fmt' in project 'Pods'
        ➜ Explicit dependency on target 'glog' in project 'Pods'
        ➜ Explicit dependency on target 'hermes-engine' in project 'Pods'
    Target 'React-cxxreact' in project 'Pods'
        ➜ Explicit dependency on target 'DoubleConversion' in project 'Pods'
        ➜ Explicit dependency on target 'RCT-Folly' in project 'Pods'
        ➜ Explicit dependency on target 'React-callinvoker' in project 'Pods'
        ➜ Explicit dependency on target 'React-cxxreact-React-cxxreact_privacy' in project 'Pods'
        ➜ Explicit dependency on target 'React-debug' in project 'Pods'
        ➜ Explicit dependency on target 'React-jsi' in project 'Pods'
        ➜ Explicit dependency on target 'React-jsinspector' in project 'Pods'
        ➜ Explicit dependency on target 'React-jsinspectorcdp' in project 'Pods'
        ➜ Explicit dependency on target 'React-jsinspectortracing' in project 'Pods'
        ➜ Explicit dependency on target 'React-logger' in project 'Pods'
        ➜ Explicit dependency on target 'React-perflogger' in project 'Pods'
        ➜ Explicit dependency on target 'React-runtimeexecutor' in project 'Pods'
        ➜ Explicit dependency on target 'React-timing' in project 'Pods'
        ➜ Explicit dependency on target 'React-utils' in project 'Pods'
        ➜ Explicit dependency on target 'SocketRocket' in project 'Pods'
        ➜ Explicit dependency on target 'boost' in project 'Pods'
        ➜ Explicit dependency on target 'fast_float' in project 'Pods'
        ➜ Explicit dependency on target 'fmt' in project 'Pods'
        ➜ Explicit dependency on target 'glog' in project 'Pods'
        ➜ Explicit dependency on target 'hermes-engine' in project 'Pods'
    Target 'React-logger' in project 'Pods'
        ➜ Explicit dependency on target 'DoubleConversion' in project 'Pods'
        ➜ Explicit dependency on target 'RCT-Folly' in project 'Pods'
        ➜ Explicit dependency on target 'SocketRocket' in project 'Pods'
        ➜ Explicit dependency on target 'boost' in project 'Pods'
        ➜ Explicit dependency on target 'fast_float' in project 'Pods'
        ➜ Explicit dependency on target 'fmt' in project 'Pods'
        ➜ Explicit dependency on target 'glog' in project 'Pods'
    Target 'React-jsinspector' in project 'Pods'
        ➜ Explicit dependency on target 'DoubleConversion' in project 'Pods'
        ➜ Explicit dependency on target 'RCT-Folly' in project 'Pods'
        ➜ Explicit dependency on target 'React-featureflags' in project 'Pods'
        ➜ Explicit dependency on target 'React-jsi' in project 'Pods'
        ➜ Explicit dependency on target 'React-jsinspectorcdp' in project 'Pods'
        ➜ Explicit dependency on target 'React-jsinspectornetwork' in project 'Pods'
        ➜ Explicit dependency on target 'React-jsinspectortracing' in project 'Pods'
        ➜ Explicit dependency on target 'React-oscompat' in project 'Pods'
        ➜ Explicit dependency on target 'React-perflogger' in project 'Pods'
        ➜ Explicit dependency on target 'React-runtimeexecutor' in project 'Pods'
        ➜ Explicit dependency on target 'React-utils' in project 'Pods'
        ➜ Explicit dependency on target 'SocketRocket' in project 'Pods'
        ➜ Explicit dependency on target 'boost' in project 'Pods'
        ➜ Explicit dependency on target 'fast_float' in project 'Pods'
        ➜ Explicit dependency on target 'fmt' in project 'Pods'
        ➜ Explicit dependency on target 'glog' in project 'Pods'
        ➜ Explicit dependency on target 'hermes-engine' in project 'Pods'
    Target 'React-runtimeexecutor' in project 'Pods'
        ➜ Explicit dependency on target 'DoubleConversion' in project 'Pods'
        ➜ Explicit dependency on target 'RCT-Folly' in project 'Pods'
        ➜ Explicit dependency on target 'React-debug' in project 'Pods'
        ➜ Explicit dependency on target 'React-featureflags' in project 'Pods'
        ➜ Explicit dependency on target 'React-jsi' in project 'Pods'
        ➜ Explicit dependency on target 'React-utils' in project 'Pods'
        ➜ Explicit dependency on target 'SocketRocket' in project 'Pods'
        ➜ Explicit dependency on target 'boost' in project 'Pods'
        ➜ Explicit dependency on target 'fast_float' in project 'Pods'
        ➜ Explicit dependency on target 'fmt' in project 'Pods'
        ➜ Explicit dependency on target 'glog' in project 'Pods'
    Target 'React-utils' in project 'Pods'
        ➜ Explicit dependency on target 'DoubleConversion' in project 'Pods'
        ➜ Explicit dependency on target 'RCT-Folly' in project 'Pods'
        ➜ Explicit dependency on target 'React-debug' in project 'Pods'
        ➜ Explicit dependency on target 'React-jsi' in project 'Pods'
        ➜ Explicit dependency on target 'SocketRocket' in project 'Pods'
        ➜ Explicit dependency on target 'boost' in project 'Pods'
        ➜ Explicit dependency on target 'fast_float' in project 'Pods'
        ➜ Explicit dependency on target 'fmt' in project 'Pods'
        ➜ Explicit dependency on target 'glog' in project 'Pods'
        ➜ Explicit dependency on target 'hermes-engine' in project 'Pods'
    Target 'React-perflogger' in project 'Pods'
        ➜ Explicit dependency on target 'DoubleConversion' in project 'Pods'
        ➜ Explicit dependency on target 'RCT-Folly' in project 'Pods'
        ➜ Explicit dependency on target 'SocketRocket' in project 'Pods'
        ➜ Explicit dependency on target 'boost' in project 'Pods'
        ➜ Explicit dependency on target 'fast_float' in project 'Pods'
        ➜ Explicit dependency on target 'fmt' in project 'Pods'
        ➜ Explicit dependency on target 'glog' in project 'Pods'
    Target 'React-jsinspectortracing' in project 'Pods'
        ➜ Explicit dependency on target 'DoubleConversion' in project 'Pods'
        ➜ Explicit dependency on target 'RCT-Folly' in project 'Pods'
        ➜ Explicit dependency on target 'React-jsi' in project 'Pods'
        ➜ Explicit dependency on target 'React-jsinspectornetwork' in project 'Pods'
        ➜ Explicit dependency on target 'React-oscompat' in project 'Pods'
        ➜ Explicit dependency on target 'React-timing' in project 'Pods'
        ➜ Explicit dependency on target 'SocketRocket' in project 'Pods'
        ➜ Explicit dependency on target 'boost' in project 'Pods'
        ➜ Explicit dependency on target 'fast_float' in project 'Pods'
        ➜ Explicit dependency on target 'fmt' in project 'Pods'
        ➜ Explicit dependency on target 'glog' in project 'Pods'
        ➜ Explicit dependency on target 'hermes-engine' in project 'Pods'
    Target 'React-timing' in project 'Pods'
        ➜ Explicit dependency on target 'React-debug' in project 'Pods'
    Target 'React-oscompat' in project 'Pods' (no dependencies)
    Target 'React-jsinspectornetwork' in project 'Pods'
        ➜ Explicit dependency on target 'DoubleConversion' in project 'Pods'
        ➜ Explicit dependency on target 'RCT-Folly' in project 'Pods'
        ➜ Explicit dependency on target 'React-jsinspectorcdp' in project 'Pods'
        ➜ Explicit dependency on target 'SocketRocket' in project 'Pods'
        ➜ Explicit dependency on target 'boost' in project 'Pods'
        ➜ Explicit dependency on target 'fast_float' in project 'Pods'
        ➜ Explicit dependency on target 'fmt' in project 'Pods'
        ➜ Explicit dependency on target 'glog' in project 'Pods'
    Target 'React-jsinspectorcdp' in project 'Pods'
        ➜ Explicit dependency on target 'DoubleConversion' in project 'Pods'
        ➜ Explicit dependency on target 'RCT-Folly' in project 'Pods'
        ➜ Explicit dependency on target 'SocketRocket' in project 'Pods'
        ➜ Explicit dependency on target 'boost' in project 'Pods'
        ➜ Explicit dependency on target 'fast_float' in project 'Pods'
        ➜ Explicit dependency on target 'fmt' in project 'Pods'
        ➜ Explicit dependency on target 'glog' in project 'Pods'
    Target 'React-featureflags' in project 'Pods'
        ➜ Explicit dependency on target 'DoubleConversion' in project 'Pods'
        ➜ Explicit dependency on target 'RCT-Folly' in project 'Pods'
        ➜ Explicit dependency on target 'SocketRocket' in project 'Pods'
        ➜ Explicit dependency on target 'boost' in project 'Pods'
        ➜ Explicit dependency on target 'fast_float' in project 'Pods'
        ➜ Explicit dependency on target 'fmt' in project 'Pods'
        ➜ Explicit dependency on target 'glog' in project 'Pods'
    Target 'React-jsi' in project 'Pods'
        ➜ Explicit dependency on target 'DoubleConversion' in project 'Pods'
        ➜ Explicit dependency on target 'RCT-Folly' in project 'Pods'
        ➜ Explicit dependency on target 'SocketRocket' in project 'Pods'
        ➜ Explicit dependency on target 'boost' in project 'Pods'
        ➜ Explicit dependency on target 'fast_float' in project 'Pods'
        ➜ Explicit dependency on target 'fmt' in project 'Pods'
        ➜ Explicit dependency on target 'glog' in project 'Pods'
        ➜ Explicit dependency on target 'hermes-engine' in project 'Pods'
    Target 'hermes-engine' in project 'Pods' (no dependencies)
    Target 'SocketRocket' in project 'Pods' (no dependencies)
    Target 'React-debug' in project 'Pods' (no dependencies)
    Target 'React-cxxreact-React-cxxreact_privacy' in project 'Pods' (no dependencies)
    Target 'React-callinvoker' in project 'Pods' (no dependencies)
    Target 'React-Core-React-Core_privacy' in project 'Pods' (no dependencies)
    Target 'RCTSwiftUIWrapper' in project 'Pods'
        ➜ Explicit dependency on target 'RCTSwiftUI' in project 'Pods'
    Target 'RCTSwiftUI' in project 'Pods' (no dependencies)
    Target 'RCTRequired' in project 'Pods' (no dependencies)
    Target 'RCTDeprecation' in project 'Pods' (no dependencies)
    Target 'RCT-Folly' in project 'Pods'
        ➜ Explicit dependency on target 'DoubleConversion' in project 'Pods'
        ➜ Explicit dependency on target 'RCT-Folly-RCT-Folly_privacy' in project 'Pods'
        ➜ Explicit dependency on target 'boost' in project 'Pods'
        ➜ Explicit dependency on target 'fast_float' in project 'Pods'
        ➜ Explicit dependency on target 'fmt' in project 'Pods'
        ➜ Explicit dependency on target 'glog' in project 'Pods'
    Target 'glog' in project 'Pods'
        ➜ Explicit dependency on target 'glog-glog_privacy' in project 'Pods'
    Target 'glog-glog_privacy' in project 'Pods' (no dependencies)
    Target 'fmt' in project 'Pods' (no dependencies)
    Target 'fast_float' in project 'Pods' (no dependencies)
    Target 'boost' in project 'Pods'
        ➜ Explicit dependency on target 'boost-boost_privacy' in project 'Pods'
    Target 'boost-boost_privacy' in project 'Pods' (no dependencies)
    Target 'RCT-Folly-RCT-Folly_privacy' in project 'Pods' (no dependencies)
    Target 'FBLazyVector' in project 'Pods' (no dependencies)
    Target 'DoubleConversion' in project 'Pods' (no dependencies)

GatherProvisioningInputs

CreateBuildDescription

ExecuteExternalTool /Applications/Xcode.app/Contents/Developer/Toolchains/XcodeDefault.xctoolchain/usr/bin/clang -v -E -dM -arch arm64 -isysroot /Applications/Xcode.app/Contents/Developer/Platforms/iPhoneOS.platform/Developer/SDKs/iPhoneOS26.2.sdk -x c++ -c /dev/null

ExecuteExternalTool /Applications/Xcode.app/Contents/Developer/Toolchains/XcodeDefault.xctoolchain/usr/bin/clang -v -E -dM -arch arm64 -isysroot /Applications/Xcode.app/Contents/Developer/Platforms/iPhoneOS.platform/Developer/SDKs/iPhoneOS26.2.sdk -x objective-c -c /dev/null

ExecuteExternalTool /Applications/Xcode.app/Contents/Developer/Toolchains/XcodeDefault.xctoolchain/usr/bin/clang -v -E -dM -isysroot /Applications/Xcode.app/Contents/Developer/Platforms/iPhoneOS.platform/Developer/SDKs/iPhoneOS26.2.sdk -x c -c /dev/null

ExecuteExternalTool /Applications/Xcode.app/Contents/Developer/Toolchains/XcodeDefault.xctoolchain/usr/bin/clang -v -E -dM -arch arm64 -isysroot /Applications/Xcode.app/Contents/Developer/Platforms/iPhoneOS.platform/Developer/SDKs/iPhoneOS26.2.sdk -x objective-c++ -c /dev/null

ExecuteExternalTool /Applications/Xcode.app/Contents/Developer/Toolchains/XcodeDefault.xctoolchain/usr/bin/clang -v -E -dM -arch arm64 -isysroot /Applications/Xcode.app/Contents/Developer/Platforms/iPhoneOS.platform/Developer/SDKs/iPhoneOS26.2.sdk -x c -c /dev/null

ExecuteExternalTool /Applications/Xcode.app/Contents/Developer/Toolchains/XcodeDefault.xctoolchain/usr/bin/swiftc --version

ExecuteExternalTool /Applications/Xcode.app/Contents/Developer/Toolchains/XcodeDefault.xctoolchain/usr/bin/libtool -V

ExecuteExternalTool /Applications/Xcode.app/Contents/Developer/usr/bin/ibtool --version --output-format xml1

ExecuteExternalTool /Applications/Xcode.app/Contents/Developer/usr/bin/actool --print-asset-tag-combinations --output-format xml1 /Users/prathamesh/StudioProjects/ccavenue-india-sdk-react-native/example/ios/CcavenueIndiaSdkReactNativeExample/Images.xcassets

ExecuteExternalTool /Applications/Xcode.app/Contents/Developer/Toolchains/XcodeDefault.xctoolchain/usr/bin/clang -v -E -dM -arch arm64 -isysroot /Applications/Xcode.app/Contents/Developer/Platforms/iPhoneOS.platform/Developer/SDKs/iPhoneOS26.2.sdk -x assembler-with-cpp -c /dev/null

ExecuteExternalTool /Applications/Xcode.app/Contents/Developer/usr/bin/actool --version --output-format xml1

ExecuteExternalTool /Applications/Xcode.app/Contents/Developer/Toolchains/XcodeDefault.xctoolchain/usr/bin/ld -version_details

Build description signature: c35fc99401afb12f1c96abd72c53bdb8
Build description path: /Users/prathamesh/Library/Developer/Xcode/DerivedData/CCAvenueIndiaSdkReactNativeExample-dmeqaxpselaggkfhomgslbamujbl/Build/Intermediates.noindex/XCBuildData/c35fc99401afb12f1c96abd72c53bdb8.xcbuilddata
ClangStatCache /Applications/Xcode.app/Contents/Developer/Toolchains/XcodeDefault.xctoolchain/usr/bin/clang-stat-cache /Applications/Xcode.app/Contents/Developer/Platforms/iPhoneOS.platform/Developer/SDKs/iPhoneOS26.2.sdk /Users/prathamesh/Library/Developer/Xcode/DerivedData/SDKStatCaches.noindex/iphoneos26.2-23C53-3794476bd08197c3e2abd9bb477ef7f7.sdkstatcache
    cd /Users/prathamesh/StudioProjects/ccavenue-india-sdk-react-native/example/ios
    /Applications/Xcode.app/Contents/Developer/Toolchains/XcodeDefault.xctoolchain/usr/bin/clang-stat-cache /Applications/Xcode.app/Contents/Developer/Platforms/iPhoneOS.platform/Developer/SDKs/iPhoneOS26.2.sdk -o /Users/prathamesh/Library/Developer/Xcode/DerivedData/SDKStatCaches.noindex/iphoneos26.2-23C53-3794476bd08197c3e2abd9bb477ef7f7.sdkstatcache

CreateBuildDirectory /Users/prathamesh/Library/Developer/Xcode/DerivedData/CCAvenueIndiaSdkReactNativeExample-dmeqaxpselaggkfhomgslbamujbl/Build/Products/Debug-iphoneos/fast_float
    cd /Users/prathamesh/StudioProjects/ccavenue-india-sdk-react-native/example/ios
    builtin-create-build-directory /Users/prathamesh/Library/Developer/Xcode/DerivedData/CCAvenueIndiaSdkReactNativeExample-dmeqaxpselaggkfhomgslbamujbl/Build/Products/Debug-iphoneos/fast_float

CreateBuildDirectory /Users/prathamesh/Library/Developer/Xcode/DerivedData/CCAvenueIndiaSdkReactNativeExample-dmeqaxpselaggkfhomgslbamujbl/Build/Products/Debug-iphoneos/hermes-engine
    cd /Users/prathamesh/StudioProjects/ccavenue-india-sdk-react-native/example/ios
    builtin-create-build-directory /Users/prathamesh/Library/Developer/Xcode/DerivedData/CCAvenueIndiaSdkReactNativeExample-dmeqaxpselaggkfhomgslbamujbl/Build/Products/Debug-iphoneos/hermes-engine

WriteAuxiliaryFile /Users/prathamesh/Library/Developer/Xcode/DerivedData/CCAvenueIndiaSdkReactNativeExample-dmeqaxpselaggkfhomgslbamujbl/Build/Intermediates.noindex/CcavenueIndiaSdkReactNativeExample.build/Debug-iphoneos/CcavenueIndiaSdkReactNativeExample-f4d0f83ddeebca4fac7f81a26516de9b-VFS-iphoneos/all-product-headers.yaml
    cd /Users/prathamesh/StudioProjects/ccavenue-india-sdk-react-native/example/ios
    write-file /Users/prathamesh/Library/Developer/Xcode/DerivedData/CCAvenueIndiaSdkReactNativeExample-dmeqaxpselaggkfhomgslbamujbl/Build/Intermediates.noindex/CcavenueIndiaSdkReactNativeExample.build/Debug-iphoneos/CcavenueIndiaSdkReactNativeExample-f4d0f83ddeebca4fac7f81a26516de9b-VFS-iphoneos/all-product-headers.yaml

CreateBuildDirectory /Users/prathamesh/Library/Developer/Xcode/DerivedData/CCAvenueIndiaSdkReactNativeExample-dmeqaxpselaggkfhomgslbamujbl/Build/Products/Debug-iphoneos/boost
    cd /Users/prathamesh/StudioProjects/ccavenue-india-sdk-react-native/example/ios
    builtin-create-build-directory /Users/prathamesh/Library/Developer/Xcode/DerivedData/CCAvenueIndiaSdkReactNativeExample-dmeqaxpselaggkfhomgslbamujbl/Build/Products/Debug-iphoneos/boost

CreateBuildDirectory /Users/prathamesh/Library/Developer/Xcode/DerivedData/CCAvenueIndiaSdkReactNativeExample-dmeqaxpselaggkfhomgslbamujbl/Build/Products/Debug-iphoneos/React-jsitracing
    cd /Users/prathamesh/StudioProjects/ccavenue-india-sdk-react-native/example/ios
    builtin-create-build-directory /Users/prathamesh/Library/Developer/Xcode/DerivedData/CCAvenueIndiaSdkReactNativeExample-dmeqaxpselaggkfhomgslbamujbl/Build/Products/Debug-iphoneos/React-jsitracing

CreateBuildDirectory /Users/prathamesh/Library/Developer/Xcode/DerivedData/CCAvenueIndiaSdkReactNativeExample-dmeqaxpselaggkfhomgslbamujbl/Build/Products/Debug-iphoneos/React-timing
    cd /Users/prathamesh/StudioProjects/ccavenue-india-sdk-react-native/example/ios
    builtin-create-build-directory /Users/prathamesh/Library/Developer/Xcode/DerivedData/CCAvenueIndiaSdkReactNativeExample-dmeqaxpselaggkfhomgslbamujbl/Build/Products/Debug-iphoneos/React-timing

CreateBuildDirectory /Users/prathamesh/Library/Developer/Xcode/DerivedData/CCAvenueIndiaSdkReactNativeExample-dmeqaxpselaggkfhomgslbamujbl/Build/Products/Debug-iphoneos/React-jsinspectornetwork
    cd /Users/prathamesh/StudioProjects/ccavenue-india-sdk-react-native/example/ios
    builtin-create-build-directory /Users/prathamesh/Library/Developer/Xcode/DerivedData/CCAvenueIndiaSdkReactNativeExample-dmeqaxpselaggkfhomgslbamujbl/Build/Products/Debug-iphoneos/React-jsinspectornetwork

CreateBuildDirectory /Users/prathamesh/Library/Developer/Xcode/DerivedData/CCAvenueIndiaSdkReactNativeExample-dmeqaxpselaggkfhomgslbamujbl/Build/Products/Debug-iphoneos/glog
    cd /Users/prathamesh/StudioProjects/ccavenue-india-sdk-react-native/example/ios
    builtin-create-build-directory /Users/prathamesh/Library/Developer/Xcode/DerivedData/CCAvenueIndiaSdkReactNativeExample-dmeqaxpselaggkfhomgslbamujbl/Build/Products/Debug-iphoneos/glog

CreateBuildDirectory /Users/prathamesh/Library/Developer/Xcode/DerivedData/CCAvenueIndiaSdkReactNativeExample-dmeqaxpselaggkfhomgslbamujbl/Build/Products/Debug-iphoneos/fmt
    cd /Users/prathamesh/StudioProjects/ccavenue-india-sdk-react-native/example/ios
    builtin-create-build-directory /Users/prathamesh/Library/Developer/Xcode/DerivedData/CCAvenueIndiaSdkReactNativeExample-dmeqaxpselaggkfhomgslbamujbl/Build/Products/Debug-iphoneos/fmt

CreateBuildDirectory /Users/prathamesh/Library/Developer/Xcode/DerivedData/CCAvenueIndiaSdkReactNativeExample-dmeqaxpselaggkfhomgslbamujbl/Build/Products/Debug-iphoneos/ccavenue-india-sdk-react-native
    cd /Users/prathamesh/StudioProjects/ccavenue-india-sdk-react-native/example/ios
    builtin-create-build-directory /Users/prathamesh/Library/Developer/Xcode/DerivedData/CCAvenueIndiaSdkReactNativeExample-dmeqaxpselaggkfhomgslbamujbl/Build/Products/Debug-iphoneos/ccavenue-india-sdk-react-native

CreateBuildDirectory /Users/prathamesh/Library/Developer/Xcode/DerivedData/CCAvenueIndiaSdkReactNativeExample-dmeqaxpselaggkfhomgslbamujbl/Build/Products/Debug-iphoneos/Yoga
    cd /Users/prathamesh/StudioProjects/ccavenue-india-sdk-react-native/example/ios
    builtin-create-build-directory /Users/prathamesh/Library/Developer/Xcode/DerivedData/CCAvenueIndiaSdkReactNativeExample-dmeqaxpselaggkfhomgslbamujbl/Build/Products/Debug-iphoneos/Yoga

CreateBuildDirectory /Users/prathamesh/Library/Developer/Xcode/DerivedData/CCAvenueIndiaSdkReactNativeExample-dmeqaxpselaggkfhomgslbamujbl/Build/Products/Debug-iphoneos/SocketRocket
    cd /Users/prathamesh/StudioProjects/ccavenue-india-sdk-react-native/example/ios
    builtin-create-build-directory /Users/prathamesh/Library/Developer/Xcode/DerivedData/CCAvenueIndiaSdkReactNativeExample-dmeqaxpselaggkfhomgslbamujbl/Build/Products/Debug-iphoneos/SocketRocket

CreateBuildDirectory /Users/prathamesh/Library/Developer/Xcode/DerivedData/CCAvenueIndiaSdkReactNativeExample-dmeqaxpselaggkfhomgslbamujbl/Build/Products/Debug-iphoneos/ReactCommon
    cd /Users/prathamesh/StudioProjects/ccavenue-india-sdk-react-native/example/ios
    builtin-create-build-directory /Users/prathamesh/Library/Developer/Xcode/DerivedData/CCAvenueIndiaSdkReactNativeExample-dmeqaxpselaggkfhomgslbamujbl/Build/Products/Debug-iphoneos/ReactCommon

CreateBuildDirectory /Users/prathamesh/Library/Developer/Xcode/DerivedData/CCAvenueIndiaSdkReactNativeExample-dmeqaxpselaggkfhomgslbamujbl/Build/Products/Debug-iphoneos/ReactCodegen
    cd /Users/prathamesh/StudioProjects/ccavenue-india-sdk-react-native/example/ios
    builtin-create-build-directory /Users/prathamesh/Library/Developer/Xcode/DerivedData/CCAvenueIndiaSdkReactNativeExample-dmeqaxpselaggkfhomgslbamujbl/Build/Products/Debug-iphoneos/ReactCodegen

PhaseScriptExecution [CP-User]\ [Hermes]\ Replace\ Hermes\ for\ the\ right\ configuration,\ if\ needed /Users/prathamesh/Library/Developer/Xcode/DerivedData/CCAvenueIndiaSdkReactNativeExample-dmeqaxpselaggkfhomgslbamujbl/Build/Intermediates.noindex/Pods.build/Debug-iphoneos/hermes-engine.build/Script-46EB2E0001D000.sh (in target 'hermes-engine' from project 'Pods')
    cd /Users/prathamesh/StudioProjects/ccavenue-india-sdk-react-native/example/ios/Pods
    export ACTION\=build
    export AD_HOC_CODE_SIGNING_ALLOWED\=NO
    export ALLOW_BUILD_REQUEST_OVERRIDES\=NO
    export ALLOW_TARGET_PLATFORM_SPECIALIZATION\=NO
    export ALTERNATE_GROUP\=staff
    export ALTERNATE_MODE\=u+w,go-w,a+rX
    export ALTERNATE_OWNER\=prathamesh
    export ALTERNATIVE_DISTRIBUTION_WEB\=NO
    export ALWAYS_EMBED_SWIFT_STANDARD_LIBRARIES\=NO
    export ALWAYS_SEARCH_USER_PATHS\=NO
    export ALWAYS_USE_SEPARATE_HEADERMAPS\=NO
    export ANDROID_DEPLOYMENT_TARGET\=21.0
    export APPLICATION_EXTENSION_API_ONLY\=NO
    export APPLY_RULES_IN_COPY_FILES\=NO
    export APPLY_RULES_IN_COPY_HEADERS\=NO
    export APP_SHORTCUTS_ENABLE_FLEXIBLE_MATCHING\=YES
    export ARCHS\=arm64
    export ARCHS_STANDARD\=arm64
    export ARCHS_STANDARD_32_64_BIT\=armv7\ arm64
    export ARCHS_STANDARD_32_BIT\=armv7
    export ARCHS_STANDARD_64_BIT\=arm64
    export ARCHS_STANDARD_INCLUDING_64_BIT\=arm64
    export ARCHS_UNIVERSAL_IPHONE_OS\=armv7\ arm64
    export ASSETCATALOG_COMPILER_APPICON_NAME\=AppIcon
    export ASSETCATALOG_COMPILER_GLOBAL_ACCENT_COLOR_NAME\=AccentColor
    export ASSETCATALOG_FILTER_FOR_DEVICE_MODEL\=iPhone12,1
    export ASSETCATALOG_FILTER_FOR_DEVICE_OS_VERSION\=26.3.1
    export ASSETCATALOG_FILTER_FOR_THINNING_DEVICE_CONFIGURATION\=iPhone12,1
    export AUTOMATICALLY_MERGE_DEPENDENCIES\=NO
    export AUTOMATION_APPLE_EVENTS\=NO
    export AVAILABLE_PLATFORMS\=android\ appletvos\ appletvsimulator\ driverkit\ iphoneos\ iphonesimulator\ macosx\ qnx\ watchos\ watchsimulator\ webassembly\ xros\ xrsimulator
    export BUILD_ACTIVE_RESOURCES_ONLY\=YES
    export BUILD_COMPONENTS\=headers\ build
    export BUILD_DIR\=/Users/prathamesh/Library/Developer/Xcode/DerivedData/CCAvenueIndiaSdkReactNativeExample-dmeqaxpselaggkfhomgslbamujbl/Build/Products
    export BUILD_LIBRARY_FOR_DISTRIBUTION\=NO
    export BUILD_ROOT\=/Users/prathamesh/Library/Developer/Xcode/DerivedData/CCAvenueIndiaSdkReactNativeExample-dmeqaxpselaggkfhomgslbamujbl/Build/Products
    export BUILD_STYLE\=
    export BUILD_VARIANTS\=normal
    export BUILT_PRODUCTS_DIR\=/Users/prathamesh/Library/Developer/Xcode/DerivedData/CCAvenueIndiaSdkReactNativeExample-dmeqaxpselaggkfhomgslbamujbl/Build/Products/Debug-iphoneos/hermes-engine
    export BUNDLE_CONTENTS_FOLDER_PATH_deep\=Contents/
    export BUNDLE_EXECUTABLE_FOLDER_NAME_deep\=MacOS
    export BUNDLE_EXTENSIONS_FOLDER_PATH\=Extensions
    export BUNDLE_FORMAT\=shallow
    export BUNDLE_FRAMEWORKS_FOLDER_PATH\=Frameworks
    export BUNDLE_PLUGINS_FOLDER_PATH\=PlugIns
    export BUNDLE_PRIVATE_HEADERS_FOLDER_PATH\=PrivateHeaders
    export BUNDLE_PUBLIC_HEADERS_FOLDER_PATH\=Headers
    export CACHE_ROOT\=/var/folders/z3/c0yzqj1x10x401p6sk8hp0zm0000gp/C/com.apple.DeveloperTools/26.2-17C52/Xcode
    export CCHROOT\=/var/folders/z3/c0yzqj1x10x401p6sk8hp0zm0000gp/C/com.apple.DeveloperTools/26.2-17C52/Xcode
    export CHMOD\=/bin/chmod
    export CHOWN\=/usr/sbin/chown
    export CLANG_ANALYZER_LOCALIZABILITY_NONLOCALIZED\=YES
    export CLANG_ANALYZER_NONNULL\=YES
    export CLANG_ANALYZER_NUMBER_OBJECT_CONVERSION\=YES_AGGRESSIVE
    export CLANG_CACHE_FINE_GRAINED_OUTPUTS\=YES
    export CLANG_CXX_LANGUAGE_STANDARD\=c++20
    export CLANG_CXX_LIBRARY\=compiler-default
    export CLANG_ENABLE_EXPLICIT_MODULES\=YES
    export CLANG_ENABLE_MODULES\=YES
    export CLANG_ENABLE_OBJC_ARC\=YES
    export CLANG_ENABLE_OBJC_WEAK\=NO
    export CLANG_MODULES_BUILD_SESSION_FILE\=/Users/prathamesh/Library/Developer/Xcode/DerivedData/ModuleCache.noindex/Session.modulevalidation
    export CLANG_WARN_BLOCK_CAPTURE_AUTORELEASING\=YES
    export CLANG_WARN_BOOL_CONVERSION\=YES
    export CLANG_WARN_COMMA\=YES
    export CLANG_WARN_CONSTANT_CONVERSION\=YES
    export CLANG_WARN_DEPRECATED_OBJC_IMPLEMENTATIONS\=YES
    export CLANG_WARN_DIRECT_OBJC_ISA_USAGE\=YES_ERROR
    export CLANG_WARN_DOCUMENTATION_COMMENTS\=YES
    export CLANG_WARN_EMPTY_BODY\=YES
    export CLANG_WARN_ENUM_CONVERSION\=YES
    export CLANG_WARN_INFINITE_RECURSION\=YES
    export CLANG_WARN_INT_CONVERSION\=YES
    export CLANG_WARN_NON_LITERAL_NULL_CONVERSION\=YES
    export CLANG_WARN_OBJC_IMPLICIT_RETAIN_SELF\=YES
    export CLANG_WARN_OBJC_LITERAL_CONVERSION\=YES
    export CLANG_WARN_OBJC_ROOT_CLASS\=YES_ERROR
    export CLANG_WARN_QUOTED_INCLUDE_IN_FRAMEWORK_HEADER\=NO
    export CLANG_WARN_RANGE_LOOP_ANALYSIS\=YES
    export CLANG_WARN_STRICT_PROTOTYPES\=YES
    export CLANG_WARN_SUSPICIOUS_MOVE\=YES
    export CLANG_WARN_UNGUARDED_AVAILABILITY\=YES_AGGRESSIVE
    export CLANG_WARN_UNREACHABLE_CODE\=YES
    export CLANG_WARN__DUPLICATE_METHOD_MATCH\=YES
    export CLASS_FILE_DIR\=/Users/prathamesh/Library/Developer/Xcode/DerivedData/CCAvenueIndiaSdkReactNativeExample-dmeqaxpselaggkfhomgslbamujbl/Build/Intermediates.noindex/Pods.build/Debug-iphoneos/hermes-engine.build/JavaClasses
    export CLEAN_PRECOMPS\=YES
    export CLONE_HEADERS\=NO
    export CODESIGNING_FOLDER_PATH\=/Users/prathamesh/Library/Developer/Xcode/DerivedData/CCAvenueIndiaSdkReactNativeExample-dmeqaxpselaggkfhomgslbamujbl/Build/Products/Debug-iphoneos/hermes-engine/
    export CODE_SIGNING_ALLOWED\=NO
    export CODE_SIGNING_REQUIRED\=YES
    export CODE_SIGN_CONTEXT_CLASS\=XCiPhoneOSCodeSignContext
    export CODE_SIGN_IDENTITY\=Apple\ Development
    export CODE_SIGN_INJECT_BASE_ENTITLEMENTS\=YES
    export COLOR_DIAGNOSTICS\=NO
    export COMBINE_HIDPI_IMAGES\=NO
    export COMPILATION_CACHE_CAS_PATH\=/Users/prathamesh/Library/Developer/Xcode/DerivedData/CompilationCache.noindex
    export COMPILATION_CACHE_KEEP_CAS_DIRECTORY\=YES
    export COMPILER_INDEX_STORE_ENABLE\=Default
    export COMPOSITE_SDK_DIRS\=/Users/prathamesh/Library/Developer/Xcode/DerivedData/CCAvenueIndiaSdkReactNativeExample-dmeqaxpselaggkfhomgslbamujbl/Build/Intermediates.noindex/CompositeSDKs
    export COMPRESS_PNG_FILES\=YES
    export CONFIGURATION\=Debug
    export CONFIGURATION_BUILD_DIR\=/Users/prathamesh/Library/Developer/Xcode/DerivedData/CCAvenueIndiaSdkReactNativeExample-dmeqaxpselaggkfhomgslbamujbl/Build/Products/Debug-iphoneos/hermes-engine
    export CONFIGURATION_TEMP_DIR\=/Users/prathamesh/Library/Developer/Xcode/DerivedData/CCAvenueIndiaSdkReactNativeExample-dmeqaxpselaggkfhomgslbamujbl/Build/Intermediates.noindex/Pods.build/Debug-iphoneos
    export COPYING_PRESERVES_HFS_DATA\=NO
    export COPY_HEADERS_RUN_UNIFDEF\=NO
    export COPY_PHASE_STRIP\=NO
    export CORRESPONDING_SIMULATOR_PLATFORM_DIR\=/Applications/Xcode.app/Contents/Developer/Platforms/iPhoneSimulator.platform
    export CORRESPONDING_SIMULATOR_PLATFORM_NAME\=iphonesimulator
    export CORRESPONDING_SIMULATOR_SDK_DIR\=/Applications/Xcode.app/Contents/Developer/Platforms/iPhoneSimulator.platform/Developer/SDKs/iPhoneSimulator26.2.sdk
    export CORRESPONDING_SIMULATOR_SDK_NAME\=iphonesimulator26.2
    export CP\=/bin/cp
    export CREATE_INFOPLIST_SECTION_IN_BINARY\=NO
    export CURRENT_ARCH\=undefined_arch
    export CURRENT_VARIANT\=normal
    export DEAD_CODE_STRIPPING\=YES
    export DEBUGGING_SYMBOLS\=YES
    export DEBUG_INFORMATION_FORMAT\=dwarf
    export DEBUG_INFORMATION_VERSION\=compiler-default
    export DEFAULT_COMPILER\=com.apple.compilers.llvm.clang.1_0
    export DEFAULT_DEXT_INSTALL_PATH\=/System/Library/DriverExtensions
    export DEFAULT_KEXT_INSTALL_PATH\=/System/Library/Extensions
    export DEFINES_MODULE\=NO
    export DEPLOYMENT_LOCATION\=NO
    export DEPLOYMENT_POSTPROCESSING\=NO
    export DEPLOYMENT_TARGET_SETTING_NAME\=IPHONEOS_DEPLOYMENT_TARGET
    export DEPLOYMENT_TARGET_SUGGESTED_VALUES\=12.0\ 12.1\ 12.2\ 12.3\ 12.4\ 13.0\ 13.1\ 13.2\ 13.3\ 13.4\ 13.5\ 13.6\ 14.0\ 14.1\ 14.2\ 14.3\ 14.4\ 14.5\ 14.6\ 14.7\ 15.0\ 15.1\ 15.2\ 15.3\ 15.4\ 15.5\ 15.6\ 16.0\ 16.1\ 16.2\ 16.3\ 16.4\ 16.5\ 16.6\ 17.0\ 17.1\ 17.2\ 17.3\ 17.4\ 17.5\ 17.6\ 18.0\ 18.1\ 18.2\ 18.3\ 18.4\ 18.5\ 18.6\ 26.0\ 26.1\ 26.2
    export DERIVED_FILES_DIR\=/Users/prathamesh/Library/Developer/Xcode/DerivedData/CCAvenueIndiaSdkReactNativeExample-dmeqaxpselaggkfhomgslbamujbl/Build/Intermediates.noindex/Pods.build/Debug-iphoneos/hermes-engine.build/DerivedSources
    export DERIVED_FILE_DIR\=/Users/prathamesh/Library/Developer/Xcode/DerivedData/CCAvenueIndiaSdkReactNativeExample-dmeqaxpselaggkfhomgslbamujbl/Build/Intermediates.noindex/Pods.build/Debug-iphoneos/hermes-engine.build/DerivedSources
    export DERIVED_SOURCES_DIR\=/Users/prathamesh/Library/Developer/Xcode/DerivedData/CCAvenueIndiaSdkReactNativeExample-dmeqaxpselaggkfhomgslbamujbl/Build/Intermediates.noindex/Pods.build/Debug-iphoneos/hermes-engine.build/DerivedSources
    export DERIVE_MACCATALYST_PRODUCT_BUNDLE_IDENTIFIER\=NO
    export DEVELOPER_APPLICATIONS_DIR\=/Applications/Xcode.app/Contents/Developer/Applications
    export DEVELOPER_BIN_DIR\=/Applications/Xcode.app/Contents/Developer/usr/bin
    export DEVELOPER_DIR\=/Applications/Xcode.app/Contents/Developer
    export DEVELOPER_FRAMEWORKS_DIR\=/Applications/Xcode.app/Contents/Developer/Library/Frameworks
    export DEVELOPER_FRAMEWORKS_DIR_QUOTED\=/Applications/Xcode.app/Contents/Developer/Library/Frameworks
    export DEVELOPER_LIBRARY_DIR\=/Applications/Xcode.app/Contents/Developer/Library
    export DEVELOPER_SDK_DIR\=/Applications/Xcode.app/Contents/Developer/Platforms/MacOSX.platform/Developer/SDKs
    export DEVELOPER_TOOLS_DIR\=/Applications/Xcode.app/Contents/Developer/Tools
    export DEVELOPER_USR_DIR\=/Applications/Xcode.app/Contents/Developer/usr
    export DEVELOPMENT_LANGUAGE\=en
    export DIAGNOSE_MISSING_TARGET_DEPENDENCIES\=YES
    export DIFF\=/usr/bin/diff
    export DONT_GENERATE_INFOPLIST_FILE\=NO
    export DSTROOT\=/tmp/Pods.dst
    export DT_TOOLCHAIN_DIR\=/Applications/Xcode.app/Contents/Developer/Toolchains/XcodeDefault.xctoolchain
    export DWARF_DSYM_FILE_NAME\=.dSYM
    export DWARF_DSYM_FILE_SHOULD_ACCOMPANY_PRODUCT\=NO
    export DWARF_DSYM_FOLDER_PATH\=/Users/prathamesh/Library/Developer/Xcode/DerivedData/CCAvenueIndiaSdkReactNativeExample-dmeqaxpselaggkfhomgslbamujbl/Build/Products/Debug-iphoneos/hermes-engine
    export DYNAMIC_LIBRARY_EXTENSION\=dylib
    export EAGER_COMPILATION_ALLOW_SCRIPTS\=NO
    export EAGER_LINKING\=NO
    export EFFECTIVE_PLATFORM_NAME\=-iphoneos
    export EMBEDDED_CONTENT_CONTAINS_SWIFT\=NO
    export EMBEDDED_PROFILE_NAME\=embedded.mobileprovision
    export EMBED_ASSET_PACKS_IN_PRODUCT_BUNDLE\=NO
    export ENABLE_APP_SANDBOX\=NO
    export ENABLE_CODE_COVERAGE\=YES
    export ENABLE_CPLUSPLUS_BOUNDS_SAFE_BUFFERS\=NO
    export ENABLE_C_BOUNDS_SAFETY\=NO
    export ENABLE_DEFAULT_HEADER_SEARCH_PATHS\=YES
    export ENABLE_DEFAULT_SEARCH_PATHS\=YES
    export ENABLE_ENHANCED_SECURITY\=NO
    export ENABLE_HARDENED_RUNTIME\=NO
    export ENABLE_HEADER_DEPENDENCIES\=YES
    export ENABLE_INCOMING_NETWORK_CONNECTIONS\=NO
    export ENABLE_ON_DEMAND_RESOURCES\=NO
    export ENABLE_OUTGOING_NETWORK_CONNECTIONS\=NO
    export ENABLE_POINTER_AUTHENTICATION\=NO
    export ENABLE_PREVIEWS\=NO
    export ENABLE_RESOURCE_ACCESS_AUDIO_INPUT\=NO
    export ENABLE_RESOURCE_ACCESS_BLUETOOTH\=NO
    export ENABLE_RESOURCE_ACCESS_CALENDARS\=NO
    export ENABLE_RESOURCE_ACCESS_CAMERA\=NO
    export ENABLE_RESOURCE_ACCESS_CONTACTS\=NO
    export ENABLE_RESOURCE_ACCESS_LOCATION\=NO
    export ENABLE_RESOURCE_ACCESS_PHOTO_LIBRARY\=NO
    export ENABLE_RESOURCE_ACCESS_PRINTING\=NO
    export ENABLE_RESOURCE_ACCESS_USB\=NO
    export ENABLE_SDK_IMPORTS\=NO
    export ENABLE_SECURITY_COMPILER_WARNINGS\=NO
    export ENABLE_STRICT_OBJC_MSGSEND\=YES
    export ENABLE_TESTABILITY\=YES
    export ENABLE_TESTING_SEARCH_PATHS\=NO
    export ENABLE_USER_SCRIPT_SANDBOXING\=NO
    export ENABLE_XOJIT_PREVIEWS\=YES
    export ENFORCE_VALID_ARCHS\=YES
    export ENTITLEMENTS_DESTINATION\=Signature
    export ENTITLEMENTS_REQUIRED\=YES
    export EXCLUDED_INSTALLSRC_SUBDIRECTORY_PATTERNS\=.DS_Store\ .svn\ .git\ .hg\ CVS
    export EXCLUDED_RECURSIVE_SEARCH_PATH_SUBDIRECTORIES\=\*.nib\ \*.lproj\ \*.framework\ \*.gch\ \*.xcode\*\ \*.xcassets\ \*.icon\ \(\*\)\ .DS_Store\ CVS\ .svn\ .git\ .hg\ \*.pbproj\ \*.pbxproj
    export FILE_LIST\=/Users/prathamesh/Library/Developer/Xcode/DerivedData/CCAvenueIndiaSdkReactNativeExample-dmeqaxpselaggkfhomgslbamujbl/Build/Intermediates.noindex/Pods.build/Debug-iphoneos/hermes-engine.build/Objects/LinkFileList
    export FIXED_FILES_DIR\=/Users/prathamesh/Library/Developer/Xcode/DerivedData/CCAvenueIndiaSdkReactNativeExample-dmeqaxpselaggkfhomgslbamujbl/Build/Intermediates.noindex/Pods.build/Debug-iphoneos/hermes-engine.build/FixedFiles
    export FRAMEWORK_SEARCH_PATHS\=\ \"/Users/prathamesh/StudioProjects/ccavenue-india-sdk-react-native/example/ios/Pods/hermes-engine/destroot/Library/Frameworks/universal\"\ \"/Users/prathamesh/Library/Developer/Xcode/DerivedData/CCAvenueIndiaSdkReactNativeExample-dmeqaxpselaggkfhomgslbamujbl/Build/Products/Debug-iphoneos/XCFrameworkIntermediates/hermes-engine/Pre-built\"
    export FRAMEWORK_VERSION\=A
    export FUSE_BUILD_PHASES\=YES
    export FUSE_BUILD_SCRIPT_PHASES\=NO
    export GCC3_VERSION\=3.3
    export GCC_C_LANGUAGE_STANDARD\=gnu11
    export GCC_DYNAMIC_NO_PIC\=NO
    export GCC_NO_COMMON_BLOCKS\=YES
    export GCC_OPTIMIZATION_LEVEL\=0
    export GCC_PFE_FILE_C_DIALECTS\=c\ objective-c\ c++\ objective-c++
    export GCC_PREPROCESSOR_DEFINITIONS\=POD_CONFIGURATION_DEBUG\=1\ DEBUG\=1\ \ COCOAPODS\=1\ HERMES_ENABLE_DEBUGGER\=1
    export GCC_THUMB_SUPPORT\=YES
    export GCC_TREAT_WARNINGS_AS_ERRORS\=NO
    export GCC_VERSION\=com.apple.compilers.llvm.clang.1_0
    export GCC_VERSION_IDENTIFIER\=com_apple_compilers_llvm_clang_1_0
    export GCC_WARN_64_TO_32_BIT_CONVERSION\=YES
    export GCC_WARN_ABOUT_RETURN_TYPE\=YES_ERROR
    export GCC_WARN_INHIBIT_ALL_WARNINGS\=YES
    export GCC_WARN_UNDECLARED_SELECTOR\=YES
    export GCC_WARN_UNINITIALIZED_AUTOS\=YES_AGGRESSIVE
    export GCC_WARN_UNUSED_FUNCTION\=YES
    export GCC_WARN_UNUSED_VARIABLE\=YES
    export GENERATED_MODULEMAP_DIR\=/Users/prathamesh/Library/Developer/Xcode/DerivedData/CCAvenueIndiaSdkReactNativeExample-dmeqaxpselaggkfhomgslbamujbl/Build/Intermediates.noindex/GeneratedModuleMaps-iphoneos
    export GENERATE_INFOPLIST_FILE\=NO
    export GENERATE_INTERMEDIATE_TEXT_BASED_STUBS\=YES
    export GENERATE_PKGINFO_FILE\=NO
    export GENERATE_PRELINK_OBJECT_FILE\=NO
    export GENERATE_PROFILING_CODE\=NO
    export GENERATE_TEXT_BASED_STUBS\=NO
    export GID\=20
    export GROUP\=staff
    export HEADERMAP_INCLUDES_FLAT_ENTRIES_FOR_TARGET_BEING_BUILT\=YES
    export HEADERMAP_INCLUDES_FRAMEWORK_ENTRIES_FOR_ALL_PRODUCT_TYPES\=YES
    export HEADERMAP_INCLUDES_FRAMEWORK_ENTRIES_FOR_TARGETS_NOT_BEING_BUILT\=YES
    export HEADERMAP_INCLUDES_NONPUBLIC_NONPRIVATE_HEADERS\=YES
    export HEADERMAP_INCLUDES_PROJECT_HEADERS\=YES
    export HEADERMAP_USES_FRAMEWORK_PREFIX_ENTRIES\=YES
    export HEADERMAP_USES_VFS\=NO
    export HEADER_SEARCH_PATHS\=\ \"/Users/prathamesh/StudioProjects/ccavenue-india-sdk-react-native/example/ios/Pods/Headers/Private\"\ \"/Users/prathamesh/StudioProjects/ccavenue-india-sdk-react-native/example/ios/Pods/Headers/Private/hermes-engine\"\ \"/Users/prathamesh/StudioProjects/ccavenue-india-sdk-react-native/example/ios/Pods/Headers/Public\"\ \"/Users/prathamesh/StudioProjects/ccavenue-india-sdk-react-native/example/ios/Pods/Headers/Public/hermes-engine\"
    export HOME\=/Users/prathamesh
    export HOST_ARCH\=arm64
    export HOST_PLATFORM\=macosx
    export ICONV\=/usr/bin/iconv
    export IMPLICIT_DEPENDENCY_DOMAIN\=default
    export INFOPLIST_ENABLE_CFBUNDLEICONS_MERGE\=YES
    export INFOPLIST_EXPAND_BUILD_SETTINGS\=YES
    export INFOPLIST_OUTPUT_FORMAT\=binary
    export INFOPLIST_PREPROCESS\=NO
    export INLINE_PRIVATE_FRAMEWORKS\=NO
    export INSTALLAPI_IGNORE_SKIP_INSTALL\=YES
    export INSTALLHDRS_COPY_PHASE\=NO
    export INSTALLHDRS_SCRIPT_PHASE\=NO
    export INSTALL_DIR\=/tmp/Pods.dst
    export INSTALL_GROUP\=staff
    export INSTALL_MODE_FLAG\=u+w,go-w,a+rX
    export INSTALL_OWNER\=prathamesh
    export INSTALL_ROOT\=/tmp/Pods.dst
    export IPHONEOS_DEPLOYMENT_TARGET\=15.1
    export IS_UNOPTIMIZED_BUILD\=YES
    export JAVAC_DEFAULT_FLAGS\=-J-Xms64m\ -J-XX:NewSize\=4M\ -J-Dfile.encoding\=UTF8
    export JAVA_APP_STUB\=/System/Library/Frameworks/JavaVM.framework/Resources/MacOS/JavaApplicationStub
    export JAVA_ARCHIVE_CLASSES\=YES
    export JAVA_ARCHIVE_TYPE\=JAR
    export JAVA_COMPILER\=/usr/bin/javac
    export JAVA_FRAMEWORK_RESOURCES_DIRS\=Resources
    export JAVA_JAR_FLAGS\=cv
    export JAVA_SOURCE_SUBDIR\=.
    export JAVA_USE_DEPENDENCIES\=YES
    export JAVA_ZIP_FLAGS\=-urg
    export JIKES_DEFAULT_FLAGS\=+E\ +OLDCSO
    export KASAN_CFLAGS_CLASSIC\=-DKASAN\=1\ -DKASAN_CLASSIC\=1\ -fsanitize\=address\ -mllvm\ -asan-globals-live-support\ -mllvm\ -asan-force-dynamic-shadow
    export KASAN_CFLAGS_TBI\=-DKASAN\=1\ -DKASAN_TBI\=1\ -fsanitize\=kernel-hwaddress\ -mllvm\ -hwasan-recover\=0\ -mllvm\ -hwasan-instrument-atomics\=0\ -mllvm\ -hwasan-instrument-stack\=1\ -mllvm\ -hwasan-generate-tags-with-calls\=1\ -mllvm\ -hwasan-instrument-with-calls\=1\ -mllvm\ -hwasan-use-short-granules\=0\ -mllvm\ -hwasan-memory-access-callback-prefix\=__asan_
    export KASAN_DEFAULT_CFLAGS\=-DKASAN\=1\ -DKASAN_CLASSIC\=1\ -fsanitize\=address\ -mllvm\ -asan-globals-live-support\ -mllvm\ -asan-force-dynamic-shadow
    export KEEP_PRIVATE_EXTERNS\=NO
    export LD_DEPENDENCY_INFO_FILE\=/Users/prathamesh/Library/Developer/Xcode/DerivedData/CCAvenueIndiaSdkReactNativeExample-dmeqaxpselaggkfhomgslbamujbl/Build/Intermediates.noindex/Pods.build/Debug-iphoneos/hermes-engine.build/Objects-normal/undefined_arch/hermes-engine_dependency_info.dat
    export LD_EXPORT_SYMBOLS\=YES
    export LD_GENERATE_MAP_FILE\=NO
    export LD_MAP_FILE_PATH\=/Users/prathamesh/Library/Developer/Xcode/DerivedData/CCAvenueIndiaSdkReactNativeExample-dmeqaxpselaggkfhomgslbamujbl/Build/Intermediates.noindex/Pods.build/Debug-iphoneos/hermes-engine.build/hermes-engine-LinkMap-normal-undefined_arch.txt
    export LD_NO_PIE\=NO
    export LD_QUOTE_LINKER_ARGUMENTS_FOR_COMPILER_DRIVER\=YES
    export LD_RUNPATH_SEARCH_PATHS\=\ @executable_path/Frameworks
    export LD_SHARED_CACHE_ELIGIBLE\=Automatic
    export LD_WARN_DUPLICATE_LIBRARIES\=NO
    export LD_WARN_UNUSED_DYLIBS\=NO
    export LEGACY_DEVELOPER_DIR\=/Applications/Xcode.app/Contents/PlugIns/Xcode3Core.ideplugin/Contents/SharedSupport/Developer
    export LEX\=lex
    export LIBRARY_DEXT_INSTALL_PATH\=/Library/DriverExtensions
    export LIBRARY_FLAG_NOSPACE\=YES
    export LIBRARY_KEXT_INSTALL_PATH\=/Library/Extensions
    export LINKER_DISPLAYS_MANGLED_NAMES\=NO
    export LINK_FILE_LIST_normal_arm64\=/Users/prathamesh/Library/Developer/Xcode/DerivedData/CCAvenueIndiaSdkReactNativeExample-dmeqaxpselaggkfhomgslbamujbl/Build/Intermediates.noindex/Pods.build/Debug-iphoneos/hermes-engine.build/Objects-normal/arm64/hermes-engine.LinkFileList
    export LINK_OBJC_RUNTIME\=YES
    export LINK_WITH_STANDARD_LIBRARIES\=YES
    export LLVM_TARGET_TRIPLE_OS_VERSION\=ios15.1
    export LLVM_TARGET_TRIPLE_VENDOR\=apple
    export LM_AUX_CONST_METADATA_LIST_PATH_normal_arm64\=/Users/prathamesh/Library/Developer/Xcode/DerivedData/CCAvenueIndiaSdkReactNativeExample-dmeqaxpselaggkfhomgslbamujbl/Build/Intermediates.noindex/Pods.build/Debug-iphoneos/hermes-engine.build/Objects-normal/arm64/hermes-engine.SwiftConstValuesFileList
    export LOCALIZATION_EXPORT_SUPPORTED\=YES
    export LOCALIZATION_PREFERS_STRING_CATALOGS\=NO
    export LOCALIZED_STRING_MACRO_NAMES\=NSLocalizedString\ CFCopyLocalizedString
    export LOCALIZED_STRING_SWIFTUI_SUPPORT\=YES
    export LOCAL_ADMIN_APPS_DIR\=/Applications/Utilities
    export LOCAL_APPS_DIR\=/Applications
    export LOCAL_DEVELOPER_DIR\=/Library/Developer
    export LOCAL_LIBRARY_DIR\=/Library
    export LOCROOT\=/Users/prathamesh/StudioProjects/ccavenue-india-sdk-react-native/example/ios/Pods
    export LOCSYMROOT\=/Users/prathamesh/StudioProjects/ccavenue-india-sdk-react-native/example/ios/Pods
    export MAC_OS_X_PRODUCT_BUILD_VERSION\=25E253
    export MAC_OS_X_VERSION_ACTUAL\=260401
    export MAC_OS_X_VERSION_MAJOR\=260000
    export MAC_OS_X_VERSION_MINOR\=260400
    export MAKE_MERGEABLE\=NO
    export MERGEABLE_LIBRARY\=NO
    export MERGED_BINARY_TYPE\=none
    export MERGE_LINKED_LIBRARIES\=NO
    export METAL_LIBRARY_FILE_BASE\=default
    export METAL_LIBRARY_OUTPUT_DIR\=/Users/prathamesh/Library/Developer/Xcode/DerivedData/CCAvenueIndiaSdkReactNativeExample-dmeqaxpselaggkfhomgslbamujbl/Build/Products/Debug-iphoneos/hermes-engine/
    export MODULE_CACHE_DIR\=/Users/prathamesh/Library/Developer/Xcode/DerivedData/ModuleCache.noindex
    export MTL_ENABLE_DEBUG_INFO\=INCLUDE_SOURCE
    export MTL_FAST_MATH\=YES
    export NATIVE_ARCH\=arm64
    export NATIVE_ARCH_32_BIT\=arm
    export NATIVE_ARCH_64_BIT\=arm64
    export NATIVE_ARCH_ACTUAL\=arm64
    export NO_COMMON\=YES
    export OBJECT_FILE_DIR\=/Users/prathamesh/Library/Developer/Xcode/DerivedData/CCAvenueIndiaSdkReactNativeExample-dmeqaxpselaggkfhomgslbamujbl/Build/Intermediates.noindex/Pods.build/Debug-iphoneos/hermes-engine.build/Objects
    export OBJECT_FILE_DIR_normal\=/Users/prathamesh/Library/Developer/Xcode/DerivedData/CCAvenueIndiaSdkReactNativeExample-dmeqaxpselaggkfhomgslbamujbl/Build/Intermediates.noindex/Pods.build/Debug-iphoneos/hermes-engine.build/Objects-normal
    export OBJROOT\=/Users/prathamesh/Library/Developer/Xcode/DerivedData/CCAvenueIndiaSdkReactNativeExample-dmeqaxpselaggkfhomgslbamujbl/Build/Intermediates.noindex
    export ONLY_ACTIVE_ARCH\=YES
    export OS\=MACOS
    export OSAC\=/usr/bin/osacompile
    export PASCAL_STRINGS\=YES
    export PATH\=/Applications/Xcode.app/Contents/SharedFrameworks/SwiftBuild.framework/Versions/A/PlugIns/SWBBuildService.bundle/Contents/PlugIns/SWBUniversalPlatformPlugin.bundle/Contents/Frameworks/SWBUniversalPlatform.framework/Resources:/Applications/Xcode.app/Contents/Developer/Toolchains/XcodeDefault.xctoolchain/usr/bin:/Applications/Xcode.app/Contents/Developer/Toolchains/XcodeDefault.xctoolchain/usr/local/bin:/Applications/Xcode.app/Contents/Developer/Toolchains/XcodeDefault.xctoolchain/usr/libexec:/Applications/Xcode.app/Contents/Developer/Platforms/iPhoneOS.platform/usr/bin:/Applications/Xcode.app/Contents/Developer/Platforms/iPhoneOS.platform/usr/local/bin:/Applications/Xcode.app/Contents/Developer/Platforms/iPhoneOS.platform/Developer/usr/bin:/Applications/Xcode.app/Contents/Developer/Platforms/iPhoneOS.platform/Developer/usr/local/bin:/Applications/Xcode.app/Contents/Developer/usr/bin:/Applications/Xcode.app/Contents/Developer/usr/local/bin:/Users/prathamesh/Downloads/flutter/bin:/Library/Java/JavaVirtualMachines/jdk-17.jdk/Contents/Home/bin:/usr/local/bin:/System/Cryptexes/App/usr/bin:/usr/bin:/bin:/usr/sbin:/sbin:/var/run/com.apple.security.cryptexd/codex.system/bootstrap/usr/local/bin:/var/run/com.apple.security.cryptexd/codex.system/bootstrap/usr/bin:/var/run/com.apple.security.cryptexd/codex.system/bootstrap/usr/appleinternal/bin:/opt/pkg/env/active/bin:/opt/pmk/env/global/bin:/Library/Apple/usr/bin:/opt/homebrew/bin:/Users/prathamesh/Library/Android/sdk/platform-tools:/Users/prathamesh/Library/Android/sdk/emulator
    export PATH_PREFIXES_EXCLUDED_FROM_HEADER_DEPENDENCIES\=/usr/include\ /usr/local/include\ /System/Library/Frameworks\ /System/Library/PrivateFrameworks\ /Applications/Xcode.app/Contents/Developer/Headers\ /Applications/Xcode.app/Contents/Developer/SDKs\ /Applications/Xcode.app/Contents/Developer/Platforms
    export PER_ARCH_MODULE_FILE_DIR\=/Users/prathamesh/Library/Developer/Xcode/DerivedData/CCAvenueIndiaSdkReactNativeExample-dmeqaxpselaggkfhomgslbamujbl/Build/Intermediates.noindex/Pods.build/Debug-iphoneos/hermes-engine.build/Objects-normal/undefined_arch
    export PER_ARCH_OBJECT_FILE_DIR\=/Users/prathamesh/Library/Developer/Xcode/DerivedData/CCAvenueIndiaSdkReactNativeExample-dmeqaxpselaggkfhomgslbamujbl/Build/Intermediates.noindex/Pods.build/Debug-iphoneos/hermes-engine.build/Objects-normal/undefined_arch
    export PER_VARIANT_OBJECT_FILE_DIR\=/Users/prathamesh/Library/Developer/Xcode/DerivedData/CCAvenueIndiaSdkReactNativeExample-dmeqaxpselaggkfhomgslbamujbl/Build/Intermediates.noindex/Pods.build/Debug-iphoneos/hermes-engine.build/Objects-normal
    export PKGINFO_FILE_PATH\=/Users/prathamesh/Library/Developer/Xcode/DerivedData/CCAvenueIndiaSdkReactNativeExample-dmeqaxpselaggkfhomgslbamujbl/Build/Intermediates.noindex/Pods.build/Debug-iphoneos/hermes-engine.build/PkgInfo
    export PLATFORM_DEVELOPER_APPLICATIONS_DIR\=/Applications/Xcode.app/Contents/Developer/Platforms/iPhoneOS.platform/Developer/Applications
    export PLATFORM_DEVELOPER_BIN_DIR\=/Applications/Xcode.app/Contents/Developer/Platforms/iPhoneOS.platform/Developer/usr/bin
    export PLATFORM_DEVELOPER_LIBRARY_DIR\=/Applications/Xcode.app/Contents/Developer/Platforms/iPhoneOS.platform/Developer/Library
    export PLATFORM_DEVELOPER_SDK_DIR\=/Applications/Xcode.app/Contents/Developer/Platforms/iPhoneOS.platform/Developer/SDKs
    export PLATFORM_DEVELOPER_TOOLS_DIR\=/Applications/Xcode.app/Contents/Developer/Platforms/iPhoneOS.platform/Developer/Tools
    export PLATFORM_DEVELOPER_USR_DIR\=/Applications/Xcode.app/Contents/Developer/Platforms/iPhoneOS.platform/Developer/usr
    export PLATFORM_DIR\=/Applications/Xcode.app/Contents/Developer/Platforms/iPhoneOS.platform
    export PLATFORM_DISPLAY_NAME\=iOS
    export PLATFORM_FAMILY_NAME\=iOS
    export PLATFORM_NAME\=iphoneos
    export PLATFORM_PREFERRED_ARCH\=arm64
    export PLATFORM_PRODUCT_BUILD_VERSION\=23C53
    export PLATFORM_REQUIRES_SWIFT_AUTOLINK_EXTRACT\=NO
    export PLATFORM_REQUIRES_SWIFT_MODULEWRAP\=NO
    export PLIST_FILE_OUTPUT_FORMAT\=binary
    export PODS_BUILD_DIR\=/Users/prathamesh/Library/Developer/Xcode/DerivedData/CCAvenueIndiaSdkReactNativeExample-dmeqaxpselaggkfhomgslbamujbl/Build/Products
    export PODS_CONFIGURATION_BUILD_DIR\=/Users/prathamesh/Library/Developer/Xcode/DerivedData/CCAvenueIndiaSdkReactNativeExample-dmeqaxpselaggkfhomgslbamujbl/Build/Products/Debug-iphoneos
    export PODS_DEVELOPMENT_LANGUAGE\=en
    export PODS_ROOT\=/Users/prathamesh/StudioProjects/ccavenue-india-sdk-react-native/example/ios/Pods
    export PODS_TARGET_SRCROOT\=/Users/prathamesh/StudioProjects/ccavenue-india-sdk-react-native/example/ios/Pods/hermes-engine
    export PODS_XCFRAMEWORKS_BUILD_DIR\=/Users/prathamesh/Library/Developer/Xcode/DerivedData/CCAvenueIndiaSdkReactNativeExample-dmeqaxpselaggkfhomgslbamujbl/Build/Products/Debug-iphoneos/XCFrameworkIntermediates
    export PRECOMPS_INCLUDE_HEADERS_FROM_BUILT_PRODUCTS_DIR\=YES
    export PRECOMP_DESTINATION_DIR\=/Users/prathamesh/Library/Developer/Xcode/DerivedData/CCAvenueIndiaSdkReactNativeExample-dmeqaxpselaggkfhomgslbamujbl/Build/Intermediates.noindex/Pods.build/Debug-iphoneos/hermes-engine.build/PrefixHeaders
    export PROCESSED_INFOPLIST_PATH\=/Users/prathamesh/Library/Developer/Xcode/DerivedData/CCAvenueIndiaSdkReactNativeExample-dmeqaxpselaggkfhomgslbamujbl/Build/Intermediates.noindex/Pods.build/Debug-iphoneos/hermes-engine.build/Objects-normal/undefined_arch/Processed-Info.plist
    export PRODUCT_BUNDLE_IDENTIFIER\=org.cocoapods.hermes-engine
    export PRODUCT_MODULE_NAME\=hermes_engine
    export PRODUCT_NAME\=hermes-engine
    export PRODUCT_SETTINGS_PATH\=
    export PROFILING_CODE\=NO
    export PROJECT\=Pods
    export PROJECT_DERIVED_FILE_DIR\=/Users/prathamesh/Library/Developer/Xcode/DerivedData/CCAvenueIndiaSdkReactNativeExample-dmeqaxpselaggkfhomgslbamujbl/Build/Intermediates.noindex/Pods.build/DerivedSources
    export PROJECT_DIR\=/Users/prathamesh/StudioProjects/ccavenue-india-sdk-react-native/example/ios/Pods
    export PROJECT_FILE_PATH\=/Users/prathamesh/StudioProjects/ccavenue-india-sdk-react-native/example/ios/Pods/Pods.xcodeproj
    export PROJECT_GUID\=8699adb1dd336b26511df848a716bd42
    export PROJECT_NAME\=Pods
    export PROJECT_TEMP_DIR\=/Users/prathamesh/Library/Developer/Xcode/DerivedData/CCAvenueIndiaSdkReactNativeExample-dmeqaxpselaggkfhomgslbamujbl/Build/Intermediates.noindex/Pods.build
    export PROJECT_TEMP_ROOT\=/Users/prathamesh/Library/Developer/Xcode/DerivedData/CCAvenueIndiaSdkReactNativeExample-dmeqaxpselaggkfhomgslbamujbl/Build/Intermediates.noindex
    export REACT_NATIVE_PATH\=/Users/prathamesh/StudioProjects/ccavenue-india-sdk-react-native/example/ios/Pods/../../node_modules/react-native
    export RECOMMENDED_IPHONEOS_DEPLOYMENT_TARGET\=15.0
    export RECURSIVE_SEARCH_PATHS_FOLLOW_SYMLINKS\=YES
    export REMOVE_CVS_FROM_RESOURCES\=YES
    export REMOVE_GIT_FROM_RESOURCES\=YES
    export REMOVE_HEADERS_FROM_EMBEDDED_BUNDLES\=YES
    export REMOVE_HG_FROM_RESOURCES\=YES
    export REMOVE_STATIC_EXECUTABLES_FROM_EMBEDDED_BUNDLES\=YES
    export REMOVE_SVN_FROM_RESOURCES\=YES
    export RESCHEDULE_INDEPENDENT_HEADERS_PHASES\=YES
    export REZ_COLLECTOR_DIR\=/Users/prathamesh/Library/Developer/Xcode/DerivedData/CCAvenueIndiaSdkReactNativeExample-dmeqaxpselaggkfhomgslbamujbl/Build/Intermediates.noindex/Pods.build/Debug-iphoneos/hermes-engine.build/ResourceManagerResources
    export REZ_OBJECTS_DIR\=/Users/prathamesh/Library/Developer/Xcode/DerivedData/CCAvenueIndiaSdkReactNativeExample-dmeqaxpselaggkfhomgslbamujbl/Build/Intermediates.noindex/Pods.build/Debug-iphoneos/hermes-engine.build/ResourceManagerResources/Objects
    export RUNTIME_EXCEPTION_ALLOW_DYLD_ENVIRONMENT_VARIABLES\=NO
    export RUNTIME_EXCEPTION_ALLOW_JIT\=NO
    export RUNTIME_EXCEPTION_ALLOW_UNSIGNED_EXECUTABLE_MEMORY\=NO
    export RUNTIME_EXCEPTION_DEBUGGING_TOOL\=NO
    export RUNTIME_EXCEPTION_DISABLE_EXECUTABLE_PAGE_PROTECTION\=NO
    export RUNTIME_EXCEPTION_DISABLE_LIBRARY_VALIDATION\=NO
    export SCAN_ALL_SOURCE_FILES_FOR_INCLUDES\=NO
    export SCRIPT_INPUT_FILE_COUNT\=0
    export SCRIPT_INPUT_FILE_LIST_COUNT\=0
    export SCRIPT_OUTPUT_FILE_COUNT\=0
    export SCRIPT_OUTPUT_FILE_LIST_COUNT\=0
    export SDKROOT\=/Applications/Xcode.app/Contents/Developer/Platforms/iPhoneOS.platform/Developer/SDKs/iPhoneOS26.2.sdk
    export SDK_DIR\=/Applications/Xcode.app/Contents/Developer/Platforms/iPhoneOS.platform/Developer/SDKs/iPhoneOS26.2.sdk
    export SDK_DIR_iphoneos\=/Applications/Xcode.app/Contents/Developer/Platforms/iPhoneOS.platform/Developer/SDKs/iPhoneOS26.2.sdk
    export SDK_DIR_iphoneos26_2\=/Applications/Xcode.app/Contents/Developer/Platforms/iPhoneOS.platform/Developer/SDKs/iPhoneOS26.2.sdk
    export SDK_NAME\=iphoneos26.2
    export SDK_NAMES\=iphoneos26.2
    export SDK_PRODUCT_BUILD_VERSION\=23C53
    export SDK_STAT_CACHE_DIR\=/Users/prathamesh/Library/Developer/Xcode/DerivedData
    export SDK_STAT_CACHE_ENABLE\=YES
    export SDK_STAT_CACHE_PATH\=/Users/prathamesh/Library/Developer/Xcode/DerivedData/SDKStatCaches.noindex/iphoneos26.2-23C53-3794476bd08197c3e2abd9bb477ef7f7.sdkstatcache
    export SDK_VERSION\=26.2
    export SDK_VERSION_ACTUAL\=260200
    export SDK_VERSION_MAJOR\=260000
    export SDK_VERSION_MINOR\=260200
    export SED\=/usr/bin/sed
    export SEPARATE_STRIP\=NO
    export SEPARATE_SYMBOL_EDIT\=NO
    export SET_DIR_MODE_OWNER_GROUP\=YES
    export SET_FILE_MODE_OWNER_GROUP\=NO
    export SHALLOW_BUNDLE\=NO
    export SHARED_DERIVED_FILE_DIR\=/Users/prathamesh/Library/Developer/Xcode/DerivedData/CCAvenueIndiaSdkReactNativeExample-dmeqaxpselaggkfhomgslbamujbl/Build/Products/Debug-iphoneos/hermes-engine/DerivedSources
    export SHARED_PRECOMPS_DIR\=/Users/prathamesh/Library/Developer/Xcode/DerivedData/CCAvenueIndiaSdkReactNativeExample-dmeqaxpselaggkfhomgslbamujbl/Build/Intermediates.noindex/PrecompiledHeaders
    export SKIP_INSTALL\=YES
    export SOURCE_ROOT\=/Users/prathamesh/StudioProjects/ccavenue-india-sdk-react-native/example/ios/Pods
    export SRCROOT\=/Users/prathamesh/StudioProjects/ccavenue-india-sdk-react-native/example/ios/Pods
    export STRINGSDATA_DIR\=/Users/prathamesh/Library/Developer/Xcode/DerivedData/CCAvenueIndiaSdkReactNativeExample-dmeqaxpselaggkfhomgslbamujbl/Build/Intermediates.noindex/Pods.build/Debug-iphoneos/hermes-engine.build/Objects-normal/undefined_arch
    export STRINGSDATA_ROOT\=/Users/prathamesh/Library/Developer/Xcode/DerivedData/CCAvenueIndiaSdkReactNativeExample-dmeqaxpselaggkfhomgslbamujbl/Build/Intermediates.noindex/Pods.build/Debug-iphoneos/hermes-engine.build
    export STRINGS_FILE_INFOPLIST_RENAME\=YES
    export STRINGS_FILE_OUTPUT_ENCODING\=binary
    export STRING_CATALOG_GENERATE_SYMBOLS\=NO
    export STRIP_BITCODE_FROM_COPIED_FILES\=YES
    export STRIP_INSTALLED_PRODUCT\=NO
    export STRIP_STYLE\=all
    export STRIP_SWIFT_SYMBOLS\=YES
    export SUPPORTED_DEVICE_FAMILIES\=1,2
    export SUPPORTED_PLATFORMS\=iphoneos\ iphonesimulator
    export SUPPORTS_MACCATALYST\=YES
    export SUPPORTS_MAC_DESIGNED_FOR_IPHONE_IPAD\=YES
    export SUPPORTS_TEXT_BASED_API\=NO
    export SUPPORTS_XR_DESIGNED_FOR_IPHONE_IPAD\=YES
    export SUPPRESS_WARNINGS\=NO
    export SWIFT_ACTIVE_COMPILATION_CONDITIONS\=\ DEBUG
    export SWIFT_EMIT_CONST_VALUE_PROTOCOLS\=AppIntent\ EntityQuery\ AppEntity\ TransientEntity\ AppEnum\ AppShortcutProviding\ AppShortcutsProvider\ AnyResolverProviding\ AppIntentsPackage\ DynamicOptionsProvider\ _IntentValueRepresentable\ _AssistantIntentsProvider\ _GenerativeFunctionExtractable\ IntentValueQuery\ Resolver\ AppExtension\ ExtensionPointDefining
    export SWIFT_EMIT_LOC_STRINGS\=NO
    export SWIFT_ENABLE_EXPLICIT_MODULES\=YES
    export SWIFT_OPTIMIZATION_LEVEL\=-Onone
    export SWIFT_PLATFORM_TARGET_PREFIX\=ios
    export SWIFT_RESPONSE_FILE_PATH_normal_arm64\=/Users/prathamesh/Library/Developer/Xcode/DerivedData/CCAvenueIndiaSdkReactNativeExample-dmeqaxpselaggkfhomgslbamujbl/Build/Intermediates.noindex/Pods.build/Debug-iphoneos/hermes-engine.build/Objects-normal/arm64/hermes-engine.SwiftFileList
    export SWIFT_VERSION\=5.0
    export SYMROOT\=/Users/prathamesh/Library/Developer/Xcode/DerivedData/CCAvenueIndiaSdkReactNativeExample-dmeqaxpselaggkfhomgslbamujbl/Build/Products
    export SYSTEM_ADMIN_APPS_DIR\=/Applications/Utilities
    export SYSTEM_APPS_DIR\=/Applications
    export SYSTEM_CORE_SERVICES_DIR\=/System/Library/CoreServices
    export SYSTEM_DEMOS_DIR\=/Applications/Extras
    export SYSTEM_DEVELOPER_APPS_DIR\=/Applications/Xcode.app/Contents/Developer/Applications
    export SYSTEM_DEVELOPER_BIN_DIR\=/Applications/Xcode.app/Contents/Developer/usr/bin
    export SYSTEM_DEVELOPER_DEMOS_DIR\=/Applications/Xcode.app/Contents/Developer/Applications/Utilities/Built\ Examples
    export SYSTEM_DEVELOPER_DIR\=/Applications/Xcode.app/Contents/Developer
    export SYSTEM_DEVELOPER_DOC_DIR\=/Applications/Xcode.app/Contents/Developer/ADC\ Reference\ Library
    export SYSTEM_DEVELOPER_GRAPHICS_TOOLS_DIR\=/Applications/Xcode.app/Contents/Developer/Applications/Graphics\ Tools
    export SYSTEM_DEVELOPER_JAVA_TOOLS_DIR\=/Applications/Xcode.app/Contents/Developer/Applications/Java\ Tools
    export SYSTEM_DEVELOPER_PERFORMANCE_TOOLS_DIR\=/Applications/Xcode.app/Contents/Developer/Applications/Performance\ Tools
    export SYSTEM_DEVELOPER_RELEASENOTES_DIR\=/Applications/Xcode.app/Contents/Developer/ADC\ Reference\ Library/releasenotes
    export SYSTEM_DEVELOPER_TOOLS\=/Applications/Xcode.app/Contents/Developer/Tools
    export SYSTEM_DEVELOPER_TOOLS_DOC_DIR\=/Applications/Xcode.app/Contents/Developer/ADC\ Reference\ Library/documentation/DeveloperTools
    export SYSTEM_DEVELOPER_TOOLS_RELEASENOTES_DIR\=/Applications/Xcode.app/Contents/Developer/ADC\ Reference\ Library/releasenotes/DeveloperTools
    export SYSTEM_DEVELOPER_USR_DIR\=/Applications/Xcode.app/Contents/Developer/usr
    export SYSTEM_DEVELOPER_UTILITIES_DIR\=/Applications/Xcode.app/Contents/Developer/Applications/Utilities
    export SYSTEM_DEXT_INSTALL_PATH\=/System/Library/DriverExtensions
    export SYSTEM_DOCUMENTATION_DIR\=/Library/Documentation
    export SYSTEM_KEXT_INSTALL_PATH\=/System/Library/Extensions
    export SYSTEM_LIBRARY_DIR\=/System/Library
    export TAPI_DEMANGLE\=YES
    export TAPI_ENABLE_PROJECT_HEADERS\=NO
    export TAPI_LANGUAGE\=objective-c
    export TAPI_LANGUAGE_STANDARD\=compiler-default
    export TAPI_USE_SRCROOT\=YES
    export TAPI_VERIFY_MODE\=Pedantic
    export TARGETED_DEVICE_FAMILY\=1,2
    export TARGETNAME\=hermes-engine
    export TARGET_BUILD_DIR\=/Users/prathamesh/Library/Developer/Xcode/DerivedData/CCAvenueIndiaSdkReactNativeExample-dmeqaxpselaggkfhomgslbamujbl/Build/Products/Debug-iphoneos/hermes-engine
    export TARGET_DEVICE_IDENTIFIER\=00008030-00114C8C1106402E
    export TARGET_DEVICE_MODEL\=iPhone12,1
    export TARGET_DEVICE_OS_VERSION\=26.3.1
    export TARGET_DEVICE_PLATFORM_NAME\=iphoneos
    export TARGET_NAME\=hermes-engine
    export TARGET_TEMP_DIR\=/Users/prathamesh/Library/Developer/Xcode/DerivedData/CCAvenueIndiaSdkReactNativeExample-dmeqaxpselaggkfhomgslbamujbl/Build/Intermediates.noindex/Pods.build/Debug-iphoneos/hermes-engine.build
    export TEMP_DIR\=/Users/prathamesh/Library/Developer/Xcode/DerivedData/CCAvenueIndiaSdkReactNativeExample-dmeqaxpselaggkfhomgslbamujbl/Build/Intermediates.noindex/Pods.build/Debug-iphoneos/hermes-engine.build
    export TEMP_FILES_DIR\=/Users/prathamesh/Library/Developer/Xcode/DerivedData/CCAvenueIndiaSdkReactNativeExample-dmeqaxpselaggkfhomgslbamujbl/Build/Intermediates.noindex/Pods.build/Debug-iphoneos/hermes-engine.build
    export TEMP_FILE_DIR\=/Users/prathamesh/Library/Developer/Xcode/DerivedData/CCAvenueIndiaSdkReactNativeExample-dmeqaxpselaggkfhomgslbamujbl/Build/Intermediates.noindex/Pods.build/Debug-iphoneos/hermes-engine.build
    export TEMP_ROOT\=/Users/prathamesh/Library/Developer/Xcode/DerivedData/CCAvenueIndiaSdkReactNativeExample-dmeqaxpselaggkfhomgslbamujbl/Build/Intermediates.noindex
    export TEMP_SANDBOX_DIR\=/Users/prathamesh/Library/Developer/Xcode/DerivedData/CCAvenueIndiaSdkReactNativeExample-dmeqaxpselaggkfhomgslbamujbl/Build/Intermediates.noindex/TemporaryTaskSandboxes
    export TEST_FRAMEWORK_SEARCH_PATHS\=\ /Applications/Xcode.app/Contents/Developer/Platforms/iPhoneOS.platform/Developer/Library/Frameworks\ /Applications/Xcode.app/Contents/Developer/Platforms/iPhoneOS.platform/Developer/SDKs/iPhoneOS26.2.sdk/Developer/Library/Frameworks
    export TEST_LIBRARY_SEARCH_PATHS\=\ /Applications/Xcode.app/Contents/Developer/Platforms/iPhoneOS.platform/Developer/usr/lib
    export TOOLCHAINS\=com.apple.dt.toolchain.XcodeDefault
    export TOOLCHAIN_DIR\=/Applications/Xcode.app/Contents/Developer/Toolchains/XcodeDefault.xctoolchain
    export TREAT_MISSING_BASELINES_AS_TEST_FAILURES\=NO
    export TREAT_MISSING_SCRIPT_PHASE_OUTPUTS_AS_ERRORS\=NO
    export UID\=502
    export UNINSTALLED_PRODUCTS_DIR\=/Users/prathamesh/Library/Developer/Xcode/DerivedData/CCAvenueIndiaSdkReactNativeExample-dmeqaxpselaggkfhomgslbamujbl/Build/Intermediates.noindex/UninstalledProducts
    export UNSTRIPPED_PRODUCT\=NO
    export USER\=prathamesh
    export USER_APPS_DIR\=/Users/prathamesh/Applications
    export USER_LIBRARY_DIR\=/Users/prathamesh/Library
    export USE_DYNAMIC_NO_PIC\=YES
    export USE_HEADERMAP\=YES
    export USE_HEADER_SYMLINKS\=NO
    export USE_HERMES\=true
    export USE_RECURSIVE_SCRIPT_INPUTS_IN_SCRIPT_PHASES\=YES
    export VALIDATE_DEVELOPMENT_ASSET_PATHS\=YES_ERROR
    export VALIDATE_PRODUCT\=NO
    export VALID_ARCHS\=arm64\ arm64e\ armv7\ armv7s
    export VERBOSE_PBXCP\=NO
    export VERSION_INFO_BUILDER\=prathamesh
    export VERSION_INFO_FILE\=hermes-engine_vers.c
    export VERSION_INFO_STRING\=\"@\(\#\)PROGRAM:hermes-engine\ \ PROJECT:Pods-\"
    export WORKSPACE_DIR\=/Users/prathamesh/StudioProjects/ccavenue-india-sdk-react-native/example/ios
    export WRAP_ASSET_PACKS_IN_SEPARATE_DIRECTORIES\=NO
    export XCODE_APP_SUPPORT_DIR\=/Applications/Xcode.app/Contents/Developer/Library/Xcode
    export XCODE_PRODUCT_BUILD_VERSION\=17C52
    export XCODE_VERSION_ACTUAL\=2620
    export XCODE_VERSION_MAJOR\=2600
    export XCODE_VERSION_MINOR\=2620
    export XPCSERVICES_FOLDER_PATH\=/XPCServices
    export YACC\=yacc
    export _DISCOVER_COMMAND_LINE_LINKER_INPUTS\=YES
    export _DISCOVER_COMMAND_LINE_LINKER_INPUTS_INCLUDE_WL\=YES
    export _LD_MULTIARCH\=YES
    export __DIAGNOSE_DEPRECATED_ARCHS\=YES
    export arch\=undefined_arch
    export variant\=normal
    /bin/sh -c /Users/prathamesh/Library/Developer/Xcode/DerivedData/CCAvenueIndiaSdkReactNativeExample-dmeqaxpselaggkfhomgslbamujbl/Build/Intermediates.noindex/Pods.build/Debug-iphoneos/hermes-engine.build/Script-46EB2E0001D000.sh
Node found at: /opt/homebrew/Cellar/node@20/20.19.6/bin/node
No previous build detected, but Debug Configuration. No need to replace Hermes engine

ProcessInfoPlistFile /Users/prathamesh/Library/Developer/Xcode/DerivedData/CCAvenueIndiaSdkReactNativeExample-dmeqaxpselaggkfhomgslbamujbl/Build/Products/Debug-iphoneos/boost/boost_privacy.bundle/Info.plist /Users/prathamesh/StudioProjects/ccavenue-india-sdk-react-native/example/ios/Pods/Target\ Support\ Files/boost/ResourceBundle-boost_privacy-boost-Info.plist (in target 'boost-boost_privacy' from project 'Pods')
    cd /Users/prathamesh/StudioProjects/ccavenue-india-sdk-react-native/example/ios/Pods
    builtin-infoPlistUtility /Users/prathamesh/StudioProjects/ccavenue-india-sdk-react-native/example/ios/Pods/Target\ Support\ Files/boost/ResourceBundle-boost_privacy-boost-Info.plist -producttype com.apple.product-type.bundle -expandbuildsettings -format binary -platform iphoneos -requiredArchitecture arm64 -o /Users/prathamesh/Library/Developer/Xcode/DerivedData/CCAvenueIndiaSdkReactNativeExample-dmeqaxpselaggkfhomgslbamujbl/Build/Products/Debug-iphoneos/boost/boost_privacy.bundle/Info.plist

CreateBuildDirectory /Users/prathamesh/Library/Developer/Xcode/DerivedData/CCAvenueIndiaSdkReactNativeExample-dmeqaxpselaggkfhomgslbamujbl/Build/Products/Debug-iphoneos/React-webperformancenativemodule
    cd /Users/prathamesh/StudioProjects/ccavenue-india-sdk-react-native/example/ios
    builtin-create-build-directory /Users/prathamesh/Library/Developer/Xcode/DerivedData/CCAvenueIndiaSdkReactNativeExample-dmeqaxpselaggkfhomgslbamujbl/Build/Products/Debug-iphoneos/React-webperformancenativemodule

CreateBuildDirectory /Users/prathamesh/Library/Developer/Xcode/DerivedData/CCAvenueIndiaSdkReactNativeExample-dmeqaxpselaggkfhomgslbamujbl/Build/Products/Debug-iphoneos/React-utils
    cd /Users/prathamesh/StudioProjects/ccavenue-india-sdk-react-native/example/ios
    builtin-create-build-directory /Users/prathamesh/Library/Developer/Xcode/DerivedData/CCAvenueIndiaSdkReactNativeExample-dmeqaxpselaggkfhomgslbamujbl/Build/Products/Debug-iphoneos/React-utils

CreateBuildDirectory /Users/prathamesh/Library/Developer/Xcode/DerivedData/CCAvenueIndiaSdkReactNativeExample-dmeqaxpselaggkfhomgslbamujbl/Build/Products/Debug-iphoneos/React-runtimescheduler
    cd /Users/prathamesh/StudioProjects/ccavenue-india-sdk-react-native/example/ios
    builtin-create-build-directory /Users/prathamesh/Library/Developer/Xcode/DerivedData/CCAvenueIndiaSdkReactNativeExample-dmeqaxpselaggkfhomgslbamujbl/Build/Products/Debug-iphoneos/React-runtimescheduler

ProcessInfoPlistFile /Users/prathamesh/Library/Developer/Xcode/DerivedData/CCAvenueIndiaSdkReactNativeExample-dmeqaxpselaggkfhomgslbamujbl/Build/Products/Debug-iphoneos/glog/glog_privacy.bundle/Info.plist /Users/prathamesh/StudioProjects/ccavenue-india-sdk-react-native/example/ios/Pods/Target\ Support\ Files/glog/ResourceBundle-glog_privacy-glog-Info.plist (in target 'glog-glog_privacy' from project 'Pods')
    cd /Users/prathamesh/StudioProjects/ccavenue-india-sdk-react-native/example/ios/Pods
    builtin-infoPlistUtility /Users/prathamesh/StudioProjects/ccavenue-india-sdk-react-native/example/ios/Pods/Target\ Support\ Files/glog/ResourceBundle-glog_privacy-glog-Info.plist -producttype com.apple.product-type.bundle -expandbuildsettings -format binary -platform iphoneos -requiredArchitecture arm64 -o /Users/prathamesh/Library/Developer/Xcode/DerivedData/CCAvenueIndiaSdkReactNativeExample-dmeqaxpselaggkfhomgslbamujbl/Build/Products/Debug-iphoneos/glog/glog_privacy.bundle/Info.plist

CreateBuildDirectory /Users/prathamesh/Library/Developer/Xcode/DerivedData/CCAvenueIndiaSdkReactNativeExample-dmeqaxpselaggkfhomgslbamujbl/Build/Products/Debug-iphoneos/React-runtimeexecutor
    cd /Users/prathamesh/StudioProjects/ccavenue-india-sdk-react-native/example/ios
    builtin-create-build-directory /Users/prathamesh/Library/Developer/Xcode/DerivedData/CCAvenueIndiaSdkReactNativeExample-dmeqaxpselaggkfhomgslbamujbl/Build/Products/Debug-iphoneos/React-runtimeexecutor

CreateBuildDirectory /Users/prathamesh/Library/Developer/Xcode/DerivedData/CCAvenueIndiaSdkReactNativeExample-dmeqaxpselaggkfhomgslbamujbl/Build/Products/Debug-iphoneos/React-rendererdebug
    cd /Users/prathamesh/StudioProjects/ccavenue-india-sdk-react-native/example/ios
    builtin-create-build-directory /Users/prathamesh/Library/Developer/Xcode/DerivedData/CCAvenueIndiaSdkReactNativeExample-dmeqaxpselaggkfhomgslbamujbl/Build/Products/Debug-iphoneos/React-rendererdebug

CreateBuildDirectory /Users/prathamesh/Library/Developer/Xcode/DerivedData/CCAvenueIndiaSdkReactNativeExample-dmeqaxpselaggkfhomgslbamujbl/Build/Products/Debug-iphoneos/React-renderercss
    cd /Users/prathamesh/StudioProjects/ccavenue-india-sdk-react-native/example/ios
    builtin-create-build-directory /Users/prathamesh/Library/Developer/Xcode/DerivedData/CCAvenueIndiaSdkReactNativeExample-dmeqaxpselaggkfhomgslbamujbl/Build/Products/Debug-iphoneos/React-renderercss

CreateBuildDirectory /Users/prathamesh/Library/Developer/Xcode/DerivedData/CCAvenueIndiaSdkReactNativeExample-dmeqaxpselaggkfhomgslbamujbl/Build/Products/Debug-iphoneos/React-rendererconsistency
    cd /Users/prathamesh/StudioProjects/ccavenue-india-sdk-react-native/example/ios
    builtin-create-build-directory /Users/prathamesh/Library/Developer/Xcode/DerivedData/CCAvenueIndiaSdkReactNativeExample-dmeqaxpselaggkfhomgslbamujbl/Build/Products/Debug-iphoneos/React-rendererconsistency

CreateBuildDirectory /Users/prathamesh/Library/Developer/Xcode/DerivedData/CCAvenueIndiaSdkReactNativeExample-dmeqaxpselaggkfhomgslbamujbl/Build/Products/Debug-iphoneos/React-performancetimeline
    cd /Users/prathamesh/StudioProjects/ccavenue-india-sdk-react-native/example/ios
    builtin-create-build-directory /Users/prathamesh/Library/Developer/Xcode/DerivedData/CCAvenueIndiaSdkReactNativeExample-dmeqaxpselaggkfhomgslbamujbl/Build/Products/Debug-iphoneos/React-performancetimeline

CreateBuildDirectory /Users/prathamesh/Library/Developer/Xcode/DerivedData/CCAvenueIndiaSdkReactNativeExample-dmeqaxpselaggkfhomgslbamujbl/Build/Products/Debug-iphoneos/React-performancecdpmetrics
    cd /Users/prathamesh/StudioProjects/ccavenue-india-sdk-react-native/example/ios
    builtin-create-build-directory /Users/prathamesh/Library/Developer/Xcode/DerivedData/CCAvenueIndiaSdkReactNativeExample-dmeqaxpselaggkfhomgslbamujbl/Build/Products/Debug-iphoneos/React-performancecdpmetrics

CreateBuildDirectory /Users/prathamesh/Library/Developer/Xcode/DerivedData/CCAvenueIndiaSdkReactNativeExample-dmeqaxpselaggkfhomgslbamujbl/Build/Products/Debug-iphoneos/React-perflogger
    cd /Users/prathamesh/StudioProjects/ccavenue-india-sdk-react-native/example/ios
    builtin-create-build-directory /Users/prathamesh/Library/Developer/Xcode/DerivedData/CCAvenueIndiaSdkReactNativeExample-dmeqaxpselaggkfhomgslbamujbl/Build/Products/Debug-iphoneos/React-perflogger

CreateBuildDirectory /Users/prathamesh/Library/Developer/Xcode/DerivedData/CCAvenueIndiaSdkReactNativeExample-dmeqaxpselaggkfhomgslbamujbl/Build/Products/Debug-iphoneos/React-oscompat
    cd /Users/prathamesh/StudioProjects/ccavenue-india-sdk-react-native/example/ios
    builtin-create-build-directory /Users/prathamesh/Library/Developer/Xcode/DerivedData/CCAvenueIndiaSdkReactNativeExample-dmeqaxpselaggkfhomgslbamujbl/Build/Products/Debug-iphoneos/React-oscompat

CreateBuildDirectory /Users/prathamesh/Library/Developer/Xcode/DerivedData/CCAvenueIndiaSdkReactNativeExample-dmeqaxpselaggkfhomgslbamujbl/Build/Products/Debug-iphoneos/React-networking
    cd /Users/prathamesh/StudioProjects/ccavenue-india-sdk-react-native/example/ios
    builtin-create-build-directory /Users/prathamesh/Library/Developer/Xcode/DerivedData/CCAvenueIndiaSdkReactNativeExample-dmeqaxpselaggkfhomgslbamujbl/Build/Products/Debug-iphoneos/React-networking

CreateBuildDirectory /Users/prathamesh/Library/Developer/Xcode/DerivedData/CCAvenueIndiaSdkReactNativeExample-dmeqaxpselaggkfhomgslbamujbl/Build/Products/Debug-iphoneos/React-microtasksnativemodule
    cd /Users/prathamesh/StudioProjects/ccavenue-india-sdk-react-native/example/ios
    builtin-create-build-directory /Users/prathamesh/Library/Developer/Xcode/DerivedData/CCAvenueIndiaSdkReactNativeExample-dmeqaxpselaggkfhomgslbamujbl/Build/Products/Debug-iphoneos/React-microtasksnativemodule

CreateBuildDirectory /Users/prathamesh/Library/Developer/Xcode/DerivedData/CCAvenueIndiaSdkReactNativeExample-dmeqaxpselaggkfhomgslbamujbl/Build/Products/Debug-iphoneos/React-logger
    cd /Users/prathamesh/StudioProjects/ccavenue-india-sdk-react-native/example/ios
    builtin-create-build-directory /Users/prathamesh/Library/Developer/Xcode/DerivedData/CCAvenueIndiaSdkReactNativeExample-dmeqaxpselaggkfhomgslbamujbl/Build/Products/Debug-iphoneos/React-logger

CreateBuildDirectory /Users/prathamesh/Library/Developer/Xcode/DerivedData/CCAvenueIndiaSdkReactNativeExample-dmeqaxpselaggkfhomgslbamujbl/Build/Products/Debug-iphoneos/React-jsitooling
    cd /Users/prathamesh/StudioProjects/ccavenue-india-sdk-react-native/example/ios
    builtin-create-build-directory /Users/prathamesh/Library/Developer/Xcode/DerivedData/CCAvenueIndiaSdkReactNativeExample-dmeqaxpselaggkfhomgslbamujbl/Build/Products/Debug-iphoneos/React-jsitooling

CreateBuildDirectory /Users/prathamesh/Library/Developer/Xcode/DerivedData/CCAvenueIndiaSdkReactNativeExample-dmeqaxpselaggkfhomgslbamujbl/Build/Products/Debug-iphoneos/React-jsinspectortracing
    cd /Users/prathamesh/StudioProjects/ccavenue-india-sdk-react-native/example/ios
    builtin-create-build-directory /Users/prathamesh/Library/Developer/Xcode/DerivedData/CCAvenueIndiaSdkReactNativeExample-dmeqaxpselaggkfhomgslbamujbl/Build/Products/Debug-iphoneos/React-jsinspectortracing

CreateBuildDirectory /Users/prathamesh/Library/Developer/Xcode/DerivedData/CCAvenueIndiaSdkReactNativeExample-dmeqaxpselaggkfhomgslbamujbl/Build/Products/Debug-iphoneos/React-jsinspectorcdp
    cd /Users/prathamesh/StudioProjects/ccavenue-india-sdk-react-native/example/ios
    builtin-create-build-directory /Users/prathamesh/Library/Developer/Xcode/DerivedData/CCAvenueIndiaSdkReactNativeExample-dmeqaxpselaggkfhomgslbamujbl/Build/Products/Debug-iphoneos/React-jsinspectorcdp

CreateBuildDirectory /Users/prathamesh/Library/Developer/Xcode/DerivedData/CCAvenueIndiaSdkReactNativeExample-dmeqaxpselaggkfhomgslbamujbl/Build/Products/Debug-iphoneos/React-jsinspector
    cd /Users/prathamesh/StudioProjects/ccavenue-india-sdk-react-native/example/ios
    builtin-create-build-directory /Users/prathamesh/Library/Developer/Xcode/DerivedData/CCAvenueIndiaSdkReactNativeExample-dmeqaxpselaggkfhomgslbamujbl/Build/Products/Debug-iphoneos/React-jsinspector

CreateBuildDirectory /Users/prathamesh/Library/Developer/Xcode/DerivedData/CCAvenueIndiaSdkReactNativeExample-dmeqaxpselaggkfhomgslbamujbl/Build/Products/Debug-iphoneos/React-jsiexecutor
    cd /Users/prathamesh/StudioProjects/ccavenue-india-sdk-react-native/example/ios
    builtin-create-build-directory /Users/prathamesh/Library/Developer/Xcode/DerivedData/CCAvenueIndiaSdkReactNativeExample-dmeqaxpselaggkfhomgslbamujbl/Build/Products/Debug-iphoneos/React-jsiexecutor

CreateBuildDirectory /Users/prathamesh/Library/Developer/Xcode/DerivedData/CCAvenueIndiaSdkReactNativeExample-dmeqaxpselaggkfhomgslbamujbl/Build/Products/Debug-iphoneos/React-jsi
    cd /Users/prathamesh/StudioProjects/ccavenue-india-sdk-react-native/example/ios
    builtin-create-build-directory /Users/prathamesh/Library/Developer/Xcode/DerivedData/CCAvenueIndiaSdkReactNativeExample-dmeqaxpselaggkfhomgslbamujbl/Build/Products/Debug-iphoneos/React-jsi

CreateBuildDirectory /Users/prathamesh/Library/Developer/Xcode/DerivedData/CCAvenueIndiaSdkReactNativeExample-dmeqaxpselaggkfhomgslbamujbl/Build/Products/Debug-iphoneos/React-jserrorhandler
    cd /Users/prathamesh/StudioProjects/ccavenue-india-sdk-react-native/example/ios
    builtin-create-build-directory /Users/prathamesh/Library/Developer/Xcode/DerivedData/CCAvenueIndiaSdkReactNativeExample-dmeqaxpselaggkfhomgslbamujbl/Build/Products/Debug-iphoneos/React-jserrorhandler

CreateBuildDirectory /Users/prathamesh/Library/Developer/Xcode/DerivedData/CCAvenueIndiaSdkReactNativeExample-dmeqaxpselaggkfhomgslbamujbl/Build/Products/Debug-iphoneos/React-intersectionobservernativemodule
    cd /Users/prathamesh/StudioProjects/ccavenue-india-sdk-react-native/example/ios
    builtin-create-build-directory /Users/prathamesh/Library/Developer/Xcode/DerivedData/CCAvenueIndiaSdkReactNativeExample-dmeqaxpselaggkfhomgslbamujbl/Build/Products/Debug-iphoneos/React-intersectionobservernativemodule

CreateBuildDirectory /Users/prathamesh/Library/Developer/Xcode/DerivedData/CCAvenueIndiaSdkReactNativeExample-dmeqaxpselaggkfhomgslbamujbl/Build/Products/Debug-iphoneos/React-idlecallbacksnativemodule
    cd /Users/prathamesh/StudioProjects/ccavenue-india-sdk-react-native/example/ios
    builtin-create-build-directory /Users/prathamesh/Library/Developer/Xcode/DerivedData/CCAvenueIndiaSdkReactNativeExample-dmeqaxpselaggkfhomgslbamujbl/Build/Products/Debug-iphoneos/React-idlecallbacksnativemodule

CreateBuildDirectory /Users/prathamesh/Library/Developer/Xcode/DerivedData/CCAvenueIndiaSdkReactNativeExample-dmeqaxpselaggkfhomgslbamujbl/Build/Products/Debug-iphoneos/React-hermes
    cd /Users/prathamesh/StudioProjects/ccavenue-india-sdk-react-native/example/ios
    builtin-create-build-directory /Users/prathamesh/Library/Developer/Xcode/DerivedData/CCAvenueIndiaSdkReactNativeExample-dmeqaxpselaggkfhomgslbamujbl/Build/Products/Debug-iphoneos/React-hermes

CreateBuildDirectory /Users/prathamesh/Library/Developer/Xcode/DerivedData/CCAvenueIndiaSdkReactNativeExample-dmeqaxpselaggkfhomgslbamujbl/Build/Products/Debug-iphoneos/React-graphics
    cd /Users/prathamesh/StudioProjects/ccavenue-india-sdk-react-native/example/ios
    builtin-create-build-directory /Users/prathamesh/Library/Developer/Xcode/DerivedData/CCAvenueIndiaSdkReactNativeExample-dmeqaxpselaggkfhomgslbamujbl/Build/Products/Debug-iphoneos/React-graphics

CreateBuildDirectory /Users/prathamesh/Library/Developer/Xcode/DerivedData/CCAvenueIndiaSdkReactNativeExample-dmeqaxpselaggkfhomgslbamujbl/Build/Products/Debug-iphoneos/React-featureflagsnativemodule
    cd /Users/prathamesh/StudioProjects/ccavenue-india-sdk-react-native/example/ios
    builtin-create-build-directory /Users/prathamesh/Library/Developer/Xcode/DerivedData/CCAvenueIndiaSdkReactNativeExample-dmeqaxpselaggkfhomgslbamujbl/Build/Products/Debug-iphoneos/React-featureflagsnativemodule

CreateBuildDirectory /Users/prathamesh/Library/Developer/Xcode/DerivedData/CCAvenueIndiaSdkReactNativeExample-dmeqaxpselaggkfhomgslbamujbl/Build/Products/Debug-iphoneos/React-featureflags
    cd /Users/prathamesh/StudioProjects/ccavenue-india-sdk-react-native/example/ios
    builtin-create-build-directory /Users/prathamesh/Library/Developer/Xcode/DerivedData/CCAvenueIndiaSdkReactNativeExample-dmeqaxpselaggkfhomgslbamujbl/Build/Products/Debug-iphoneos/React-featureflags

CreateBuildDirectory /Users/prathamesh/Library/Developer/Xcode/DerivedData/CCAvenueIndiaSdkReactNativeExample-dmeqaxpselaggkfhomgslbamujbl/Build/Products/Debug-iphoneos/React-domnativemodule
    cd /Users/prathamesh/StudioProjects/ccavenue-india-sdk-react-native/example/ios
    builtin-create-build-directory /Users/prathamesh/Library/Developer/Xcode/DerivedData/CCAvenueIndiaSdkReactNativeExample-dmeqaxpselaggkfhomgslbamujbl/Build/Products/Debug-iphoneos/React-domnativemodule

CreateBuildDirectory /Users/prathamesh/Library/Developer/Xcode/DerivedData/CCAvenueIndiaSdkReactNativeExample-dmeqaxpselaggkfhomgslbamujbl/Build/Products/Debug-iphoneos/React-defaultsnativemodule
    cd /Users/prathamesh/StudioProjects/ccavenue-india-sdk-react-native/example/ios
    builtin-create-build-directory /Users/prathamesh/Library/Developer/Xcode/DerivedData/CCAvenueIndiaSdkReactNativeExample-dmeqaxpselaggkfhomgslbamujbl/Build/Products/Debug-iphoneos/React-defaultsnativemodule

CreateBuildDirectory /Users/prathamesh/Library/Developer/Xcode/DerivedData/CCAvenueIndiaSdkReactNativeExample-dmeqaxpselaggkfhomgslbamujbl/Build/Products/Debug-iphoneos/React-debug
    cd /Users/prathamesh/StudioProjects/ccavenue-india-sdk-react-native/example/ios
    builtin-create-build-directory /Users/prathamesh/Library/Developer/Xcode/DerivedData/CCAvenueIndiaSdkReactNativeExample-dmeqaxpselaggkfhomgslbamujbl/Build/Products/Debug-iphoneos/React-debug

CreateBuildDirectory /Users/prathamesh/Library/Developer/Xcode/DerivedData/CCAvenueIndiaSdkReactNativeExample-dmeqaxpselaggkfhomgslbamujbl/Build/Products/Debug-iphoneos/React-cxxreact
    cd /Users/prathamesh/StudioProjects/ccavenue-india-sdk-react-native/example/ios
    builtin-create-build-directory /Users/prathamesh/Library/Developer/Xcode/DerivedData/CCAvenueIndiaSdkReactNativeExample-dmeqaxpselaggkfhomgslbamujbl/Build/Products/Debug-iphoneos/React-cxxreact

CreateBuildDirectory /Users/prathamesh/Library/Developer/Xcode/DerivedData/CCAvenueIndiaSdkReactNativeExample-dmeqaxpselaggkfhomgslbamujbl/Build/Products/Debug-iphoneos/React-callinvoker
    cd /Users/prathamesh/StudioProjects/ccavenue-india-sdk-react-native/example/ios
    builtin-create-build-directory /Users/prathamesh/Library/Developer/Xcode/DerivedData/CCAvenueIndiaSdkReactNativeExample-dmeqaxpselaggkfhomgslbamujbl/Build/Products/Debug-iphoneos/React-callinvoker

CreateBuildDirectory /Users/prathamesh/Library/Developer/Xcode/DerivedData/CCAvenueIndiaSdkReactNativeExample-dmeqaxpselaggkfhomgslbamujbl/Build/Products/Debug-iphoneos/React-RuntimeHermes
    cd /Users/prathamesh/StudioProjects/ccavenue-india-sdk-react-native/example/ios
    builtin-create-build-directory /Users/prathamesh/Library/Developer/Xcode/DerivedData/CCAvenueIndiaSdkReactNativeExample-dmeqaxpselaggkfhomgslbamujbl/Build/Products/Debug-iphoneos/React-RuntimeHermes

CreateBuildDirectory /Users/prathamesh/Library/Developer/Xcode/DerivedData/CCAvenueIndiaSdkReactNativeExample-dmeqaxpselaggkfhomgslbamujbl/Build/Products/Debug-iphoneos/React-RuntimeCore
    cd /Users/prathamesh/StudioProjects/ccavenue-india-sdk-react-native/example/ios
    builtin-create-build-directory /Users/prathamesh/Library/Developer/Xcode/DerivedData/CCAvenueIndiaSdkReactNativeExample-dmeqaxpselaggkfhomgslbamujbl/Build/Products/Debug-iphoneos/React-RuntimeCore

CreateBuildDirectory /Users/prathamesh/Library/Developer/Xcode/DerivedData/CCAvenueIndiaSdkReactNativeExample-dmeqaxpselaggkfhomgslbamujbl/Build/Products/Debug-iphoneos/React-RuntimeApple
    cd /Users/prathamesh/StudioProjects/ccavenue-india-sdk-react-native/example/ios
    builtin-create-build-directory /Users/prathamesh/Library/Developer/Xcode/DerivedData/CCAvenueIndiaSdkReactNativeExample-dmeqaxpselaggkfhomgslbamujbl/Build/Products/Debug-iphoneos/React-RuntimeApple

CreateBuildDirectory /Users/prathamesh/Library/Developer/Xcode/DerivedData/CCAvenueIndiaSdkReactNativeExample-dmeqaxpselaggkfhomgslbamujbl/Build/Products/Debug-iphoneos/React-RCTText
    cd /Users/prathamesh/StudioProjects/ccavenue-india-sdk-react-native/example/ios
    builtin-create-build-directory /Users/prathamesh/Library/Developer/Xcode/DerivedData/CCAvenueIndiaSdkReactNativeExample-dmeqaxpselaggkfhomgslbamujbl/Build/Products/Debug-iphoneos/React-RCTText

ProcessInfoPlistFile /Users/prathamesh/Library/Developer/Xcode/DerivedData/CCAvenueIndiaSdkReactNativeExample-dmeqaxpselaggkfhomgslbamujbl/Build/Products/Debug-iphoneos/React-cxxreact/React-cxxreact_privacy.bundle/Info.plist /Users/prathamesh/StudioProjects/ccavenue-india-sdk-react-native/example/ios/Pods/Target\ Support\ Files/React-cxxreact/ResourceBundle-React-cxxreact_privacy-React-cxxreact-Info.plist (in target 'React-cxxreact-React-cxxreact_privacy' from project 'Pods')
    cd /Users/prathamesh/StudioProjects/ccavenue-india-sdk-react-native/example/ios/Pods
    builtin-infoPlistUtility /Users/prathamesh/StudioProjects/ccavenue-india-sdk-react-native/example/ios/Pods/Target\ Support\ Files/React-cxxreact/ResourceBundle-React-cxxreact_privacy-React-cxxreact-Info.plist -producttype com.apple.product-type.bundle -expandbuildsettings -format binary -platform iphoneos -requiredArchitecture arm64 -o /Users/prathamesh/Library/Developer/Xcode/DerivedData/CCAvenueIndiaSdkReactNativeExample-dmeqaxpselaggkfhomgslbamujbl/Build/Products/Debug-iphoneos/React-cxxreact/React-cxxreact_privacy.bundle/Info.plist

CreateBuildDirectory /Users/prathamesh/Library/Developer/Xcode/DerivedData/CCAvenueIndiaSdkReactNativeExample-dmeqaxpselaggkfhomgslbamujbl/Build/Products/Debug-iphoneos/React-RCTNetwork
    cd /Users/prathamesh/StudioProjects/ccavenue-india-sdk-react-native/example/ios
    builtin-create-build-directory /Users/prathamesh/Library/Developer/Xcode/DerivedData/CCAvenueIndiaSdkReactNativeExample-dmeqaxpselaggkfhomgslbamujbl/Build/Products/Debug-iphoneos/React-RCTNetwork

CreateBuildDirectory /Users/prathamesh/Library/Developer/Xcode/DerivedData/CCAvenueIndiaSdkReactNativeExample-dmeqaxpselaggkfhomgslbamujbl/Build/Products/Debug-iphoneos/React-RCTRuntime
    cd /Users/prathamesh/StudioProjects/ccavenue-india-sdk-react-native/example/ios
    builtin-create-build-directory /Users/prathamesh/Library/Developer/Xcode/DerivedData/CCAvenueIndiaSdkReactNativeExample-dmeqaxpselaggkfhomgslbamujbl/Build/Products/Debug-iphoneos/React-RCTRuntime

CreateBuildDirectory /Users/prathamesh/Library/Developer/Xcode/DerivedData/CCAvenueIndiaSdkReactNativeExample-dmeqaxpselaggkfhomgslbamujbl/Build/Products/Debug-iphoneos/React-RCTImage
    cd /Users/prathamesh/StudioProjects/ccavenue-india-sdk-react-native/example/ios
    builtin-create-build-directory /Users/prathamesh/Library/Developer/Xcode/DerivedData/CCAvenueIndiaSdkReactNativeExample-dmeqaxpselaggkfhomgslbamujbl/Build/Products/Debug-iphoneos/React-RCTImage

CreateBuildDirectory /Users/prathamesh/Library/Developer/Xcode/DerivedData/CCAvenueIndiaSdkReactNativeExample-dmeqaxpselaggkfhomgslbamujbl/Build/Products/Debug-iphoneos/React-RCTFabric
    cd /Users/prathamesh/StudioProjects/ccavenue-india-sdk-react-native/example/ios
    builtin-create-build-directory /Users/prathamesh/Library/Developer/Xcode/DerivedData/CCAvenueIndiaSdkReactNativeExample-dmeqaxpselaggkfhomgslbamujbl/Build/Products/Debug-iphoneos/React-RCTFabric

CreateBuildDirectory /Users/prathamesh/Library/Developer/Xcode/DerivedData/CCAvenueIndiaSdkReactNativeExample-dmeqaxpselaggkfhomgslbamujbl/Build/Products/Debug-iphoneos/React-RCTFBReactNativeSpec
    cd /Users/prathamesh/StudioProjects/ccavenue-india-sdk-react-native/example/ios
    builtin-create-build-directory /Users/prathamesh/Library/Developer/Xcode/DerivedData/CCAvenueIndiaSdkReactNativeExample-dmeqaxpselaggkfhomgslbamujbl/Build/Products/Debug-iphoneos/React-RCTFBReactNativeSpec

CreateBuildDirectory /Users/prathamesh/Library/Developer/Xcode/DerivedData/CCAvenueIndiaSdkReactNativeExample-dmeqaxpselaggkfhomgslbamujbl/Build/Products/Debug-iphoneos/React-RCTBlob
    cd /Users/prathamesh/StudioProjects/ccavenue-india-sdk-react-native/example/ios
    builtin-create-build-directory /Users/prathamesh/Library/Developer/Xcode/DerivedData/CCAvenueIndiaSdkReactNativeExample-dmeqaxpselaggkfhomgslbamujbl/Build/Products/Debug-iphoneos/React-RCTBlob

CreateBuildDirectory /Users/prathamesh/Library/Developer/Xcode/DerivedData/CCAvenueIndiaSdkReactNativeExample-dmeqaxpselaggkfhomgslbamujbl/Build/Products/Debug-iphoneos/React-RCTAppDelegate
    cd /Users/prathamesh/StudioProjects/ccavenue-india-sdk-react-native/example/ios
    builtin-create-build-directory /Users/prathamesh/Library/Developer/Xcode/DerivedData/CCAvenueIndiaSdkReactNativeExample-dmeqaxpselaggkfhomgslbamujbl/Build/Products/Debug-iphoneos/React-RCTAppDelegate

CreateBuildDirectory /Users/prathamesh/Library/Developer/Xcode/DerivedData/CCAvenueIndiaSdkReactNativeExample-dmeqaxpselaggkfhomgslbamujbl/Build/Products/Debug-iphoneos/React-RCTAnimation
    cd /Users/prathamesh/StudioProjects/ccavenue-india-sdk-react-native/example/ios
    builtin-create-build-directory /Users/prathamesh/Library/Developer/Xcode/DerivedData/CCAvenueIndiaSdkReactNativeExample-dmeqaxpselaggkfhomgslbamujbl/Build/Products/Debug-iphoneos/React-RCTAnimation

CreateBuildDirectory /Users/prathamesh/Library/Developer/Xcode/DerivedData/CCAvenueIndiaSdkReactNativeExample-dmeqaxpselaggkfhomgslbamujbl/Build/Products/Debug-iphoneos/React-NativeModulesApple
    cd /Users/prathamesh/StudioProjects/ccavenue-india-sdk-react-native/example/ios
    builtin-create-build-directory /Users/prathamesh/Library/Developer/Xcode/DerivedData/CCAvenueIndiaSdkReactNativeExample-dmeqaxpselaggkfhomgslbamujbl/Build/Products/Debug-iphoneos/React-NativeModulesApple

CreateBuildDirectory /Users/prathamesh/Library/Developer/Xcode/DerivedData/CCAvenueIndiaSdkReactNativeExample-dmeqaxpselaggkfhomgslbamujbl/Build/Products/Debug-iphoneos/React-Mapbuffer
    cd /Users/prathamesh/StudioProjects/ccavenue-india-sdk-react-native/example/ios
    builtin-create-build-directory /Users/prathamesh/Library/Developer/Xcode/DerivedData/CCAvenueIndiaSdkReactNativeExample-dmeqaxpselaggkfhomgslbamujbl/Build/Products/Debug-iphoneos/React-Mapbuffer

CreateBuildDirectory /Users/prathamesh/Library/Developer/Xcode/DerivedData/CCAvenueIndiaSdkReactNativeExample-dmeqaxpselaggkfhomgslbamujbl/Build/Products/Debug-iphoneos/React-ImageManager
    cd /Users/prathamesh/StudioProjects/ccavenue-india-sdk-react-native/example/ios
    builtin-create-build-directory /Users/prathamesh/Library/Developer/Xcode/DerivedData/CCAvenueIndiaSdkReactNativeExample-dmeqaxpselaggkfhomgslbamujbl/Build/Products/Debug-iphoneos/React-ImageManager

CreateBuildDirectory /Users/prathamesh/Library/Developer/Xcode/DerivedData/CCAvenueIndiaSdkReactNativeExample-dmeqaxpselaggkfhomgslbamujbl/Build/Products/Debug-iphoneos/React-FabricImage
    cd /Users/prathamesh/StudioProjects/ccavenue-india-sdk-react-native/example/ios
    builtin-create-build-directory /Users/prathamesh/Library/Developer/Xcode/DerivedData/CCAvenueIndiaSdkReactNativeExample-dmeqaxpselaggkfhomgslbamujbl/Build/Products/Debug-iphoneos/React-FabricImage

CreateBuildDirectory /Users/prathamesh/Library/Developer/Xcode/DerivedData/CCAvenueIndiaSdkReactNativeExample-dmeqaxpselaggkfhomgslbamujbl/Build/Products/Debug-iphoneos/React-FabricComponents
    cd /Users/prathamesh/StudioProjects/ccavenue-india-sdk-react-native/example/ios
    builtin-create-build-directory /Users/prathamesh/Library/Developer/Xcode/DerivedData/CCAvenueIndiaSdkReactNativeExample-dmeqaxpselaggkfhomgslbamujbl/Build/Products/Debug-iphoneos/React-FabricComponents

CreateBuildDirectory /Users/prathamesh/Library/Developer/Xcode/DerivedData/CCAvenueIndiaSdkReactNativeExample-dmeqaxpselaggkfhomgslbamujbl/Build/Products/Debug-iphoneos/React-Fabric
    cd /Users/prathamesh/StudioProjects/ccavenue-india-sdk-react-native/example/ios
    builtin-create-build-directory /Users/prathamesh/Library/Developer/Xcode/DerivedData/CCAvenueIndiaSdkReactNativeExample-dmeqaxpselaggkfhomgslbamujbl/Build/Products/Debug-iphoneos/React-Fabric

CreateBuildDirectory /Users/prathamesh/Library/Developer/Xcode/DerivedData/CCAvenueIndiaSdkReactNativeExample-dmeqaxpselaggkfhomgslbamujbl/Build/Products/Debug-iphoneos/React-CoreModules
    cd /Users/prathamesh/StudioProjects/ccavenue-india-sdk-react-native/example/ios
    builtin-create-build-directory /Users/prathamesh/Library/Developer/Xcode/DerivedData/CCAvenueIndiaSdkReactNativeExample-dmeqaxpselaggkfhomgslbamujbl/Build/Products/Debug-iphoneos/React-CoreModules

CreateBuildDirectory /Users/prathamesh/Library/Developer/Xcode/DerivedData/CCAvenueIndiaSdkReactNativeExample-dmeqaxpselaggkfhomgslbamujbl/Build/Products/Debug-iphoneos/React-Core
    cd /Users/prathamesh/StudioProjects/ccavenue-india-sdk-react-native/example/ios
    builtin-create-build-directory /Users/prathamesh/Library/Developer/Xcode/DerivedData/CCAvenueIndiaSdkReactNativeExample-dmeqaxpselaggkfhomgslbamujbl/Build/Products/Debug-iphoneos/React-Core

CreateBuildDirectory /Users/prathamesh/Library/Developer/Xcode/DerivedData/CCAvenueIndiaSdkReactNativeExample-dmeqaxpselaggkfhomgslbamujbl/Build/Products/Debug-iphoneos/RCTTypeSafety
    cd /Users/prathamesh/StudioProjects/ccavenue-india-sdk-react-native/example/ios
    builtin-create-build-directory /Users/prathamesh/Library/Developer/Xcode/DerivedData/CCAvenueIndiaSdkReactNativeExample-dmeqaxpselaggkfhomgslbamujbl/Build/Products/Debug-iphoneos/RCTTypeSafety

CreateBuildDirectory /Users/prathamesh/Library/Developer/Xcode/DerivedData/CCAvenueIndiaSdkReactNativeExample-dmeqaxpselaggkfhomgslbamujbl/Build/Products/Debug-iphoneos/RCTSwiftUIWrapper
    cd /Users/prathamesh/StudioProjects/ccavenue-india-sdk-react-native/example/ios
    builtin-create-build-directory /Users/prathamesh/Library/Developer/Xcode/DerivedData/CCAvenueIndiaSdkReactNativeExample-dmeqaxpselaggkfhomgslbamujbl/Build/Products/Debug-iphoneos/RCTSwiftUIWrapper

CreateBuildDirectory /Users/prathamesh/Library/Developer/Xcode/DerivedData/CCAvenueIndiaSdkReactNativeExample-dmeqaxpselaggkfhomgslbamujbl/Build/Products/Debug-iphoneos/RCTSwiftUI
    cd /Users/prathamesh/StudioProjects/ccavenue-india-sdk-react-native/example/ios
    builtin-create-build-directory /Users/prathamesh/Library/Developer/Xcode/DerivedData/CCAvenueIndiaSdkReactNativeExample-dmeqaxpselaggkfhomgslbamujbl/Build/Products/Debug-iphoneos/RCTSwiftUI

CreateBuildDirectory /Users/prathamesh/Library/Developer/Xcode/DerivedData/CCAvenueIndiaSdkReactNativeExample-dmeqaxpselaggkfhomgslbamujbl/Build/Products/Debug-iphoneos/RCTRequired
    cd /Users/prathamesh/StudioProjects/ccavenue-india-sdk-react-native/example/ios
    builtin-create-build-directory /Users/prathamesh/Library/Developer/Xcode/DerivedData/CCAvenueIndiaSdkReactNativeExample-dmeqaxpselaggkfhomgslbamujbl/Build/Products/Debug-iphoneos/RCTRequired

CreateBuildDirectory /Users/prathamesh/Library/Developer/Xcode/DerivedData/CCAvenueIndiaSdkReactNativeExample-dmeqaxpselaggkfhomgslbamujbl/Build/Products/Debug-iphoneos/RCTDeprecation
    cd /Users/prathamesh/StudioProjects/ccavenue-india-sdk-react-native/example/ios
    builtin-create-build-directory /Users/prathamesh/Library/Developer/Xcode/DerivedData/CCAvenueIndiaSdkReactNativeExample-dmeqaxpselaggkfhomgslbamujbl/Build/Products/Debug-iphoneos/RCTDeprecation

CreateBuildDirectory /Users/prathamesh/Library/Developer/Xcode/DerivedData/CCAvenueIndiaSdkReactNativeExample-dmeqaxpselaggkfhomgslbamujbl/Build/Products/Debug-iphoneos/RCT-Folly
    cd /Users/prathamesh/StudioProjects/ccavenue-india-sdk-react-native/example/ios
    builtin-create-build-directory /Users/prathamesh/Library/Developer/Xcode/DerivedData/CCAvenueIndiaSdkReactNativeExample-dmeqaxpselaggkfhomgslbamujbl/Build/Products/Debug-iphoneos/RCT-Folly

CreateBuildDirectory /Users/prathamesh/Library/Developer/Xcode/DerivedData/CCAvenueIndiaSdkReactNativeExample-dmeqaxpselaggkfhomgslbamujbl/Build/Products/Debug-iphoneos/FBLazyVector
    cd /Users/prathamesh/StudioProjects/ccavenue-india-sdk-react-native/example/ios
    builtin-create-build-directory /Users/prathamesh/Library/Developer/Xcode/DerivedData/CCAvenueIndiaSdkReactNativeExample-dmeqaxpselaggkfhomgslbamujbl/Build/Products/Debug-iphoneos/FBLazyVector

ProcessInfoPlistFile /Users/prathamesh/Library/Developer/Xcode/DerivedData/CCAvenueIndiaSdkReactNativeExample-dmeqaxpselaggkfhomgslbamujbl/Build/Products/Debug-iphoneos/React-Core/React-Core_privacy.bundle/Info.plist /Users/prathamesh/StudioProjects/ccavenue-india-sdk-react-native/example/ios/Pods/Target\ Support\ Files/React-Core/ResourceBundle-React-Core_privacy-React-Core-Info.plist (in target 'React-Core-React-Core_privacy' from project 'Pods')
    cd /Users/prathamesh/StudioProjects/ccavenue-india-sdk-react-native/example/ios/Pods
    builtin-infoPlistUtility /Users/prathamesh/StudioProjects/ccavenue-india-sdk-react-native/example/ios/Pods/Target\ Support\ Files/React-Core/ResourceBundle-React-Core_privacy-React-Core-Info.plist -producttype com.apple.product-type.bundle -expandbuildsettings -format binary -platform iphoneos -requiredArchitecture arm64 -o /Users/prathamesh/Library/Developer/Xcode/DerivedData/CCAvenueIndiaSdkReactNativeExample-dmeqaxpselaggkfhomgslbamujbl/Build/Products/Debug-iphoneos/React-Core/React-Core_privacy.bundle/Info.plist

CreateBuildDirectory /Users/prathamesh/Library/Developer/Xcode/DerivedData/CCAvenueIndiaSdkReactNativeExample-dmeqaxpselaggkfhomgslbamujbl/Build/Products/Debug-iphoneos/DoubleConversion
    cd /Users/prathamesh/StudioProjects/ccavenue-india-sdk-react-native/example/ios
    builtin-create-build-directory /Users/prathamesh/Library/Developer/Xcode/DerivedData/CCAvenueIndiaSdkReactNativeExample-dmeqaxpselaggkfhomgslbamujbl/Build/Products/Debug-iphoneos/DoubleConversion

ProcessInfoPlistFile /Users/prathamesh/Library/Developer/Xcode/DerivedData/CCAvenueIndiaSdkReactNativeExample-dmeqaxpselaggkfhomgslbamujbl/Build/Products/Debug-iphoneos/RCT-Folly/RCT-Folly_privacy.bundle/Info.plist /Users/prathamesh/StudioProjects/ccavenue-india-sdk-react-native/example/ios/Pods/Target\ Support\ Files/RCT-Folly/ResourceBundle-RCT-Folly_privacy-RCT-Folly-Info.plist (in target 'RCT-Folly-RCT-Folly_privacy' from project 'Pods')
    cd /Users/prathamesh/StudioProjects/ccavenue-india-sdk-react-native/example/ios/Pods
    builtin-infoPlistUtility /Users/prathamesh/StudioProjects/ccavenue-india-sdk-react-native/example/ios/Pods/Target\ Support\ Files/RCT-Folly/ResourceBundle-RCT-Folly_privacy-RCT-Folly-Info.plist -producttype com.apple.product-type.bundle -expandbuildsettings -format binary -platform iphoneos -requiredArchitecture arm64 -o /Users/prathamesh/Library/Developer/Xcode/DerivedData/CCAvenueIndiaSdkReactNativeExample-dmeqaxpselaggkfhomgslbamujbl/Build/Products/Debug-iphoneos/RCT-Folly/RCT-Folly_privacy.bundle/Info.plist

note: Run script build phase '[CP-User] [RN]Check FBReactNativeSpec' will be run during every build because the option to run the script phase "Based on dependency analysis" is unchecked. (in target 'React-RCTFBReactNativeSpec' from project 'Pods')
PhaseScriptExecution [CP-User]\ [RN]Check\ FBReactNativeSpec /Users/prathamesh/Library/Developer/Xcode/DerivedData/CCAvenueIndiaSdkReactNativeExample-dmeqaxpselaggkfhomgslbamujbl/Build/Intermediates.noindex/Pods.build/Debug-iphoneos/React-RCTFBReactNativeSpec.build/Script-46EB2E0001CFC0.sh (in target 'React-RCTFBReactNativeSpec' from project 'Pods')
    cd /Users/prathamesh/StudioProjects/ccavenue-india-sdk-react-native/example/ios/Pods
    export ACTION\=build
    export AD_HOC_CODE_SIGNING_ALLOWED\=NO
    export ALLOW_BUILD_REQUEST_OVERRIDES\=NO
    export ALLOW_TARGET_PLATFORM_SPECIALIZATION\=NO
    export ALTERNATE_GROUP\=staff
    export ALTERNATE_MODE\=u+w,go-w,a+rX
    export ALTERNATE_OWNER\=prathamesh
    export ALTERNATIVE_DISTRIBUTION_WEB\=NO
    export ALWAYS_EMBED_SWIFT_STANDARD_LIBRARIES\=NO
    export ALWAYS_SEARCH_USER_PATHS\=NO
    export ALWAYS_USE_SEPARATE_HEADERMAPS\=NO
    export ANDROID_DEPLOYMENT_TARGET\=21.0
    export APPLICATION_EXTENSION_API_ONLY\=NO
    export APPLY_RULES_IN_COPY_FILES\=NO
    export APPLY_RULES_IN_COPY_HEADERS\=NO
    export APP_SHORTCUTS_ENABLE_FLEXIBLE_MATCHING\=YES
    export ARCHS\=arm64
    export ARCHS_STANDARD\=arm64
    export ARCHS_STANDARD_32_64_BIT\=armv7\ arm64
    export ARCHS_STANDARD_32_BIT\=armv7
    export ARCHS_STANDARD_64_BIT\=arm64
    export ARCHS_STANDARD_INCLUDING_64_BIT\=arm64
    export ARCHS_UNIVERSAL_IPHONE_OS\=armv7\ arm64
    export ASSETCATALOG_FILTER_FOR_DEVICE_MODEL\=iPhone12,1
    export ASSETCATALOG_FILTER_FOR_DEVICE_OS_VERSION\=26.3.1
    export ASSETCATALOG_FILTER_FOR_THINNING_DEVICE_CONFIGURATION\=iPhone12,1
    export AUTOMATICALLY_MERGE_DEPENDENCIES\=NO
    export AUTOMATION_APPLE_EVENTS\=NO
    export AVAILABLE_PLATFORMS\=android\ appletvos\ appletvsimulator\ driverkit\ iphoneos\ iphonesimulator\ macosx\ qnx\ watchos\ watchsimulator\ webassembly\ xros\ xrsimulator
    export BUILD_ACTIVE_RESOURCES_ONLY\=YES
    export BUILD_COMPONENTS\=headers\ build
    export BUILD_DIR\=/Users/prathamesh/Library/Developer/Xcode/DerivedData/CCAvenueIndiaSdkReactNativeExample-dmeqaxpselaggkfhomgslbamujbl/Build/Products
    export BUILD_LIBRARY_FOR_DISTRIBUTION\=NO
    export BUILD_ROOT\=/Users/prathamesh/Library/Developer/Xcode/DerivedData/CCAvenueIndiaSdkReactNativeExample-dmeqaxpselaggkfhomgslbamujbl/Build/Products
    export BUILD_STYLE\=
    export BUILD_VARIANTS\=normal
    export BUILT_PRODUCTS_DIR\=/Users/prathamesh/Library/Developer/Xcode/DerivedData/CCAvenueIndiaSdkReactNativeExample-dmeqaxpselaggkfhomgslbamujbl/Build/Products/Debug-iphoneos/React-RCTFBReactNativeSpec
    export BUNDLE_CONTENTS_FOLDER_PATH_deep\=Contents/
    export BUNDLE_EXECUTABLE_FOLDER_NAME_deep\=MacOS
    export BUNDLE_EXTENSIONS_FOLDER_PATH\=Extensions
    export BUNDLE_FORMAT\=shallow
    export BUNDLE_FRAMEWORKS_FOLDER_PATH\=Frameworks
    export BUNDLE_PLUGINS_FOLDER_PATH\=PlugIns
    export BUNDLE_PRIVATE_HEADERS_FOLDER_PATH\=PrivateHeaders
    export BUNDLE_PUBLIC_HEADERS_FOLDER_PATH\=Headers
    export CACHE_ROOT\=/var/folders/z3/c0yzqj1x10x401p6sk8hp0zm0000gp/C/com.apple.DeveloperTools/26.2-17C52/Xcode
    export CCHROOT\=/var/folders/z3/c0yzqj1x10x401p6sk8hp0zm0000gp/C/com.apple.DeveloperTools/26.2-17C52/Xcode
    export CHMOD\=/bin/chmod
    export CHOWN\=/usr/sbin/chown
    export CLANG_ANALYZER_LOCALIZABILITY_NONLOCALIZED\=YES
    export CLANG_ANALYZER_NONNULL\=YES
    export CLANG_ANALYZER_NUMBER_OBJECT_CONVERSION\=YES_AGGRESSIVE
    export CLANG_CACHE_FINE_GRAINED_OUTPUTS\=YES
    export CLANG_CXX_LANGUAGE_STANDARD\=c++20
    export CLANG_CXX_LIBRARY\=libc++
    export CLANG_ENABLE_EXPLICIT_MODULES\=YES
    export CLANG_ENABLE_MODULES\=YES
    export CLANG_ENABLE_MODULE_DEBUGGING\=NO
    export CLANG_ENABLE_OBJC_ARC\=YES
    export CLANG_ENABLE_OBJC_WEAK\=NO
    export CLANG_MODULES_BUILD_SESSION_FILE\=/Users/prathamesh/Library/Developer/Xcode/DerivedData/ModuleCache.noindex/Session.modulevalidation
    export CLANG_WARN_BLOCK_CAPTURE_AUTORELEASING\=YES
    export CLANG_WARN_BOOL_CONVERSION\=YES
    export CLANG_WARN_COMMA\=YES
    export CLANG_WARN_CONSTANT_CONVERSION\=YES
    export CLANG_WARN_DEPRECATED_OBJC_IMPLEMENTATIONS\=YES
    export CLANG_WARN_DIRECT_OBJC_ISA_USAGE\=YES_ERROR
    export CLANG_WARN_DOCUMENTATION_COMMENTS\=YES
    export CLANG_WARN_EMPTY_BODY\=YES
    export CLANG_WARN_ENUM_CONVERSION\=YES
    export CLANG_WARN_INFINITE_RECURSION\=YES
    export CLANG_WARN_INT_CONVERSION\=YES
    export CLANG_WARN_NON_LITERAL_NULL_CONVERSION\=YES
    export CLANG_WARN_OBJC_IMPLICIT_RETAIN_SELF\=YES
    export CLANG_WARN_OBJC_LITERAL_CONVERSION\=YES
    export CLANG_WARN_OBJC_ROOT_CLASS\=YES_ERROR
    export CLANG_WARN_QUOTED_INCLUDE_IN_FRAMEWORK_HEADER\=NO
    export CLANG_WARN_RANGE_LOOP_ANALYSIS\=YES
    export CLANG_WARN_STRICT_PROTOTYPES\=YES
    export CLANG_WARN_SUSPICIOUS_MOVE\=YES
    export CLANG_WARN_UNGUARDED_AVAILABILITY\=YES_AGGRESSIVE
    export CLANG_WARN_UNREACHABLE_CODE\=YES
    export CLANG_WARN__DUPLICATE_METHOD_MATCH\=YES
    export CLASS_FILE_DIR\=/Users/prathamesh/Library/Developer/Xcode/DerivedData/CCAvenueIndiaSdkReactNativeExample-dmeqaxpselaggkfhomgslbamujbl/Build/Intermediates.noindex/Pods.build/Debug-iphoneos/React-RCTFBReactNativeSpec.build/JavaClasses
    export CLEAN_PRECOMPS\=YES
    export CLONE_HEADERS\=NO
    export CODESIGNING_FOLDER_PATH\=/Users/prathamesh/Library/Developer/Xcode/DerivedData/CCAvenueIndiaSdkReactNativeExample-dmeqaxpselaggkfhomgslbamujbl/Build/Products/Debug-iphoneos/React-RCTFBReactNativeSpec/libReact-RCTFBReactNativeSpec.a
    export CODE_SIGNING_ALLOWED\=NO
    export CODE_SIGNING_REQUIRED\=YES
    export CODE_SIGN_CONTEXT_CLASS\=XCiPhoneOSCodeSignContext
    export CODE_SIGN_INJECT_BASE_ENTITLEMENTS\=YES
    export COLOR_DIAGNOSTICS\=NO
    export COMBINE_HIDPI_IMAGES\=NO
    export COMPILATION_CACHE_CAS_PATH\=/Users/prathamesh/Library/Developer/Xcode/DerivedData/CompilationCache.noindex
    export COMPILATION_CACHE_KEEP_CAS_DIRECTORY\=YES
    export COMPILER_INDEX_STORE_ENABLE\=Default
    export COMPOSITE_SDK_DIRS\=/Users/prathamesh/Library/Developer/Xcode/DerivedData/CCAvenueIndiaSdkReactNativeExample-dmeqaxpselaggkfhomgslbamujbl/Build/Intermediates.noindex/CompositeSDKs
    export COMPRESS_PNG_FILES\=YES
    export CONFIGURATION\=Debug
    export CONFIGURATION_BUILD_DIR\=/Users/prathamesh/Library/Developer/Xcode/DerivedData/CCAvenueIndiaSdkReactNativeExample-dmeqaxpselaggkfhomgslbamujbl/Build/Products/Debug-iphoneos/React-RCTFBReactNativeSpec
    export CONFIGURATION_TEMP_DIR\=/Users/prathamesh/Library/Developer/Xcode/DerivedData/CCAvenueIndiaSdkReactNativeExample-dmeqaxpselaggkfhomgslbamujbl/Build/Intermediates.noindex/Pods.build/Debug-iphoneos
    export COPYING_PRESERVES_HFS_DATA\=NO
    export COPY_HEADERS_RUN_UNIFDEF\=NO
    export COPY_PHASE_STRIP\=NO
    export CORRESPONDING_SIMULATOR_PLATFORM_DIR\=/Applications/Xcode.app/Contents/Developer/Platforms/iPhoneSimulator.platform
    export CORRESPONDING_SIMULATOR_PLATFORM_NAME\=iphonesimulator
    export CORRESPONDING_SIMULATOR_SDK_DIR\=/Applications/Xcode.app/Contents/Developer/Platforms/iPhoneSimulator.platform/Developer/SDKs/iPhoneSimulator26.2.sdk
    export CORRESPONDING_SIMULATOR_SDK_NAME\=iphonesimulator26.2
    export CP\=/bin/cp
    export CREATE_INFOPLIST_SECTION_IN_BINARY\=NO
    export CURRENT_ARCH\=undefined_arch
    export CURRENT_VARIANT\=normal
    export DEAD_CODE_STRIPPING\=YES
    export DEBUGGING_SYMBOLS\=YES
    export DEBUG_INFORMATION_FORMAT\=dwarf
    export DEBUG_INFORMATION_VERSION\=compiler-default
    export DEFAULT_COMPILER\=com.apple.compilers.llvm.clang.1_0
    export DEFAULT_DEXT_INSTALL_PATH\=/System/Library/DriverExtensions
    export DEFAULT_KEXT_INSTALL_PATH\=/System/Library/Extensions
    export DEFINES_MODULE\=NO
    export DEPLOYMENT_LOCATION\=NO
    export DEPLOYMENT_POSTPROCESSING\=NO
    export DEPLOYMENT_TARGET_SETTING_NAME\=IPHONEOS_DEPLOYMENT_TARGET
    export DEPLOYMENT_TARGET_SUGGESTED_VALUES\=12.0\ 12.1\ 12.2\ 12.3\ 12.4\ 13.0\ 13.1\ 13.2\ 13.3\ 13.4\ 13.5\ 13.6\ 14.0\ 14.1\ 14.2\ 14.3\ 14.4\ 14.5\ 14.6\ 14.7\ 15.0\ 15.1\ 15.2\ 15.3\ 15.4\ 15.5\ 15.6\ 16.0\ 16.1\ 16.2\ 16.3\ 16.4\ 16.5\ 16.6\ 17.0\ 17.1\ 17.2\ 17.3\ 17.4\ 17.5\ 17.6\ 18.0\ 18.1\ 18.2\ 18.3\ 18.4\ 18.5\ 18.6\ 26.0\ 26.1\ 26.2
    export DERIVED_FILES_DIR\=/Users/prathamesh/Library/Developer/Xcode/DerivedData/CCAvenueIndiaSdkReactNativeExample-dmeqaxpselaggkfhomgslbamujbl/Build/Intermediates.noindex/Pods.build/Debug-iphoneos/React-RCTFBReactNativeSpec.build/DerivedSources
    export DERIVED_FILE_DIR\=/Users/prathamesh/Library/Developer/Xcode/DerivedData/CCAvenueIndiaSdkReactNativeExample-dmeqaxpselaggkfhomgslbamujbl/Build/Intermediates.noindex/Pods.build/Debug-iphoneos/React-RCTFBReactNativeSpec.build/DerivedSources
    export DERIVED_SOURCES_DIR\=/Users/prathamesh/Library/Developer/Xcode/DerivedData/CCAvenueIndiaSdkReactNativeExample-dmeqaxpselaggkfhomgslbamujbl/Build/Intermediates.noindex/Pods.build/Debug-iphoneos/React-RCTFBReactNativeSpec.build/DerivedSources
    export DERIVE_MACCATALYST_PRODUCT_BUNDLE_IDENTIFIER\=NO
    export DEVELOPER_APPLICATIONS_DIR\=/Applications/Xcode.app/Contents/Developer/Applications
    export DEVELOPER_BIN_DIR\=/Applications/Xcode.app/Contents/Developer/usr/bin
    export DEVELOPER_DIR\=/Applications/Xcode.app/Contents/Developer
    export DEVELOPER_FRAMEWORKS_DIR\=/Applications/Xcode.app/Contents/Developer/Library/Frameworks
    export DEVELOPER_FRAMEWORKS_DIR_QUOTED\=/Applications/Xcode.app/Contents/Developer/Library/Frameworks
    export DEVELOPER_LIBRARY_DIR\=/Applications/Xcode.app/Contents/Developer/Library
    export DEVELOPER_SDK_DIR\=/Applications/Xcode.app/Contents/Developer/Platforms/MacOSX.platform/Developer/SDKs
    export DEVELOPER_TOOLS_DIR\=/Applications/Xcode.app/Contents/Developer/Tools
    export DEVELOPER_USR_DIR\=/Applications/Xcode.app/Contents/Developer/usr
    export DEVELOPMENT_LANGUAGE\=en
    export DIAGNOSE_MISSING_TARGET_DEPENDENCIES\=YES
    export DIFF\=/usr/bin/diff
    export DONT_GENERATE_INFOPLIST_FILE\=NO
    export DSTROOT\=/tmp/Pods.dst
    export DT_TOOLCHAIN_DIR\=/Applications/Xcode.app/Contents/Developer/Toolchains/XcodeDefault.xctoolchain
    export DWARF_DSYM_FILE_NAME\=libReact-RCTFBReactNativeSpec.a.dSYM
    export DWARF_DSYM_FILE_SHOULD_ACCOMPANY_PRODUCT\=NO
    export DWARF_DSYM_FOLDER_PATH\=/Users/prathamesh/Library/Developer/Xcode/DerivedData/CCAvenueIndiaSdkReactNativeExample-dmeqaxpselaggkfhomgslbamujbl/Build/Products/Debug-iphoneos/React-RCTFBReactNativeSpec
    export DYNAMIC_LIBRARY_EXTENSION\=dylib
    export EAGER_COMPILATION_ALLOW_SCRIPTS\=NO
    export EAGER_LINKING\=NO
    export EFFECTIVE_PLATFORM_NAME\=-iphoneos
    export EMBEDDED_CONTENT_CONTAINS_SWIFT\=NO
    export EMBEDDED_PROFILE_NAME\=embedded.mobileprovision
    export EMBED_ASSET_PACKS_IN_PRODUCT_BUNDLE\=NO
    export ENABLE_APP_SANDBOX\=NO
    export ENABLE_CODE_COVERAGE\=YES
    export ENABLE_CPLUSPLUS_BOUNDS_SAFE_BUFFERS\=NO
    export ENABLE_C_BOUNDS_SAFETY\=NO
    export ENABLE_DEFAULT_HEADER_SEARCH_PATHS\=YES
    export ENABLE_DEFAULT_SEARCH_PATHS\=YES
    export ENABLE_ENHANCED_SECURITY\=NO
    export ENABLE_HARDENED_RUNTIME\=NO
    export ENABLE_HEADER_DEPENDENCIES\=YES
    export ENABLE_INCOMING_NETWORK_CONNECTIONS\=NO
    export ENABLE_MODULE_VERIFIER\=NO
    export ENABLE_ON_DEMAND_RESOURCES\=NO
    export ENABLE_OUTGOING_NETWORK_CONNECTIONS\=NO
    export ENABLE_POINTER_AUTHENTICATION\=NO
    export ENABLE_PREVIEWS\=NO
    export ENABLE_RESOURCE_ACCESS_AUDIO_INPUT\=NO
    export ENABLE_RESOURCE_ACCESS_BLUETOOTH\=NO
    export ENABLE_RESOURCE_ACCESS_CALENDARS\=NO
    export ENABLE_RESOURCE_ACCESS_CAMERA\=NO
    export ENABLE_RESOURCE_ACCESS_CONTACTS\=NO
    export ENABLE_RESOURCE_ACCESS_LOCATION\=NO
    export ENABLE_RESOURCE_ACCESS_PHOTO_LIBRARY\=NO
    export ENABLE_RESOURCE_ACCESS_PRINTING\=NO
    export ENABLE_RESOURCE_ACCESS_USB\=NO
    export ENABLE_SDK_IMPORTS\=NO
    export ENABLE_SECURITY_COMPILER_WARNINGS\=NO
    export ENABLE_STRICT_OBJC_MSGSEND\=YES
    export ENABLE_TESTABILITY\=YES
    export ENABLE_TESTING_SEARCH_PATHS\=NO
    export ENABLE_USER_SCRIPT_SANDBOXING\=NO
    export ENABLE_XOJIT_PREVIEWS\=YES
    export ENFORCE_VALID_ARCHS\=YES
    export ENTITLEMENTS_DESTINATION\=Signature
    export ENTITLEMENTS_REQUIRED\=YES
    export EXCLUDED_INSTALLSRC_SUBDIRECTORY_PATTERNS\=.DS_Store\ .svn\ .git\ .hg\ CVS
    export EXCLUDED_RECURSIVE_SEARCH_PATH_SUBDIRECTORIES\=\*.nib\ \*.lproj\ \*.framework\ \*.gch\ \*.xcode\*\ \*.xcassets\ \*.icon\ \(\*\)\ .DS_Store\ CVS\ .svn\ .git\ .hg\ \*.pbproj\ \*.pbxproj
    export EXECUTABLE_EXTENSION\=a
    export EXECUTABLE_NAME\=libReact-RCTFBReactNativeSpec.a
    export EXECUTABLE_PATH\=libReact-RCTFBReactNativeSpec.a
    export EXECUTABLE_PREFIX\=lib
    export EXECUTABLE_SUFFIX\=.a
    export FILE_LIST\=/Users/prathamesh/Library/Developer/Xcode/DerivedData/CCAvenueIndiaSdkReactNativeExample-dmeqaxpselaggkfhomgslbamujbl/Build/Intermediates.noindex/Pods.build/Debug-iphoneos/React-RCTFBReactNativeSpec.build/Objects/LinkFileList
    export FIXED_FILES_DIR\=/Users/prathamesh/Library/Developer/Xcode/DerivedData/CCAvenueIndiaSdkReactNativeExample-dmeqaxpselaggkfhomgslbamujbl/Build/Intermediates.noindex/Pods.build/Debug-iphoneos/React-RCTFBReactNativeSpec.build/FixedFiles
    export FRAMEWORK_FLAG_PREFIX\=-framework
    export FRAMEWORK_SEARCH_PATHS\=/Users/prathamesh/Library/Developer/Xcode/DerivedData/CCAvenueIndiaSdkReactNativeExample-dmeqaxpselaggkfhomgslbamujbl/Build/Products/Debug-iphoneos/React-RCTFBReactNativeSpec\ \ \"/Users/prathamesh/StudioProjects/ccavenue-india-sdk-react-native/example/ios/Pods/hermes-engine/destroot/Library/Frameworks/universal\"\ \"/Users/prathamesh/Library/Developer/Xcode/DerivedData/CCAvenueIndiaSdkReactNativeExample-dmeqaxpselaggkfhomgslbamujbl/Build/Products/Debug-iphoneos/XCFrameworkIntermediates/hermes-engine/Pre-built\"
    export FRAMEWORK_VERSION\=A
    export FULL_PRODUCT_NAME\=libReact-RCTFBReactNativeSpec.a
    export FUSE_BUILD_PHASES\=YES
    export FUSE_BUILD_SCRIPT_PHASES\=NO
    export GCC3_VERSION\=3.3
    export GCC_C_LANGUAGE_STANDARD\=gnu11
    export GCC_DYNAMIC_NO_PIC\=NO
    export GCC_NO_COMMON_BLOCKS\=YES
    export GCC_OPTIMIZATION_LEVEL\=0
    export GCC_PFE_FILE_C_DIALECTS\=c\ objective-c\ c++\ objective-c++
    export GCC_PREFIX_HEADER\=Target\ Support\ Files/React-RCTFBReactNativeSpec/React-RCTFBReactNativeSpec-prefix.pch
    export GCC_PREPROCESSOR_DEFINITIONS\=POD_CONFIGURATION_DEBUG\=1\ DEBUG\=1\ \ COCOAPODS\=1
    export GCC_THUMB_SUPPORT\=YES
    export GCC_TREAT_WARNINGS_AS_ERRORS\=NO
    export GCC_VERSION\=com.apple.compilers.llvm.clang.1_0
    export GCC_VERSION_IDENTIFIER\=com_apple_compilers_llvm_clang_1_0
    export GCC_WARN_64_TO_32_BIT_CONVERSION\=YES
    export GCC_WARN_ABOUT_RETURN_TYPE\=YES_ERROR
    export GCC_WARN_UNDECLARED_SELECTOR\=YES
    export GCC_WARN_UNINITIALIZED_AUTOS\=YES_AGGRESSIVE
    export GCC_WARN_UNUSED_FUNCTION\=YES
    export GCC_WARN_UNUSED_VARIABLE\=YES
    export GENERATED_MODULEMAP_DIR\=/Users/prathamesh/Library/Developer/Xcode/DerivedData/CCAvenueIndiaSdkReactNativeExample-dmeqaxpselaggkfhomgslbamujbl/Build/Intermediates.noindex/GeneratedModuleMaps-iphoneos
    export GENERATE_INFOPLIST_FILE\=NO
    export GENERATE_INTERMEDIATE_TEXT_BASED_STUBS\=YES
    export GENERATE_PKGINFO_FILE\=NO
    export GENERATE_PRELINK_OBJECT_FILE\=NO
    export GENERATE_PROFILING_CODE\=NO
    export GENERATE_TEXT_BASED_STUBS\=NO
    export GID\=20
    export GROUP\=staff
    export HEADERMAP_INCLUDES_FLAT_ENTRIES_FOR_TARGET_BEING_BUILT\=YES
    export HEADERMAP_INCLUDES_FRAMEWORK_ENTRIES_FOR_ALL_PRODUCT_TYPES\=YES
    export HEADERMAP_INCLUDES_FRAMEWORK_ENTRIES_FOR_TARGETS_NOT_BEING_BUILT\=YES
    export HEADERMAP_INCLUDES_NONPUBLIC_NONPRIVATE_HEADERS\=YES
    export HEADERMAP_INCLUDES_PROJECT_HEADERS\=YES
    export HEADERMAP_USES_FRAMEWORK_PREFIX_ENTRIES\=YES
    export HEADERMAP_USES_VFS\=NO
    export HEADER_SEARCH_PATHS\=/Users/prathamesh/Library/Developer/Xcode/DerivedData/CCAvenueIndiaSdkReactNativeExample-dmeqaxpselaggkfhomgslbamujbl/Build/Products/Debug-iphoneos/React-RCTFBReactNativeSpec/include\ \ \"/Users/prathamesh/StudioProjects/ccavenue-india-sdk-react-native/example/ios/Pods/Headers/Private\"\ \"/Users/prathamesh/StudioProjects/ccavenue-india-sdk-react-native/example/ios/Pods/Headers/Private/React-RCTFBReactNativeSpec\"\ \"/Users/prathamesh/StudioProjects/ccavenue-india-sdk-react-native/example/ios/Pods/Headers/Public\"\ \"/Users/prathamesh/StudioProjects/ccavenue-india-sdk-react-native/example/ios/Pods/Headers/Public/DoubleConversion\"\ \"/Users/prathamesh/StudioProjects/ccavenue-india-sdk-react-native/example/ios/Pods/Headers/Public/FBLazyVector\"\ \"/Users/prathamesh/StudioProjects/ccavenue-india-sdk-react-native/example/ios/Pods/Headers/Public/RCT-Folly\"\ \"/Users/prathamesh/StudioProjects/ccavenue-india-sdk-react-native/example/ios/Pods/Headers/Public/RCTDeprecation\"\ \"/Users/prathamesh/StudioProjects/ccavenue-india-sdk-react-native/example/ios/Pods/Headers/Public/RCTRequired\"\ \"/Users/prathamesh/StudioProjects/ccavenue-india-sdk-react-native/example/ios/Pods/Headers/Public/RCTTypeSafety\"\ \"/Users/prathamesh/StudioProjects/ccavenue-india-sdk-react-native/example/ios/Pods/Headers/Public/React-Core\"\ \"/Users/prathamesh/StudioProjects/ccavenue-india-sdk-react-native/example/ios/Pods/Headers/Public/React-Fabric\"\ \"/Users/prathamesh/StudioProjects/ccavenue-india-sdk-react-native/example/ios/Pods/Headers/Public/React-NativeModulesApple\"\ \"/Users/prathamesh/StudioProjects/ccavenue-india-sdk-react-native/example/ios/Pods/Headers/Public/React-RCTFBReactNativeSpec\"\ \"/Users/prathamesh/StudioProjects/ccavenue-india-sdk-react-native/example/ios/Pods/Headers/Public/React-callinvoker\"\ \"/Users/prathamesh/StudioProjects/ccavenue-india-sdk-react-native/example/ios/Pods/Headers/Public/React-cxxreact\"\ \"/Users/prathamesh/StudioProjects/ccavenue-india-sdk-react-native/example/ios/Pods/Headers/Public/React-debug\"\ \"/Users/prathamesh/StudioProjects/ccavenue-india-sdk-react-native/example/ios/Pods/Headers/Public/React-featureflags\"\ \"/Users/prathamesh/StudioProjects/ccavenue-india-sdk-react-native/example/ios/Pods/Headers/Public/React-graphics\"\ \"/Users/prathamesh/StudioProjects/ccavenue-india-sdk-react-native/example/ios/Pods/Headers/Public/React-hermes\"\ \"/Users/prathamesh/StudioProjects/ccavenue-india-sdk-react-native/example/ios/Pods/Headers/Public/React-jsi\"\ \"/Users/prathamesh/StudioProjects/ccavenue-india-sdk-react-native/example/ios/Pods/Headers/Public/React-jsiexecutor\"\ \"/Users/prathamesh/StudioProjects/ccavenue-india-sdk-react-native/example/ios/Pods/Headers/Public/React-jsinspector\"\ \"/Users/prathamesh/StudioProjects/ccavenue-india-sdk-react-native/example/ios/Pods/Headers/Public/React-jsinspectorcdp\"\ \"/Users/prathamesh/StudioProjects/ccavenue-india-sdk-react-native/example/ios/Pods/Headers/Public/React-jsinspectornetwork\"\ \"/Users/prathamesh/StudioProjects/ccavenue-india-sdk-react-native/example/ios/Pods/Headers/Public/React-jsinspectortracing\"\ \"/Users/prathamesh/StudioProjects/ccavenue-india-sdk-react-native/example/ios/Pods/Headers/Public/React-jsitooling\"\ \"/Users/prathamesh/StudioProjects/ccavenue-india-sdk-react-native/example/ios/Pods/Headers/Public/React-logger\"\ \"/Users/prathamesh/StudioProjects/ccavenue-india-sdk-react-native/example/ios/Pods/Headers/Public/React-oscompat\"\ \"/Users/prathamesh/StudioProjects/ccavenue-india-sdk-react-native/example/ios/Pods/Headers/Public/React-perflogger\"\ \"/Users/prathamesh/StudioProjects/ccavenue-india-sdk-react-native/example/ios/Pods/Headers/Public/React-performancecdpmetrics\"\ \"/Users/prathamesh/StudioProjects/ccavenue-india-sdk-react-native/example/ios/Pods/Headers/Public/React-performancetimeline\"\ \"/Users/prathamesh/StudioProjects/ccavenue-india-sdk-react-native/example/ios/Pods/Headers/Public/React-rendererconsistency\"\ \"/Users/prathamesh/StudioProjects/ccavenue-india-sdk-react-native/example/ios/Pods/Headers/Public/React-renderercss\"\ \"/Users/prathamesh/StudioProjects/ccavenue-india-sdk-react-native/example/ios/Pods/Headers/Public/React-rendererdebug\"\ \"/Users/prathamesh/StudioProjects/ccavenue-india-sdk-react-native/example/ios/Pods/Headers/Public/React-runtimeexecutor\"\ \"/Users/prathamesh/StudioProjects/ccavenue-india-sdk-react-native/example/ios/Pods/Headers/Public/React-runtimescheduler\"\ \"/Users/prathamesh/StudioProjects/ccavenue-india-sdk-react-native/example/ios/Pods/Headers/Public/React-timing\"\ \"/Users/prathamesh/StudioProjects/ccavenue-india-sdk-react-native/example/ios/Pods/Headers/Public/React-utils\"\ \"/Users/prathamesh/StudioProjects/ccavenue-india-sdk-react-native/example/ios/Pods/Headers/Public/ReactCommon\"\ \"/Users/prathamesh/StudioProjects/ccavenue-india-sdk-react-native/example/ios/Pods/Headers/Public/SocketRocket\"\ \"/Users/prathamesh/StudioProjects/ccavenue-india-sdk-react-native/example/ios/Pods/Headers/Public/Yoga\"\ \"/Users/prathamesh/StudioProjects/ccavenue-india-sdk-react-native/example/ios/Pods/Headers/Public/boost\"\ \"/Users/prathamesh/StudioProjects/ccavenue-india-sdk-react-native/example/ios/Pods/Headers/Public/fast_float\"\ \"/Users/prathamesh/StudioProjects/ccavenue-india-sdk-react-native/example/ios/Pods/Headers/Public/fmt\"\ \"/Users/prathamesh/StudioProjects/ccavenue-india-sdk-react-native/example/ios/Pods/Headers/Public/glog\"\ \"/Users/prathamesh/StudioProjects/ccavenue-india-sdk-react-native/example/ios/Pods/Headers/Public/hermes-engine\"\ \"/Users/prathamesh/StudioProjects/ccavenue-india-sdk-react-native/example/ios/Pods/../../node_modules/react-native/React/FBReactNativeSpec\"\ \"/Users/prathamesh/StudioProjects/ccavenue-india-sdk-react-native/example/ios/Pods/Headers/Private/Yoga\"\ \"/Users/prathamesh/Library/Developer/Xcode/DerivedData/CCAvenueIndiaSdkReactNativeExample-dmeqaxpselaggkfhomgslbamujbl/Build/Products/Debug-iphoneos/ReactCommon/ReactCommon.framework/Headers\"\ \"/Users/prathamesh/Library/Developer/Xcode/DerivedData/CCAvenueIndiaSdkReactNativeExample-dmeqaxpselaggkfhomgslbamujbl/Build/Products/Debug-iphoneos/ReactCommon/ReactCommon.framework/Headers/react/nativemodule/core\"\ \"/Users/prathamesh/Library/Developer/Xcode/DerivedData/CCAvenueIndiaSdkReactNativeExample-dmeqaxpselaggkfhomgslbamujbl/Build/Products/Debug-iphoneos/ReactCommon/ReactCommon.framework/Headers\"\ \"/Users/prathamesh/Library/Developer/Xcode/DerivedData/CCAvenueIndiaSdkReactNativeExample-dmeqaxpselaggkfhomgslbamujbl/Build/Products/Debug-iphoneos/ReactCommon/ReactCommon.framework/Headers/react/nativemodule/bridging\"\ /Users/prathamesh/StudioProjects/ccavenue-india-sdk-react-native/example/ios/Pods/glog\ /Users/prathamesh/StudioProjects/ccavenue-india-sdk-react-native/example/ios/Pods/boost\ /Users/prathamesh/StudioProjects/ccavenue-india-sdk-react-native/example/ios/Pods/DoubleConversion\ /Users/prathamesh/StudioProjects/ccavenue-india-sdk-react-native/example/ios/Pods/fast_float/include\ /Users/prathamesh/StudioProjects/ccavenue-india-sdk-react-native/example/ios/Pods/fmt/include\ /Users/prathamesh/StudioProjects/ccavenue-india-sdk-react-native/example/ios/Pods/SocketRocket\ /Users/prathamesh/StudioProjects/ccavenue-india-sdk-react-native/example/ios/Pods/RCT-Folly\ \"/Users/prathamesh/StudioProjects/ccavenue-india-sdk-react-native/example/ios/Pods/../../node_modules/react-native/React/FBReactNativeSpec\"\ \"/Users/prathamesh/StudioProjects/ccavenue-india-sdk-react-native/example/ios/Pods/Headers/Private/Yoga\"\ \"/Users/prathamesh/Library/Developer/Xcode/DerivedData/CCAvenueIndiaSdkReactNativeExample-dmeqaxpselaggkfhomgslbamujbl/Build/Products/Debug-iphoneos/ReactCommon/ReactCommon.framework/Headers\"\ \"/Users/prathamesh/Library/Developer/Xcode/DerivedData/CCAvenueIndiaSdkReactNativeExample-dmeqaxpselaggkfhomgslbamujbl/Build/Products/Debug-iphoneos/ReactCommon/ReactCommon.framework/Headers/react/nativemodule/core\"\ \"/Users/prathamesh/Library/Developer/Xcode/DerivedData/CCAvenueIndiaSdkReactNativeExample-dmeqaxpselaggkfhomgslbamujbl/Build/Products/Debug-iphoneos/ReactCommon/ReactCommon.framework/Headers\"\ \"/Users/prathamesh/Library/Developer/Xcode/DerivedData/CCAvenueIndiaSdkReactNativeExample-dmeqaxpselaggkfhomgslbamujbl/Build/Products/Debug-iphoneos/ReactCommon/ReactCommon.framework/Headers/react/nativemodule/bridging\"\ /Users/prathamesh/StudioProjects/ccavenue-india-sdk-react-native/example/ios/Pods/glog\ /Users/prathamesh/StudioProjects/ccavenue-india-sdk-react-native/example/ios/Pods/boost\ /Users/prathamesh/StudioProjects/ccavenue-india-sdk-react-native/example/ios/Pods/DoubleConversion\ /Users/prathamesh/StudioProjects/ccavenue-india-sdk-react-native/example/ios/Pods/fast_float/include\ /Users/prathamesh/StudioProjects/ccavenue-india-sdk-react-native/example/ios/Pods/fmt/include\ /Users/prathamesh/StudioProjects/ccavenue-india-sdk-react-native/example/ios/Pods/SocketRocket\ /Users/prathamesh/StudioProjects/ccavenue-india-sdk-react-native/example/ios/Pods/RCT-Folly\ \"/Users/prathamesh/Library/Developer/Xcode/DerivedData/CCAvenueIndiaSdkReactNativeExample-dmeqaxpselaggkfhomgslbamujbl/Build/Products/Debug-iphoneos/React-featureflags/React_featureflags.framework/Headers\"\ \"/Users/prathamesh/Library/Developer/Xcode/DerivedData/CCAvenueIndiaSdkReactNativeExample-dmeqaxpselaggkfhomgslbamujbl/Build/Products/Debug-iphoneos/React-debug/React_debug.framework/Headers\"\ \"/Users/prathamesh/Library/Developer/Xcode/DerivedData/CCAvenueIndiaSdkReactNativeExample-dmeqaxpselaggkfhomgslbamujbl/Build/Products/Debug-iphoneos/React-rendererdebug/React_rendererdebug.framework/Headers\"\ \"/Users/prathamesh/Library/Developer/Xcode/DerivedData/CCAvenueIndiaSdkReactNativeExample-dmeqaxpselaggkfhomgslbamujbl/Build/Products/Debug-iphoneos/React-utils/React_utils.framework/Headers\"\ \"/Users/prathamesh/Library/Developer/Xcode/DerivedData/CCAvenueIndiaSdkReactNativeExample-dmeqaxpselaggkfhomgslbamujbl/Build/Products/Debug-iphoneos/React-graphics/React_graphics.framework/Headers\"\ \"/Users/prathamesh/Library/Developer/Xcode/DerivedData/CCAvenueIndiaSdkReactNativeExample-dmeqaxpselaggkfhomgslbamujbl/Build/Products/Debug-iphoneos/React-graphics/React_graphics.framework/Headers/react/renderer/graphics/platform/ios\"\ \"/Users/prathamesh/Library/Developer/Xcode/DerivedData/CCAvenueIndiaSdkReactNativeExample-dmeqaxpselaggkfhomgslbamujbl/Build/Products/Debug-iphoneos/React-Fabric/React_Fabric.framework/Headers\"\ \"/Users/prathamesh/Library/Developer/Xcode/DerivedData/CCAvenueIndiaSdkReactNativeExample-dmeqaxpselaggkfhomgslbamujbl/Build/Products/Debug-iphoneos/React-Fabric/React_Fabric.framework/Headers/react/renderer/components/view/platform/cxx\"
    export HOME\=/Users/prathamesh
    export HOST_ARCH\=arm64
    export HOST_PLATFORM\=macosx
    export ICONV\=/usr/bin/iconv
    export IMPLICIT_DEPENDENCY_DOMAIN\=default
    export INFOPLIST_ENABLE_CFBUNDLEICONS_MERGE\=YES
    export INFOPLIST_EXPAND_BUILD_SETTINGS\=YES
    export INFOPLIST_OUTPUT_FORMAT\=binary
    export INFOPLIST_PREPROCESS\=NO
    export INLINE_PRIVATE_FRAMEWORKS\=NO
    export INSTALLAPI_IGNORE_SKIP_INSTALL\=YES
    export INSTALLHDRS_COPY_PHASE\=NO
    export INSTALLHDRS_SCRIPT_PHASE\=NO
    export INSTALL_DIR\=/tmp/Pods.dst/usr/local/lib
    export INSTALL_GROUP\=staff
    export INSTALL_MODE_FLAG\=u+w,go-w,a+rX
    export INSTALL_OWNER\=prathamesh
    export INSTALL_PATH\=/usr/local/lib
    export INSTALL_ROOT\=/tmp/Pods.dst
    export IPHONEOS_DEPLOYMENT_TARGET\=15.1
    export IS_UNOPTIMIZED_BUILD\=YES
    export JAVAC_DEFAULT_FLAGS\=-J-Xms64m\ -J-XX:NewSize\=4M\ -J-Dfile.encoding\=UTF8
    export JAVA_APP_STUB\=/System/Library/Frameworks/JavaVM.framework/Resources/MacOS/JavaApplicationStub
    export JAVA_ARCHIVE_CLASSES\=YES
    export JAVA_ARCHIVE_TYPE\=JAR
    export JAVA_COMPILER\=/usr/bin/javac
    export JAVA_FRAMEWORK_RESOURCES_DIRS\=Resources
    export JAVA_JAR_FLAGS\=cv
    export JAVA_SOURCE_SUBDIR\=.
    export JAVA_USE_DEPENDENCIES\=YES
    export JAVA_ZIP_FLAGS\=-urg
    export JIKES_DEFAULT_FLAGS\=+E\ +OLDCSO
    export KASAN_CFLAGS_CLASSIC\=-DKASAN\=1\ -DKASAN_CLASSIC\=1\ -fsanitize\=address\ -mllvm\ -asan-globals-live-support\ -mllvm\ -asan-force-dynamic-shadow
    export KASAN_CFLAGS_TBI\=-DKASAN\=1\ -DKASAN_TBI\=1\ -fsanitize\=kernel-hwaddress\ -mllvm\ -hwasan-recover\=0\ -mllvm\ -hwasan-instrument-atomics\=0\ -mllvm\ -hwasan-instrument-stack\=1\ -mllvm\ -hwasan-generate-tags-with-calls\=1\ -mllvm\ -hwasan-instrument-with-calls\=1\ -mllvm\ -hwasan-use-short-granules\=0\ -mllvm\ -hwasan-memory-access-callback-prefix\=__asan_
    export KASAN_DEFAULT_CFLAGS\=-DKASAN\=1\ -DKASAN_CLASSIC\=1\ -fsanitize\=address\ -mllvm\ -asan-globals-live-support\ -mllvm\ -asan-force-dynamic-shadow
    export KEEP_PRIVATE_EXTERNS\=NO
    export LD_DEPENDENCY_INFO_FILE\=/Users/prathamesh/Library/Developer/Xcode/DerivedData/CCAvenueIndiaSdkReactNativeExample-dmeqaxpselaggkfhomgslbamujbl/Build/Intermediates.noindex/Pods.build/Debug-iphoneos/React-RCTFBReactNativeSpec.build/Objects-normal/undefined_arch/React-RCTFBReactNativeSpec_dependency_info.dat
    export LD_EXPORT_SYMBOLS\=YES
    export LD_GENERATE_MAP_FILE\=NO
    export LD_MAP_FILE_PATH\=/Users/prathamesh/Library/Developer/Xcode/DerivedData/CCAvenueIndiaSdkReactNativeExample-dmeqaxpselaggkfhomgslbamujbl/Build/Intermediates.noindex/Pods.build/Debug-iphoneos/React-RCTFBReactNativeSpec.build/React-RCTFBReactNativeSpec-LinkMap-normal-undefined_arch.txt
    export LD_NO_PIE\=NO
    export LD_QUOTE_LINKER_ARGUMENTS_FOR_COMPILER_DRIVER\=YES
    export LD_SHARED_CACHE_ELIGIBLE\=Automatic
    export LD_WARN_DUPLICATE_LIBRARIES\=NO
    export LD_WARN_UNUSED_DYLIBS\=NO
    export LEGACY_DEVELOPER_DIR\=/Applications/Xcode.app/Contents/PlugIns/Xcode3Core.ideplugin/Contents/SharedSupport/Developer
    export LEX\=lex
    export LIBRARY_DEXT_INSTALL_PATH\=/Library/DriverExtensions
    export LIBRARY_FLAG_NOSPACE\=YES
    export LIBRARY_FLAG_PREFIX\=-l
    export LIBRARY_KEXT_INSTALL_PATH\=/Library/Extensions
    export LIBRARY_SEARCH_PATHS\=/Users/prathamesh/Library/Developer/Xcode/DerivedData/CCAvenueIndiaSdkReactNativeExample-dmeqaxpselaggkfhomgslbamujbl/Build/Products/Debug-iphoneos/React-RCTFBReactNativeSpec\ 
    export LINKER_DISPLAYS_MANGLED_NAMES\=NO
    export LINK_FILE_LIST_normal_arm64\=/Users/prathamesh/Library/Developer/Xcode/DerivedData/CCAvenueIndiaSdkReactNativeExample-dmeqaxpselaggkfhomgslbamujbl/Build/Intermediates.noindex/Pods.build/Debug-iphoneos/React-RCTFBReactNativeSpec.build/Objects-normal/arm64/React-RCTFBReactNativeSpec.LinkFileList
    export LINK_OBJC_RUNTIME\=YES
    export LINK_WITH_STANDARD_LIBRARIES\=YES
    export LLVM_TARGET_TRIPLE_OS_VERSION\=ios15.1
    export LLVM_TARGET_TRIPLE_VENDOR\=apple
    export LM_AUX_CONST_METADATA_LIST_PATH_normal_arm64\=/Users/prathamesh/Library/Developer/Xcode/DerivedData/CCAvenueIndiaSdkReactNativeExample-dmeqaxpselaggkfhomgslbamujbl/Build/Intermediates.noindex/Pods.build/Debug-iphoneos/React-RCTFBReactNativeSpec.build/Objects-normal/arm64/React-RCTFBReactNativeSpec.SwiftConstValuesFileList
    export LOCALIZATION_EXPORT_SUPPORTED\=YES
    export LOCALIZATION_PREFERS_STRING_CATALOGS\=NO
    export LOCALIZED_STRING_MACRO_NAMES\=NSLocalizedString\ CFCopyLocalizedString
    export LOCALIZED_STRING_SWIFTUI_SUPPORT\=YES
    export LOCAL_ADMIN_APPS_DIR\=/Applications/Utilities
    export LOCAL_APPS_DIR\=/Applications
    export LOCAL_DEVELOPER_DIR\=/Library/Developer
    export LOCAL_LIBRARY_DIR\=/Library
    export LOCROOT\=/Users/prathamesh/StudioProjects/ccavenue-india-sdk-react-native/example/ios/Pods
    export LOCSYMROOT\=/Users/prathamesh/StudioProjects/ccavenue-india-sdk-react-native/example/ios/Pods
    export MACH_O_TYPE\=staticlib
    export MAC_OS_X_PRODUCT_BUILD_VERSION\=25E253
    export MAC_OS_X_VERSION_ACTUAL\=260401
    export MAC_OS_X_VERSION_MAJOR\=260000
    export MAC_OS_X_VERSION_MINOR\=260400
    export MAKE_MERGEABLE\=NO
    export MERGEABLE_LIBRARY\=NO
    export MERGED_BINARY_TYPE\=none
    export MERGE_LINKED_LIBRARIES\=NO
    export METAL_LIBRARY_FILE_BASE\=default
    export METAL_LIBRARY_OUTPUT_DIR\=/Users/prathamesh/Library/Developer/Xcode/DerivedData/CCAvenueIndiaSdkReactNativeExample-dmeqaxpselaggkfhomgslbamujbl/Build/Products/Debug-iphoneos/React-RCTFBReactNativeSpec/
    export MODULE_CACHE_DIR\=/Users/prathamesh/Library/Developer/Xcode/DerivedData/ModuleCache.noindex
    export MTL_ENABLE_DEBUG_INFO\=INCLUDE_SOURCE
    export MTL_FAST_MATH\=YES
    export NATIVE_ARCH\=arm64
    export NATIVE_ARCH_32_BIT\=arm
    export NATIVE_ARCH_64_BIT\=arm64
    export NATIVE_ARCH_ACTUAL\=arm64
    export NO_COMMON\=YES
    export OBJECT_FILE_DIR\=/Users/prathamesh/Library/Developer/Xcode/DerivedData/CCAvenueIndiaSdkReactNativeExample-dmeqaxpselaggkfhomgslbamujbl/Build/Intermediates.noindex/Pods.build/Debug-iphoneos/React-RCTFBReactNativeSpec.build/Objects
    export OBJECT_FILE_DIR_normal\=/Users/prathamesh/Library/Developer/Xcode/DerivedData/CCAvenueIndiaSdkReactNativeExample-dmeqaxpselaggkfhomgslbamujbl/Build/Intermediates.noindex/Pods.build/Debug-iphoneos/React-RCTFBReactNativeSpec.build/Objects-normal
    export OBJROOT\=/Users/prathamesh/Library/Developer/Xcode/DerivedData/CCAvenueIndiaSdkReactNativeExample-dmeqaxpselaggkfhomgslbamujbl/Build/Intermediates.noindex
    export ONLY_ACTIVE_ARCH\=YES
    export OS\=MACOS
    export OSAC\=/usr/bin/osacompile
    export OTHER_CFLAGS\=\ -fmodule-map-file\=\"/Users/prathamesh/StudioProjects/ccavenue-india-sdk-react-native/example/ios/Pods/Headers/Public/DoubleConversion/DoubleConversion.modulemap\"\ -fmodule-map-file\=\"/Users/prathamesh/StudioProjects/ccavenue-india-sdk-react-native/example/ios/Pods/Headers/Public/RCTDeprecation/RCTDeprecation.modulemap\"\ -fmodule-map-file\=\"/Users/prathamesh/StudioProjects/ccavenue-india-sdk-react-native/example/ios/Pods/Headers/Public/RCTTypeSafety/RCTTypeSafety.modulemap\"\ -fmodule-map-file\=\"/Users/prathamesh/StudioProjects/ccavenue-india-sdk-react-native/example/ios/Pods/Headers/Public/React/React-Core.modulemap\"\ -fmodule-map-file\=\"/Users/prathamesh/StudioProjects/ccavenue-india-sdk-react-native/example/ios/Pods/Headers/Public/ReactCommon/ReactCommon.modulemap\"\ -fmodule-map-file\=\"/Users/prathamesh/StudioProjects/ccavenue-india-sdk-react-native/example/ios/Pods/Headers/Public/React_Fabric/React-Fabric.modulemap\"\ -fmodule-map-file\=\"/Users/prathamesh/StudioProjects/ccavenue-india-sdk-react-native/example/ios/Pods/Headers/Public/React_NativeModulesApple/React-NativeModulesApple.modulemap\"\ -fmodule-map-file\=\"/Users/prathamesh/StudioProjects/ccavenue-india-sdk-react-native/example/ios/Pods/Headers/Public/React_runtimeexecutor/React-runtimeexecutor.modulemap\"\ -fmodule-map-file\=\"/Users/prathamesh/StudioProjects/ccavenue-india-sdk-react-native/example/ios/Pods/Headers/Public/SocketRocket/SocketRocket.modulemap\"\ -fmodule-map-file\=\"/Users/prathamesh/StudioProjects/ccavenue-india-sdk-react-native/example/ios/Pods/Headers/Public/fmt/fmt.modulemap\"\ -fmodule-map-file\=\"/Users/prathamesh/StudioProjects/ccavenue-india-sdk-react-native/example/ios/Pods/Headers/Public/folly/RCT-Folly.modulemap\"\ -fmodule-map-file\=\"/Users/prathamesh/StudioProjects/ccavenue-india-sdk-react-native/example/ios/Pods/Headers/Public/glog/glog.modulemap\"\ -fmodule-map-file\=\"/Users/prathamesh/StudioProjects/ccavenue-india-sdk-react-native/example/ios/Pods/Headers/Public/jsi/React-jsi.modulemap\"\ -fmodule-map-file\=\"/Users/prathamesh/StudioProjects/ccavenue-india-sdk-react-native/example/ios/Pods/Headers/Public/jsinspector_modern/React-jsinspector.modulemap\"\ -fmodule-map-file\=\"/Users/prathamesh/StudioProjects/ccavenue-india-sdk-react-native/example/ios/Pods/Headers/Public/jsinspector_modern_cdp/React-jsinspectorcdp.modulemap\"\ -fmodule-map-file\=\"/Users/prathamesh/StudioProjects/ccavenue-india-sdk-react-native/example/ios/Pods/Headers/Public/jsinspector_modern_network/React-jsinspectornetwork.modulemap\"\ -fmodule-map-file\=\"/Users/prathamesh/StudioProjects/ccavenue-india-sdk-react-native/example/ios/Pods/Headers/Public/jsinspector_modern_tracing/React-jsinspectortracing.modulemap\"\ -fmodule-map-file\=\"/Users/prathamesh/StudioProjects/ccavenue-india-sdk-react-native/example/ios/Pods/Headers/Public/react_debug/React-debug.modulemap\"\ -fmodule-map-file\=\"/Users/prathamesh/StudioProjects/ccavenue-india-sdk-react-native/example/ios/Pods/Headers/Public/react_featureflags/React-featureflags.modulemap\"\ -fmodule-map-file\=\"/Users/prathamesh/StudioProjects/ccavenue-india-sdk-react-native/example/ios/Pods/Headers/Public/react_renderer_css/React-renderercss.modulemap\"\ -fmodule-map-file\=\"/Users/prathamesh/StudioProjects/ccavenue-india-sdk-react-native/example/ios/Pods/Headers/Public/react_renderer_debug/React-rendererdebug.modulemap\"\ -fmodule-map-file\=\"/Users/prathamesh/StudioProjects/ccavenue-india-sdk-react-native/example/ios/Pods/Headers/Public/react_renderer_graphics/React-graphics.modulemap\"\ -fmodule-map-file\=\"/Users/prathamesh/StudioProjects/ccavenue-india-sdk-react-native/example/ios/Pods/Headers/Public/react_runtime/React-jsitooling.modulemap\"\ -fmodule-map-file\=\"/Users/prathamesh/StudioProjects/ccavenue-india-sdk-react-native/example/ios/Pods/Headers/Public/react_utils/React-utils.modulemap\"\ -fmodule-map-file\=\"/Users/prathamesh/StudioProjects/ccavenue-india-sdk-react-native/example/ios/Pods/Headers/Public/reacthermes/React-hermes.modulemap\"\ -fmodule-map-file\=\"/Users/prathamesh/StudioProjects/ccavenue-india-sdk-react-native/example/ios/Pods/Headers/Public/yoga/Yoga.modulemap\"
    export OTHER_CPLUSPLUSFLAGS\=\ -fmodule-map-file\=\"/Users/prathamesh/StudioProjects/ccavenue-india-sdk-react-native/example/ios/Pods/Headers/Public/DoubleConversion/DoubleConversion.modulemap\"\ -fmodule-map-file\=\"/Users/prathamesh/StudioProjects/ccavenue-india-sdk-react-native/example/ios/Pods/Headers/Public/RCTDeprecation/RCTDeprecation.modulemap\"\ -fmodule-map-file\=\"/Users/prathamesh/StudioProjects/ccavenue-india-sdk-react-native/example/ios/Pods/Headers/Public/RCTTypeSafety/RCTTypeSafety.modulemap\"\ -fmodule-map-file\=\"/Users/prathamesh/StudioProjects/ccavenue-india-sdk-react-native/example/ios/Pods/Headers/Public/React/React-Core.modulemap\"\ -fmodule-map-file\=\"/Users/prathamesh/StudioProjects/ccavenue-india-sdk-react-native/example/ios/Pods/Headers/Public/ReactCommon/ReactCommon.modulemap\"\ -fmodule-map-file\=\"/Users/prathamesh/StudioProjects/ccavenue-india-sdk-react-native/example/ios/Pods/Headers/Public/React_Fabric/React-Fabric.modulemap\"\ -fmodule-map-file\=\"/Users/prathamesh/StudioProjects/ccavenue-india-sdk-react-native/example/ios/Pods/Headers/Public/React_NativeModulesApple/React-NativeModulesApple.modulemap\"\ -fmodule-map-file\=\"/Users/prathamesh/StudioProjects/ccavenue-india-sdk-react-native/example/ios/Pods/Headers/Public/React_runtimeexecutor/React-runtimeexecutor.modulemap\"\ -fmodule-map-file\=\"/Users/prathamesh/StudioProjects/ccavenue-india-sdk-react-native/example/ios/Pods/Headers/Public/SocketRocket/SocketRocket.modulemap\"\ -fmodule-map-file\=\"/Users/prathamesh/StudioProjects/ccavenue-india-sdk-react-native/example/ios/Pods/Headers/Public/fmt/fmt.modulemap\"\ -fmodule-map-file\=\"/Users/prathamesh/StudioProjects/ccavenue-india-sdk-react-native/example/ios/Pods/Headers/Public/folly/RCT-Folly.modulemap\"\ -fmodule-map-file\=\"/Users/prathamesh/StudioProjects/ccavenue-india-sdk-react-native/example/ios/Pods/Headers/Public/glog/glog.modulemap\"\ -fmodule-map-file\=\"/Users/prathamesh/StudioProjects/ccavenue-india-sdk-react-native/example/ios/Pods/Headers/Public/jsi/React-jsi.modulemap\"\ -fmodule-map-file\=\"/Users/prathamesh/StudioProjects/ccavenue-india-sdk-react-native/example/ios/Pods/Headers/Public/jsinspector_modern/React-jsinspector.modulemap\"\ -fmodule-map-file\=\"/Users/prathamesh/StudioProjects/ccavenue-india-sdk-react-native/example/ios/Pods/Headers/Public/jsinspector_modern_cdp/React-jsinspectorcdp.modulemap\"\ -fmodule-map-file\=\"/Users/prathamesh/StudioProjects/ccavenue-india-sdk-react-native/example/ios/Pods/Headers/Public/jsinspector_modern_network/React-jsinspectornetwork.modulemap\"\ -fmodule-map-file\=\"/Users/prathamesh/StudioProjects/ccavenue-india-sdk-react-native/example/ios/Pods/Headers/Public/jsinspector_modern_tracing/React-jsinspectortracing.modulemap\"\ -fmodule-map-file\=\"/Users/prathamesh/StudioProjects/ccavenue-india-sdk-react-native/example/ios/Pods/Headers/Public/react_debug/React-debug.modulemap\"\ -fmodule-map-file\=\"/Users/prathamesh/StudioProjects/ccavenue-india-sdk-react-native/example/ios/Pods/Headers/Public/react_featureflags/React-featureflags.modulemap\"\ -fmodule-map-file\=\"/Users/prathamesh/StudioProjects/ccavenue-india-sdk-react-native/example/ios/Pods/Headers/Public/react_renderer_css/React-renderercss.modulemap\"\ -fmodule-map-file\=\"/Users/prathamesh/StudioProjects/ccavenue-india-sdk-react-native/example/ios/Pods/Headers/Public/react_renderer_debug/React-rendererdebug.modulemap\"\ -fmodule-map-file\=\"/Users/prathamesh/StudioProjects/ccavenue-india-sdk-react-native/example/ios/Pods/Headers/Public/react_renderer_graphics/React-graphics.modulemap\"\ -fmodule-map-file\=\"/Users/prathamesh/StudioProjects/ccavenue-india-sdk-react-native/example/ios/Pods/Headers/Public/react_runtime/React-jsitooling.modulemap\"\ -fmodule-map-file\=\"/Users/prathamesh/StudioProjects/ccavenue-india-sdk-react-native/example/ios/Pods/Headers/Public/react_utils/React-utils.modulemap\"\ -fmodule-map-file\=\"/Users/prathamesh/StudioProjects/ccavenue-india-sdk-react-native/example/ios/Pods/Headers/Public/reacthermes/React-hermes.modulemap\"\ -fmodule-map-file\=\"/Users/prathamesh/StudioProjects/ccavenue-india-sdk-react-native/example/ios/Pods/Headers/Public/yoga/Yoga.modulemap\"
    export PACKAGE_TYPE\=com.apple.package-type.static-library
    export PASCAL_STRINGS\=YES
    export PATH\=/Applications/Xcode.app/Contents/SharedFrameworks/SwiftBuild.framework/Versions/A/PlugIns/SWBBuildService.bundle/Contents/PlugIns/SWBUniversalPlatformPlugin.bundle/Contents/Frameworks/SWBUniversalPlatform.framework/Resources:/Applications/Xcode.app/Contents/Developer/Toolchains/XcodeDefault.xctoolchain/usr/bin:/Applications/Xcode.app/Contents/Developer/Toolchains/XcodeDefault.xctoolchain/usr/local/bin:/Applications/Xcode.app/Contents/Developer/Toolchains/XcodeDefault.xctoolchain/usr/libexec:/Applications/Xcode.app/Contents/Developer/Platforms/iPhoneOS.platform/usr/bin:/Applications/Xcode.app/Contents/Developer/Platforms/iPhoneOS.platform/usr/local/bin:/Applications/Xcode.app/Contents/Developer/Platforms/iPhoneOS.platform/Developer/usr/bin:/Applications/Xcode.app/Contents/Developer/Platforms/iPhoneOS.platform/Developer/usr/local/bin:/Applications/Xcode.app/Contents/Developer/usr/bin:/Applications/Xcode.app/Contents/Developer/usr/local/bin:/Users/prathamesh/Downloads/flutter/bin:/Library/Java/JavaVirtualMachines/jdk-17.jdk/Contents/Home/bin:/usr/local/bin:/System/Cryptexes/App/usr/bin:/usr/bin:/bin:/usr/sbin:/sbin:/var/run/com.apple.security.cryptexd/codex.system/bootstrap/usr/local/bin:/var/run/com.apple.security.cryptexd/codex.system/bootstrap/usr/bin:/var/run/com.apple.security.cryptexd/codex.system/bootstrap/usr/appleinternal/bin:/opt/pkg/env/active/bin:/opt/pmk/env/global/bin:/Library/Apple/usr/bin:/opt/homebrew/bin:/Users/prathamesh/Library/Android/sdk/platform-tools:/Users/prathamesh/Library/Android/sdk/emulator
    export PATH_PREFIXES_EXCLUDED_FROM_HEADER_DEPENDENCIES\=/usr/include\ /usr/local/include\ /System/Library/Frameworks\ /System/Library/PrivateFrameworks\ /Applications/Xcode.app/Contents/Developer/Headers\ /Applications/Xcode.app/Contents/Developer/SDKs\ /Applications/Xcode.app/Contents/Developer/Platforms
    export PER_ARCH_MODULE_FILE_DIR\=/Users/prathamesh/Library/Developer/Xcode/DerivedData/CCAvenueIndiaSdkReactNativeExample-dmeqaxpselaggkfhomgslbamujbl/Build/Intermediates.noindex/Pods.build/Debug-iphoneos/React-RCTFBReactNativeSpec.build/Objects-normal/undefined_arch
    export PER_ARCH_OBJECT_FILE_DIR\=/Users/prathamesh/Library/Developer/Xcode/DerivedData/CCAvenueIndiaSdkReactNativeExample-dmeqaxpselaggkfhomgslbamujbl/Build/Intermediates.noindex/Pods.build/Debug-iphoneos/React-RCTFBReactNativeSpec.build/Objects-normal/undefined_arch
    export PER_VARIANT_OBJECT_FILE_DIR\=/Users/prathamesh/Library/Developer/Xcode/DerivedData/CCAvenueIndiaSdkReactNativeExample-dmeqaxpselaggkfhomgslbamujbl/Build/Intermediates.noindex/Pods.build/Debug-iphoneos/React-RCTFBReactNativeSpec.build/Objects-normal
    export PKGINFO_FILE_PATH\=/Users/prathamesh/Library/Developer/Xcode/DerivedData/CCAvenueIndiaSdkReactNativeExample-dmeqaxpselaggkfhomgslbamujbl/Build/Intermediates.noindex/Pods.build/Debug-iphoneos/React-RCTFBReactNativeSpec.build/PkgInfo
    export PLATFORM_DEVELOPER_APPLICATIONS_DIR\=/Applications/Xcode.app/Contents/Developer/Platforms/iPhoneOS.platform/Developer/Applications
    export PLATFORM_DEVELOPER_BIN_DIR\=/Applications/Xcode.app/Contents/Developer/Platforms/iPhoneOS.platform/Developer/usr/bin
    export PLATFORM_DEVELOPER_LIBRARY_DIR\=/Applications/Xcode.app/Contents/Developer/Platforms/iPhoneOS.platform/Developer/Library
    export PLATFORM_DEVELOPER_SDK_DIR\=/Applications/Xcode.app/Contents/Developer/Platforms/iPhoneOS.platform/Developer/SDKs
    export PLATFORM_DEVELOPER_TOOLS_DIR\=/Applications/Xcode.app/Contents/Developer/Platforms/iPhoneOS.platform/Developer/Tools
    export PLATFORM_DEVELOPER_USR_DIR\=/Applications/Xcode.app/Contents/Developer/Platforms/iPhoneOS.platform/Developer/usr
    export PLATFORM_DIR\=/Applications/Xcode.app/Contents/Developer/Platforms/iPhoneOS.platform
    export PLATFORM_DISPLAY_NAME\=iOS
    export PLATFORM_FAMILY_NAME\=iOS
    export PLATFORM_NAME\=iphoneos
    export PLATFORM_PREFERRED_ARCH\=arm64
    export PLATFORM_PRODUCT_BUILD_VERSION\=23C53
    export PLATFORM_REQUIRES_SWIFT_AUTOLINK_EXTRACT\=NO
    export PLATFORM_REQUIRES_SWIFT_MODULEWRAP\=NO
    export PLIST_FILE_OUTPUT_FORMAT\=binary
    export PODS_BUILD_DIR\=/Users/prathamesh/Library/Developer/Xcode/DerivedData/CCAvenueIndiaSdkReactNativeExample-dmeqaxpselaggkfhomgslbamujbl/Build/Products
    export PODS_CONFIGURATION_BUILD_DIR\=/Users/prathamesh/Library/Developer/Xcode/DerivedData/CCAvenueIndiaSdkReactNativeExample-dmeqaxpselaggkfhomgslbamujbl/Build/Products/Debug-iphoneos
    export PODS_DEVELOPMENT_LANGUAGE\=en
    export PODS_ROOT\=/Users/prathamesh/StudioProjects/ccavenue-india-sdk-react-native/example/ios/Pods
    export PODS_TARGET_SRCROOT\=/Users/prathamesh/StudioProjects/ccavenue-india-sdk-react-native/example/ios/Pods/../../node_modules/react-native/React
    export PODS_XCFRAMEWORKS_BUILD_DIR\=/Users/prathamesh/Library/Developer/Xcode/DerivedData/CCAvenueIndiaSdkReactNativeExample-dmeqaxpselaggkfhomgslbamujbl/Build/Products/Debug-iphoneos/XCFrameworkIntermediates
    export PRECOMPS_INCLUDE_HEADERS_FROM_BUILT_PRODUCTS_DIR\=YES
    export PRECOMP_DESTINATION_DIR\=/Users/prathamesh/Library/Developer/Xcode/DerivedData/CCAvenueIndiaSdkReactNativeExample-dmeqaxpselaggkfhomgslbamujbl/Build/Intermediates.noindex/Pods.build/Debug-iphoneos/React-RCTFBReactNativeSpec.build/PrefixHeaders
    export PROCESSED_INFOPLIST_PATH\=/Users/prathamesh/Library/Developer/Xcode/DerivedData/CCAvenueIndiaSdkReactNativeExample-dmeqaxpselaggkfhomgslbamujbl/Build/Intermediates.noindex/Pods.build/Debug-iphoneos/React-RCTFBReactNativeSpec.build/Objects-normal/undefined_arch/Processed-Info.plist
    export PRODUCT_BUNDLE_IDENTIFIER\=org.cocoapods.React-RCTFBReactNativeSpec
    export PRODUCT_MODULE_NAME\=FBReactNativeSpec
    export PRODUCT_NAME\=React-RCTFBReactNativeSpec
    export PRODUCT_SETTINGS_PATH\=
    export PRODUCT_TYPE\=com.apple.product-type.library.static
    export PROFILING_CODE\=NO
    export PROJECT\=Pods
    export PROJECT_DERIVED_FILE_DIR\=/Users/prathamesh/Library/Developer/Xcode/DerivedData/CCAvenueIndiaSdkReactNativeExample-dmeqaxpselaggkfhomgslbamujbl/Build/Intermediates.noindex/Pods.build/DerivedSources
    export PROJECT_DIR\=/Users/prathamesh/StudioProjects/ccavenue-india-sdk-react-native/example/ios/Pods
    export PROJECT_FILE_PATH\=/Users/prathamesh/StudioProjects/ccavenue-india-sdk-react-native/example/ios/Pods/Pods.xcodeproj
    export PROJECT_GUID\=8699adb1dd336b26511df848a716bd42
    export PROJECT_NAME\=Pods
    export PROJECT_TEMP_DIR\=/Users/prathamesh/Library/Developer/Xcode/DerivedData/CCAvenueIndiaSdkReactNativeExample-dmeqaxpselaggkfhomgslbamujbl/Build/Intermediates.noindex/Pods.build
    export PROJECT_TEMP_ROOT\=/Users/prathamesh/Library/Developer/Xcode/DerivedData/CCAvenueIndiaSdkReactNativeExample-dmeqaxpselaggkfhomgslbamujbl/Build/Intermediates.noindex
    export REACT_NATIVE_PATH\=/Users/prathamesh/StudioProjects/ccavenue-india-sdk-react-native/example/ios/Pods/../../node_modules/react-native
    export RECOMMENDED_IPHONEOS_DEPLOYMENT_TARGET\=15.0
    export RECURSIVE_SEARCH_PATHS_FOLLOW_SYMLINKS\=YES
    export REMOVE_CVS_FROM_RESOURCES\=YES
    export REMOVE_GIT_FROM_RESOURCES\=YES
    export REMOVE_HEADERS_FROM_EMBEDDED_BUNDLES\=YES
    export REMOVE_HG_FROM_RESOURCES\=YES
    export REMOVE_STATIC_EXECUTABLES_FROM_EMBEDDED_BUNDLES\=YES
    export REMOVE_SVN_FROM_RESOURCES\=YES
    export RESCHEDULE_INDEPENDENT_HEADERS_PHASES\=YES
    export REZ_COLLECTOR_DIR\=/Users/prathamesh/Library/Developer/Xcode/DerivedData/CCAvenueIndiaSdkReactNativeExample-dmeqaxpselaggkfhomgslbamujbl/Build/Intermediates.noindex/Pods.build/Debug-iphoneos/React-RCTFBReactNativeSpec.build/ResourceManagerResources
    export REZ_EXECUTABLE\=YES
    export REZ_OBJECTS_DIR\=/Users/prathamesh/Library/Developer/Xcode/DerivedData/CCAvenueIndiaSdkReactNativeExample-dmeqaxpselaggkfhomgslbamujbl/Build/Intermediates.noindex/Pods.build/Debug-iphoneos/React-RCTFBReactNativeSpec.build/ResourceManagerResources/Objects
    export REZ_SEARCH_PATHS\=/Users/prathamesh/Library/Developer/Xcode/DerivedData/CCAvenueIndiaSdkReactNativeExample-dmeqaxpselaggkfhomgslbamujbl/Build/Products/Debug-iphoneos/React-RCTFBReactNativeSpec\ 
    export RUNTIME_EXCEPTION_ALLOW_DYLD_ENVIRONMENT_VARIABLES\=NO
    export RUNTIME_EXCEPTION_ALLOW_JIT\=NO
    export RUNTIME_EXCEPTION_ALLOW_UNSIGNED_EXECUTABLE_MEMORY\=NO
    export RUNTIME_EXCEPTION_DEBUGGING_TOOL\=NO
    export RUNTIME_EXCEPTION_DISABLE_EXECUTABLE_PAGE_PROTECTION\=NO
    export RUNTIME_EXCEPTION_DISABLE_LIBRARY_VALIDATION\=NO
    export SCAN_ALL_SOURCE_FILES_FOR_INCLUDES\=NO
    export SCRIPT_INPUT_FILE_COUNT\=0
    export SCRIPT_INPUT_FILE_LIST_COUNT\=0
    export SCRIPT_OUTPUT_FILE_COUNT\=0
    export SCRIPT_OUTPUT_FILE_LIST_COUNT\=0
    export SDKROOT\=/Applications/Xcode.app/Contents/Developer/Platforms/iPhoneOS.platform/Developer/SDKs/iPhoneOS26.2.sdk
    export SDK_DIR\=/Applications/Xcode.app/Contents/Developer/Platforms/iPhoneOS.platform/Developer/SDKs/iPhoneOS26.2.sdk
    export SDK_DIR_iphoneos\=/Applications/Xcode.app/Contents/Developer/Platforms/iPhoneOS.platform/Developer/SDKs/iPhoneOS26.2.sdk
    export SDK_DIR_iphoneos26_2\=/Applications/Xcode.app/Contents/Developer/Platforms/iPhoneOS.platform/Developer/SDKs/iPhoneOS26.2.sdk
    export SDK_NAME\=iphoneos26.2
    export SDK_NAMES\=iphoneos26.2
    export SDK_PRODUCT_BUILD_VERSION\=23C53
    export SDK_STAT_CACHE_DIR\=/Users/prathamesh/Library/Developer/Xcode/DerivedData
    export SDK_STAT_CACHE_ENABLE\=YES
    export SDK_STAT_CACHE_PATH\=/Users/prathamesh/Library/Developer/Xcode/DerivedData/SDKStatCaches.noindex/iphoneos26.2-23C53-3794476bd08197c3e2abd9bb477ef7f7.sdkstatcache
    export SDK_VERSION\=26.2
    export SDK_VERSION_ACTUAL\=260200
    export SDK_VERSION_MAJOR\=260000
    export SDK_VERSION_MINOR\=260200
    export SED\=/usr/bin/sed
    export SEPARATE_STRIP\=NO
    export SEPARATE_SYMBOL_EDIT\=NO
    export SET_DIR_MODE_OWNER_GROUP\=YES
    export SET_FILE_MODE_OWNER_GROUP\=NO
    export SHALLOW_BUNDLE\=NO
    export SHARED_DERIVED_FILE_DIR\=/Users/prathamesh/Library/Developer/Xcode/DerivedData/CCAvenueIndiaSdkReactNativeExample-dmeqaxpselaggkfhomgslbamujbl/Build/Products/Debug-iphoneos/React-RCTFBReactNativeSpec/DerivedSources
    export SHARED_PRECOMPS_DIR\=/Users/prathamesh/Library/Developer/Xcode/DerivedData/CCAvenueIndiaSdkReactNativeExample-dmeqaxpselaggkfhomgslbamujbl/Build/Intermediates.noindex/PrecompiledHeaders
    export SKIP_INSTALL\=YES
    export SOURCE_ROOT\=/Users/prathamesh/StudioProjects/ccavenue-india-sdk-react-native/example/ios/Pods
    export SRCROOT\=/Users/prathamesh/StudioProjects/ccavenue-india-sdk-react-native/example/ios/Pods
    export STRINGSDATA_DIR\=/Users/prathamesh/Library/Developer/Xcode/DerivedData/CCAvenueIndiaSdkReactNativeExample-dmeqaxpselaggkfhomgslbamujbl/Build/Intermediates.noindex/Pods.build/Debug-iphoneos/React-RCTFBReactNativeSpec.build/Objects-normal/undefined_arch
    export STRINGSDATA_ROOT\=/Users/prathamesh/Library/Developer/Xcode/DerivedData/CCAvenueIndiaSdkReactNativeExample-dmeqaxpselaggkfhomgslbamujbl/Build/Intermediates.noindex/Pods.build/Debug-iphoneos/React-RCTFBReactNativeSpec.build
    export STRINGS_FILE_INFOPLIST_RENAME\=YES
    export STRINGS_FILE_OUTPUT_ENCODING\=binary
    export STRING_CATALOG_GENERATE_SYMBOLS\=NO
    export STRIP_BITCODE_FROM_COPIED_FILES\=YES
    export STRIP_INSTALLED_PRODUCT\=NO
    export STRIP_STYLE\=debugging
    export STRIP_SWIFT_SYMBOLS\=YES
    export SUPPORTED_DEVICE_FAMILIES\=1,2
    export SUPPORTED_PLATFORMS\=iphoneos\ iphonesimulator
    export SUPPORTS_MACCATALYST\=YES
    export SUPPORTS_MAC_DESIGNED_FOR_IPHONE_IPAD\=YES
    export SUPPORTS_TEXT_BASED_API\=NO
    export SUPPORTS_XR_DESIGNED_FOR_IPHONE_IPAD\=YES
    export SUPPRESS_WARNINGS\=NO
    export SWIFT_ACTIVE_COMPILATION_CONDITIONS\=\ DEBUG\ 
    export SWIFT_EMIT_CONST_VALUE_PROTOCOLS\=AppIntent\ EntityQuery\ AppEntity\ TransientEntity\ AppEnum\ AppShortcutProviding\ AppShortcutsProvider\ AnyResolverProviding\ AppIntentsPackage\ DynamicOptionsProvider\ _IntentValueRepresentable\ _AssistantIntentsProvider\ _GenerativeFunctionExtractable\ IntentValueQuery\ Resolver\ AppExtension\ ExtensionPointDefining
    export SWIFT_EMIT_LOC_STRINGS\=NO
    export SWIFT_ENABLE_EXPLICIT_MODULES\=YES
    export SWIFT_INSTALL_OBJC_HEADER\=YES
    export SWIFT_OPTIMIZATION_LEVEL\=-Onone
    export SWIFT_PLATFORM_TARGET_PREFIX\=ios
    export SWIFT_RESPONSE_FILE_PATH_normal_arm64\=/Users/prathamesh/Library/Developer/Xcode/DerivedData/CCAvenueIndiaSdkReactNativeExample-dmeqaxpselaggkfhomgslbamujbl/Build/Intermediates.noindex/Pods.build/Debug-iphoneos/React-RCTFBReactNativeSpec.build/Objects-normal/arm64/React-RCTFBReactNativeSpec.SwiftFileList
    export SWIFT_VERSION\=5.0
    export SYMROOT\=/Users/prathamesh/Library/Developer/Xcode/DerivedData/CCAvenueIndiaSdkReactNativeExample-dmeqaxpselaggkfhomgslbamujbl/Build/Products
    export SYSTEM_ADMIN_APPS_DIR\=/Applications/Utilities
    export SYSTEM_APPS_DIR\=/Applications
    export SYSTEM_CORE_SERVICES_DIR\=/System/Library/CoreServices
    export SYSTEM_DEMOS_DIR\=/Applications/Extras
    export SYSTEM_DEVELOPER_APPS_DIR\=/Applications/Xcode.app/Contents/Developer/Applications
    export SYSTEM_DEVELOPER_BIN_DIR\=/Applications/Xcode.app/Contents/Developer/usr/bin
    export SYSTEM_DEVELOPER_DEMOS_DIR\=/Applications/Xcode.app/Contents/Developer/Applications/Utilities/Built\ Examples
    export SYSTEM_DEVELOPER_DIR\=/Applications/Xcode.app/Contents/Developer
    export SYSTEM_DEVELOPER_DOC_DIR\=/Applications/Xcode.app/Contents/Developer/ADC\ Reference\ Library
    export SYSTEM_DEVELOPER_GRAPHICS_TOOLS_DIR\=/Applications/Xcode.app/Contents/Developer/Applications/Graphics\ Tools
    export SYSTEM_DEVELOPER_JAVA_TOOLS_DIR\=/Applications/Xcode.app/Contents/Developer/Applications/Java\ Tools
    export SYSTEM_DEVELOPER_PERFORMANCE_TOOLS_DIR\=/Applications/Xcode.app/Contents/Developer/Applications/Performance\ Tools
    export SYSTEM_DEVELOPER_RELEASENOTES_DIR\=/Applications/Xcode.app/Contents/Developer/ADC\ Reference\ Library/releasenotes
    export SYSTEM_DEVELOPER_TOOLS\=/Applications/Xcode.app/Contents/Developer/Tools
    export SYSTEM_DEVELOPER_TOOLS_DOC_DIR\=/Applications/Xcode.app/Contents/Developer/ADC\ Reference\ Library/documentation/DeveloperTools
    export SYSTEM_DEVELOPER_TOOLS_RELEASENOTES_DIR\=/Applications/Xcode.app/Contents/Developer/ADC\ Reference\ Library/releasenotes/DeveloperTools
    export SYSTEM_DEVELOPER_USR_DIR\=/Applications/Xcode.app/Contents/Developer/usr
    export SYSTEM_DEVELOPER_UTILITIES_DIR\=/Applications/Xcode.app/Contents/Developer/Applications/Utilities
    export SYSTEM_DEXT_INSTALL_PATH\=/System/Library/DriverExtensions
    export SYSTEM_DOCUMENTATION_DIR\=/Library/Documentation
    export SYSTEM_KEXT_INSTALL_PATH\=/System/Library/Extensions
    export SYSTEM_LIBRARY_DIR\=/System/Library
    export TAPI_DEMANGLE\=YES
    export TAPI_ENABLE_PROJECT_HEADERS\=NO
    export TAPI_LANGUAGE\=objective-c
    export TAPI_LANGUAGE_STANDARD\=compiler-default
    export TAPI_USE_SRCROOT\=YES
    export TAPI_VERIFY_MODE\=Pedantic
    export TARGETED_DEVICE_FAMILY\=1,2
    export TARGETNAME\=React-RCTFBReactNativeSpec
    export TARGET_BUILD_DIR\=/Users/prathamesh/Library/Developer/Xcode/DerivedData/CCAvenueIndiaSdkReactNativeExample-dmeqaxpselaggkfhomgslbamujbl/Build/Products/Debug-iphoneos/React-RCTFBReactNativeSpec
    export TARGET_DEVICE_IDENTIFIER\=00008030-00114C8C1106402E
    export TARGET_DEVICE_MODEL\=iPhone12,1
    export TARGET_DEVICE_OS_VERSION\=26.3.1
    export TARGET_DEVICE_PLATFORM_NAME\=iphoneos
    export TARGET_NAME\=React-RCTFBReactNativeSpec
    export TARGET_TEMP_DIR\=/Users/prathamesh/Library/Developer/Xcode/DerivedData/CCAvenueIndiaSdkReactNativeExample-dmeqaxpselaggkfhomgslbamujbl/Build/Intermediates.noindex/Pods.build/Debug-iphoneos/React-RCTFBReactNativeSpec.build
    export TEMP_DIR\=/Users/prathamesh/Library/Developer/Xcode/DerivedData/CCAvenueIndiaSdkReactNativeExample-dmeqaxpselaggkfhomgslbamujbl/Build/Intermediates.noindex/Pods.build/Debug-iphoneos/React-RCTFBReactNativeSpec.build
    export TEMP_FILES_DIR\=/Users/prathamesh/Library/Developer/Xcode/DerivedData/CCAvenueIndiaSdkReactNativeExample-dmeqaxpselaggkfhomgslbamujbl/Build/Intermediates.noindex/Pods.build/Debug-iphoneos/React-RCTFBReactNativeSpec.build
    export TEMP_FILE_DIR\=/Users/prathamesh/Library/Developer/Xcode/DerivedData/CCAvenueIndiaSdkReactNativeExample-dmeqaxpselaggkfhomgslbamujbl/Build/Intermediates.noindex/Pods.build/Debug-iphoneos/React-RCTFBReactNativeSpec.build
    export TEMP_ROOT\=/Users/prathamesh/Library/Developer/Xcode/DerivedData/CCAvenueIndiaSdkReactNativeExample-dmeqaxpselaggkfhomgslbamujbl/Build/Intermediates.noindex
    export TEMP_SANDBOX_DIR\=/Users/prathamesh/Library/Developer/Xcode/DerivedData/CCAvenueIndiaSdkReactNativeExample-dmeqaxpselaggkfhomgslbamujbl/Build/Intermediates.noindex/TemporaryTaskSandboxes
    export TEST_FRAMEWORK_SEARCH_PATHS\=\ /Applications/Xcode.app/Contents/Developer/Platforms/iPhoneOS.platform/Developer/Library/Frameworks\ /Applications/Xcode.app/Contents/Developer/Platforms/iPhoneOS.platform/Developer/SDKs/iPhoneOS26.2.sdk/Developer/Library/Frameworks
    export TEST_LIBRARY_SEARCH_PATHS\=\ /Applications/Xcode.app/Contents/Developer/Platforms/iPhoneOS.platform/Developer/usr/lib
    export TOOLCHAINS\=com.apple.dt.toolchain.XcodeDefault
    export TOOLCHAIN_DIR\=/Applications/Xcode.app/Contents/Developer/Toolchains/XcodeDefault.xctoolchain
    export TREAT_MISSING_BASELINES_AS_TEST_FAILURES\=NO
    export TREAT_MISSING_SCRIPT_PHASE_OUTPUTS_AS_ERRORS\=NO
    export UID\=502
    export UNINSTALLED_PRODUCTS_DIR\=/Users/prathamesh/Library/Developer/Xcode/DerivedData/CCAvenueIndiaSdkReactNativeExample-dmeqaxpselaggkfhomgslbamujbl/Build/Intermediates.noindex/UninstalledProducts
    export UNSTRIPPED_PRODUCT\=NO
    export USER\=prathamesh
    export USER_APPS_DIR\=/Users/prathamesh/Applications
    export USER_LIBRARY_DIR\=/Users/prathamesh/Library
    export USE_DYNAMIC_NO_PIC\=YES
    export USE_HEADERMAP\=NO
    export USE_HEADER_SYMLINKS\=NO
    export USE_HERMES\=true
    export USE_RECURSIVE_SCRIPT_INPUTS_IN_SCRIPT_PHASES\=YES
    export VALIDATE_DEVELOPMENT_ASSET_PATHS\=YES_ERROR
    export VALIDATE_PRODUCT\=NO
    export VALID_ARCHS\=arm64\ arm64e\ armv7\ armv7s
    export VERBOSE_PBXCP\=NO
    export VERSION_INFO_BUILDER\=prathamesh
    export VERSION_INFO_FILE\=React-RCTFBReactNativeSpec_vers.c
    export VERSION_INFO_STRING\=\"@\(\#\)PROGRAM:React-RCTFBReactNativeSpec\ \ PROJECT:Pods-\"
    export WORKSPACE_DIR\=/Users/prathamesh/StudioProjects/ccavenue-india-sdk-react-native/example/ios
    export WRAP_ASSET_PACKS_IN_SEPARATE_DIRECTORIES\=NO
    export XCODE_APP_SUPPORT_DIR\=/Applications/Xcode.app/Contents/Developer/Library/Xcode
    export XCODE_PRODUCT_BUILD_VERSION\=17C52
    export XCODE_VERSION_ACTUAL\=2620
    export XCODE_VERSION_MAJOR\=2600
    export XCODE_VERSION_MINOR\=2620
    export XPCSERVICES_FOLDER_PATH\=/XPCServices
    export YACC\=yacc
    export _DISCOVER_COMMAND_LINE_LINKER_INPUTS\=YES
    export _DISCOVER_COMMAND_LINE_LINKER_INPUTS_INCLUDE_WL\=YES
    export _LD_MULTIARCH\=YES
    export __DIAGNOSE_DEPRECATED_ARCHS\=YES
    export arch\=undefined_arch
    export variant\=normal
    /bin/sh -c /Users/prathamesh/Library/Developer/Xcode/DerivedData/CCAvenueIndiaSdkReactNativeExample-dmeqaxpselaggkfhomgslbamujbl/Build/Intermediates.noindex/Pods.build/Debug-iphoneos/React-RCTFBReactNativeSpec.build/Script-46EB2E0001CFC0.sh
Checking whether Codegen has run...

warning: Run script build phase 'Bundle React Native code and images' will be run during every build because it does not specify any outputs. To address this issue, either add output dependencies to the script phase, or configure it to run in every build by unchecking "Based on dependency analysis" in the script phase. (in target 'CcavenueIndiaSdkReactNativeExample' from project 'CcavenueIndiaSdkReactNativeExample')
ProcessProductPackaging /Users/prathamesh/Library/Developer/Xcode/UserData/Provisioning\ Profiles/63914ca4-dbb2-4ea9-b2a7-ccf20a8e1787.mobileprovision /Users/prathamesh/Library/Developer/Xcode/DerivedData/CCAvenueIndiaSdkReactNativeExample-dmeqaxpselaggkfhomgslbamujbl/Build/Products/Debug-iphoneos/CcavenueIndiaSdkReactNativeExample.app/embedded.mobileprovision (in target 'CcavenueIndiaSdkReactNativeExample' from project 'CcavenueIndiaSdkReactNativeExample')
    cd /Users/prathamesh/StudioProjects/ccavenue-india-sdk-react-native/example/ios
    builtin-productPackagingUtility /Users/prathamesh/Library/Developer/Xcode/UserData/Provisioning\ Profiles/63914ca4-dbb2-4ea9-b2a7-ccf20a8e1787.mobileprovision -o /Users/prathamesh/Library/Developer/Xcode/DerivedData/CCAvenueIndiaSdkReactNativeExample-dmeqaxpselaggkfhomgslbamujbl/Build/Products/Debug-iphoneos/CcavenueIndiaSdkReactNativeExample.app/embedded.mobileprovision

ProcessProductPackaging "" /Users/prathamesh/Library/Developer/Xcode/DerivedData/CCAvenueIndiaSdkReactNativeExample-dmeqaxpselaggkfhomgslbamujbl/Build/Intermediates.noindex/CcavenueIndiaSdkReactNativeExample.build/Debug-iphoneos/CcavenueIndiaSdkReactNativeExample.build/CcavenueIndiaSdkReactNativeExample.app.xcent (in target 'CcavenueIndiaSdkReactNativeExample' from project 'CcavenueIndiaSdkReactNativeExample')
    cd /Users/prathamesh/StudioProjects/ccavenue-india-sdk-react-native/example/ios
    
    Entitlements:
    
    {
    "application-identifier" = "2BKAMVH68R.ccavenueindiasdkreactnative.example";
    "com.apple.developer.team-identifier" = 2BKAMVH68R;
    "get-task-allow" = 1;
}
    
    builtin-productPackagingUtility -entitlements -format xml -o /Users/prathamesh/Library/Developer/Xcode/DerivedData/CCAvenueIndiaSdkReactNativeExample-dmeqaxpselaggkfhomgslbamujbl/Build/Intermediates.noindex/CcavenueIndiaSdkReactNativeExample.build/Debug-iphoneos/CcavenueIndiaSdkReactNativeExample.build/CcavenueIndiaSdkReactNativeExample.app.xcent

ScanDependencies /Users/prathamesh/Library/Developer/Xcode/DerivedData/CCAvenueIndiaSdkReactNativeExample-dmeqaxpselaggkfhomgslbamujbl/Build/Intermediates.noindex/Pods.build/Debug-iphoneos/Pods-CcavenueIndiaSdkReactNativeExample.build/Objects-normal/arm64/Pods-CcavenueIndiaSdkReactNativeExample-dummy.o /Users/prathamesh/StudioProjects/ccavenue-india-sdk-react-native/example/ios/Pods/Target\ Support\ Files/Pods-CcavenueIndiaSdkReactNativeExample/Pods-CcavenueIndiaSdkReactNativeExample-dummy.m normal arm64 objective-c com.apple.compilers.llvm.clang.1_0.compiler (in target 'Pods-CcavenueIndiaSdkReactNativeExample' from project 'Pods')
    cd /Users/prathamesh/StudioProjects/ccavenue-india-sdk-react-native/example/ios/Pods
    
    Using response file: /Users/prathamesh/Library/Developer/Xcode/DerivedData/CCAvenueIndiaSdkReactNativeExample-dmeqaxpselaggkfhomgslbamujbl/Build/Intermediates.noindex/Pods.build/Debug-iphoneos/Pods-CcavenueIndiaSdkReactNativeExample.build/Objects-normal/arm64/e6072d4f65d7061329687fe24e3d63a7-common-args.resp
    
    builtin-ScanDependencies -o /Users/prathamesh/Library/Developer/Xcode/DerivedData/CCAvenueIndiaSdkReactNativeExample-dmeqaxpselaggkfhomgslbamujbl/Build/Intermediates.noindex/Pods.build/Debug-iphoneos/Pods-CcavenueIndiaSdkReactNativeExample.build/Objects-normal/arm64/Pods-CcavenueIndiaSdkReactNativeExample-dummy.o.scan -- /Applications/Xcode.app/Contents/Developer/Toolchains/XcodeDefault.xctoolchain/usr/bin/clang -x objective-c -ivfsstatcache /Users/prathamesh/Library/Developer/Xcode/DerivedData/SDKStatCaches.noindex/iphoneos26.2-23C53-3794476bd08197c3e2abd9bb477ef7f7.sdkstatcache -fmessage-length\=0 -fdiagnostics-show-note-include-stack -fmacro-backtrace-limit\=0 -fno-color-diagnostics -fmodules-prune-interval\=86400 -fmodules-prune-after\=345600 -fbuild-session-file\=/Users/prathamesh/Library/Developer/Xcode/DerivedData/ModuleCache.noindex/Session.modulevalidation -fmodules-validate-once-per-build-session -Wnon-modular-include-in-framework-module -Werror\=non-modular-include-in-framework-module -Wno-trigraphs -Wno-missing-field-initializers -Wno-missing-prototypes -Werror\=return-type -Wdocumentation -Wunreachable-code -Wno-implicit-atomic-properties -Werror\=deprecated-objc-isa-usage -Wno-objc-interface-ivars -Werror\=objc-root-class -Wno-arc-repeated-use-of-weak -Wimplicit-retain-self -Wduplicate-method-match -Wno-missing-braces -Wparentheses -Wswitch -Wunused-function -Wno-unused-label -Wno-unused-parameter -Wunused-variable -Wunused-value -Wempty-body -Wuninitialized -Wconditional-uninitialized -Wno-unknown-pragmas -Wno-shadow -Wno-four-char-constants -Wno-conversion -Wconstant-conversion -Wint-conversion -Wbool-conversion -Wenum-conversion -Wno-float-conversion -Wnon-literal-null-conversion -Wobjc-literal-conversion -Wshorten-64-to-32 -Wpointer-sign -Wno-newline-eof -Wno-selector -Wno-strict-selector-match -Wundeclared-selector -Wdeprecated-implementations -Wno-implicit-fallthrough -fstrict-aliasing -Wprotocol -Wdeprecated-declarations -Wno-sign-conversion -Winfinite-recursion -Wcomma -Wblock-capture-autoreleasing -Wstrict-prototypes -Wno-semicolon-before-method-body -Wunguarded-availability -index-store-path /Users/prathamesh/Library/Developer/Xcode/DerivedData/CCAvenueIndiaSdkReactNativeExample-dmeqaxpselaggkfhomgslbamujbl/Index.noindex/DataStore @/Users/prathamesh/Library/Developer/Xcode/DerivedData/CCAvenueIndiaSdkReactNativeExample-dmeqaxpselaggkfhomgslbamujbl/Build/Intermediates.noindex/Pods.build/Debug-iphoneos/Pods-CcavenueIndiaSdkReactNativeExample.build/Objects-normal/arm64/e6072d4f65d7061329687fe24e3d63a7-common-args.resp -MMD -MT dependencies -MF /Users/prathamesh/Library/Developer/Xcode/DerivedData/CCAvenueIndiaSdkReactNativeExample-dmeqaxpselaggkfhomgslbamujbl/Build/Intermediates.noindex/Pods.build/Debug-iphoneos/Pods-CcavenueIndiaSdkReactNativeExample.build/Objects-normal/arm64/Pods-CcavenueIndiaSdkReactNativeExample-dummy.d --serialize-diagnostics /Users/prathamesh/Library/Developer/Xcode/DerivedData/CCAvenueIndiaSdkReactNativeExample-dmeqaxpselaggkfhomgslbamujbl/Build/Intermediates.noindex/Pods.build/Debug-iphoneos/Pods-CcavenueIndiaSdkReactNativeExample.build/Objects-normal/arm64/Pods-CcavenueIndiaSdkReactNativeExample-dummy.dia -c /Users/prathamesh/StudioProjects/ccavenue-india-sdk-react-native/example/ios/Pods/Target\ Support\ Files/Pods-CcavenueIndiaSdkReactNativeExample/Pods-CcavenueIndiaSdkReactNativeExample-dummy.m -o /Users/prathamesh/Library/Developer/Xcode/DerivedData/CCAvenueIndiaSdkReactNativeExample-dmeqaxpselaggkfhomgslbamujbl/Build/Intermediates.noindex/Pods.build/Debug-iphoneos/Pods-CcavenueIndiaSdkReactNativeExample.build/Objects-normal/arm64/Pods-CcavenueIndiaSdkReactNativeExample-dummy.o -index-unit-output-path /Pods.build/Debug-iphoneos/Pods-CcavenueIndiaSdkReactNativeExample.build/Objects-normal/arm64/Pods-CcavenueIndiaSdkReactNativeExample-dummy.o

ProcessProductPackagingDER /Users/prathamesh/Library/Developer/Xcode/DerivedData/CCAvenueIndiaSdkReactNativeExample-dmeqaxpselaggkfhomgslbamujbl/Build/Intermediates.noindex/CcavenueIndiaSdkReactNativeExample.build/Debug-iphoneos/CcavenueIndiaSdkReactNativeExample.build/CcavenueIndiaSdkReactNativeExample.app.xcent /Users/prathamesh/Library/Developer/Xcode/DerivedData/CCAvenueIndiaSdkReactNativeExample-dmeqaxpselaggkfhomgslbamujbl/Build/Intermediates.noindex/CcavenueIndiaSdkReactNativeExample.build/Debug-iphoneos/CcavenueIndiaSdkReactNativeExample.build/CcavenueIndiaSdkReactNativeExample.app.xcent.der (in target 'CcavenueIndiaSdkReactNativeExample' from project 'CcavenueIndiaSdkReactNativeExample')
    cd /Users/prathamesh/StudioProjects/ccavenue-india-sdk-react-native/example/ios
    /usr/bin/derq query -f xml -i /Users/prathamesh/Library/Developer/Xcode/DerivedData/CCAvenueIndiaSdkReactNativeExample-dmeqaxpselaggkfhomgslbamujbl/Build/Intermediates.noindex/CcavenueIndiaSdkReactNativeExample.build/Debug-iphoneos/CcavenueIndiaSdkReactNativeExample.build/CcavenueIndiaSdkReactNativeExample.app.xcent -o /Users/prathamesh/Library/Developer/Xcode/DerivedData/CCAvenueIndiaSdkReactNativeExample-dmeqaxpselaggkfhomgslbamujbl/Build/Intermediates.noindex/CcavenueIndiaSdkReactNativeExample.build/Debug-iphoneos/CcavenueIndiaSdkReactNativeExample.build/CcavenueIndiaSdkReactNativeExample.app.xcent.der --raw

CompileC /Users/prathamesh/Library/Developer/Xcode/DerivedData/CCAvenueIndiaSdkReactNativeExample-dmeqaxpselaggkfhomgslbamujbl/Build/Intermediates.noindex/Pods.build/Debug-iphoneos/Pods-CcavenueIndiaSdkReactNativeExample.build/Objects-normal/arm64/Pods-CcavenueIndiaSdkReactNativeExample-dummy.o /Users/prathamesh/StudioProjects/ccavenue-india-sdk-react-native/example/ios/Pods/Target\ Support\ Files/Pods-CcavenueIndiaSdkReactNativeExample/Pods-CcavenueIndiaSdkReactNativeExample-dummy.m normal arm64 objective-c com.apple.compilers.llvm.clang.1_0.compiler (in target 'Pods-CcavenueIndiaSdkReactNativeExample' from project 'Pods')
    cd /Users/prathamesh/StudioProjects/ccavenue-india-sdk-react-native/example/ios/Pods
    
    Using response file: /Users/prathamesh/Library/Developer/Xcode/DerivedData/CCAvenueIndiaSdkReactNativeExample-dmeqaxpselaggkfhomgslbamujbl/Build/Intermediates.noindex/Pods.build/Debug-iphoneos/Pods-CcavenueIndiaSdkReactNativeExample.build/Objects-normal/arm64/e6072d4f65d7061329687fe24e3d63a7-common-args.resp
    
    /Applications/Xcode.app/Contents/Developer/Toolchains/XcodeDefault.xctoolchain/usr/bin/clang -x objective-c -ivfsstatcache /Users/prathamesh/Library/Developer/Xcode/DerivedData/SDKStatCaches.noindex/iphoneos26.2-23C53-3794476bd08197c3e2abd9bb477ef7f7.sdkstatcache -fmessage-length\=0 -fdiagnostics-show-note-include-stack -fmacro-backtrace-limit\=0 -fno-color-diagnostics -fmodules-prune-interval\=86400 -fmodules-prune-after\=345600 -fbuild-session-file\=/Users/prathamesh/Library/Developer/Xcode/DerivedData/ModuleCache.noindex/Session.modulevalidation -fmodules-validate-once-per-build-session -Wnon-modular-include-in-framework-module -Werror\=non-modular-include-in-framework-module -Wno-trigraphs -Wno-missing-field-initializers -Wno-missing-prototypes -Werror\=return-type -Wdocumentation -Wunreachable-code -Wno-implicit-atomic-properties -Werror\=deprecated-objc-isa-usage -Wno-objc-interface-ivars -Werror\=objc-root-class -Wno-arc-repeated-use-of-weak -Wimplicit-retain-self -Wduplicate-method-match -Wno-missing-braces -Wparentheses -Wswitch -Wunused-function -Wno-unused-label -Wno-unused-parameter -Wunused-variable -Wunused-value -Wempty-body -Wuninitialized -Wconditional-uninitialized -Wno-unknown-pragmas -Wno-shadow -Wno-four-char-constants -Wno-conversion -Wconstant-conversion -Wint-conversion -Wbool-conversion -Wenum-conversion -Wno-float-conversion -Wnon-literal-null-conversion -Wobjc-literal-conversion -Wshorten-64-to-32 -Wpointer-sign -Wno-newline-eof -Wno-selector -Wno-strict-selector-match -Wundeclared-selector -Wdeprecated-implementations -Wno-implicit-fallthrough -fstrict-aliasing -Wprotocol -Wdeprecated-declarations -Wno-sign-conversion -Winfinite-recursion -Wcomma -Wblock-capture-autoreleasing -Wstrict-prototypes -Wno-semicolon-before-method-body -Wunguarded-availability -index-store-path /Users/prathamesh/Library/Developer/Xcode/DerivedData/CCAvenueIndiaSdkReactNativeExample-dmeqaxpselaggkfhomgslbamujbl/Index.noindex/DataStore @/Users/prathamesh/Library/Developer/Xcode/DerivedData/CCAvenueIndiaSdkReactNativeExample-dmeqaxpselaggkfhomgslbamujbl/Build/Intermediates.noindex/Pods.build/Debug-iphoneos/Pods-CcavenueIndiaSdkReactNativeExample.build/Objects-normal/arm64/e6072d4f65d7061329687fe24e3d63a7-common-args.resp -MMD -MT dependencies -MF /Users/prathamesh/Library/Developer/Xcode/DerivedData/CCAvenueIndiaSdkReactNativeExample-dmeqaxpselaggkfhomgslbamujbl/Build/Intermediates.noindex/Pods.build/Debug-iphoneos/Pods-CcavenueIndiaSdkReactNativeExample.build/Objects-normal/arm64/Pods-CcavenueIndiaSdkReactNativeExample-dummy.d --serialize-diagnostics /Users/prathamesh/Library/Developer/Xcode/DerivedData/CCAvenueIndiaSdkReactNativeExample-dmeqaxpselaggkfhomgslbamujbl/Build/Intermediates.noindex/Pods.build/Debug-iphoneos/Pods-CcavenueIndiaSdkReactNativeExample.build/Objects-normal/arm64/Pods-CcavenueIndiaSdkReactNativeExample-dummy.dia -c /Users/prathamesh/StudioProjects/ccavenue-india-sdk-react-native/example/ios/Pods/Target\ Support\ Files/Pods-CcavenueIndiaSdkReactNativeExample/Pods-CcavenueIndiaSdkReactNativeExample-dummy.m -o /Users/prathamesh/Library/Developer/Xcode/DerivedData/CCAvenueIndiaSdkReactNativeExample-dmeqaxpselaggkfhomgslbamujbl/Build/Intermediates.noindex/Pods.build/Debug-iphoneos/Pods-CcavenueIndiaSdkReactNativeExample.build/Objects-normal/arm64/Pods-CcavenueIndiaSdkReactNativeExample-dummy.o -index-unit-output-path /Pods.build/Debug-iphoneos/Pods-CcavenueIndiaSdkReactNativeExample.build/Objects-normal/arm64/Pods-CcavenueIndiaSdkReactNativeExample-dummy.o

Libtool /Users/prathamesh/Library/Developer/Xcode/DerivedData/CCAvenueIndiaSdkReactNativeExample-dmeqaxpselaggkfhomgslbamujbl/Build/Products/Debug-iphoneos/libPods-CcavenueIndiaSdkReactNativeExample.a normal (in target 'Pods-CcavenueIndiaSdkReactNativeExample' from project 'Pods')
    cd /Users/prathamesh/StudioProjects/ccavenue-india-sdk-react-native/example/ios/Pods
    /Applications/Xcode.app/Contents/Developer/Toolchains/XcodeDefault.xctoolchain/usr/bin/libtool -static -arch_only arm64 -D -syslibroot /Applications/Xcode.app/Contents/Developer/Platforms/iPhoneOS.platform/Developer/SDKs/iPhoneOS26.2.sdk -L/Users/prathamesh/Library/Developer/Xcode/DerivedData/CCAvenueIndiaSdkReactNativeExample-dmeqaxpselaggkfhomgslbamujbl/Build/Products/Debug-iphoneos -L/Users/prathamesh/Library/Developer/Xcode/DerivedData/CCAvenueIndiaSdkReactNativeExample-dmeqaxpselaggkfhomgslbamujbl/Build/Products/Debug-iphoneos/DoubleConversion -L/Users/prathamesh/Library/Developer/Xcode/DerivedData/CCAvenueIndiaSdkReactNativeExample-dmeqaxpselaggkfhomgslbamujbl/Build/Products/Debug-iphoneos/RCT-Folly -L/Users/prathamesh/Library/Developer/Xcode/DerivedData/CCAvenueIndiaSdkReactNativeExample-dmeqaxpselaggkfhomgslbamujbl/Build/Products/Debug-iphoneos/RCTDeprecation -L/Users/prathamesh/Library/Developer/Xcode/DerivedData/CCAvenueIndiaSdkReactNativeExample-dmeqaxpselaggkfhomgslbamujbl/Build/Products/Debug-iphoneos/RCTSwiftUI -L/Users/prathamesh/Library/Developer/Xcode/DerivedData/CCAvenueIndiaSdkReactNativeExample-dmeqaxpselaggkfhomgslbamujbl/Build/Products/Debug-iphoneos/RCTSwiftUIWrapper -L/Users/prathamesh/Library/Developer/Xcode/DerivedData/CCAvenueIndiaSdkReactNativeExample-dmeqaxpselaggkfhomgslbamujbl/Build/Products/Debug-iphoneos/RCTTypeSafety -L/Users/prathamesh/Library/Developer/Xcode/DerivedData/CCAvenueIndiaSdkReactNativeExample-dmeqaxpselaggkfhomgslbamujbl/Build/Products/Debug-iphoneos/React-Core -L/Users/prathamesh/Library/Developer/Xcode/DerivedData/CCAvenueIndiaSdkReactNativeExample-dmeqaxpselaggkfhomgslbamujbl/Build/Products/Debug-iphoneos/React-CoreModules -L/Users/prathamesh/Library/Developer/Xcode/DerivedData/CCAvenueIndiaSdkReactNativeExample-dmeqaxpselaggkfhomgslbamujbl/Build/Products/Debug-iphoneos/React-Fabric -L/Users/prathamesh/Library/Developer/Xcode/DerivedData/CCAvenueIndiaSdkReactNativeExample-dmeqaxpselaggkfhomgslbamujbl/Build/Products/Debug-iphoneos/React-FabricComponents -L/Users/prathamesh/Library/Developer/Xcode/DerivedData/CCAvenueIndiaSdkReactNativeExample-dmeqaxpselaggkfhomgslbamujbl/Build/Products/Debug-iphoneos/React-FabricImage -L/Users/prathamesh/Library/Developer/Xcode/DerivedData/CCAvenueIndiaSdkReactNativeExample-dmeqaxpselaggkfhomgslbamujbl/Build/Products/Debug-iphoneos/React-ImageManager -L/Users/prathamesh/Library/Developer/Xcode/DerivedData/CCAvenueIndiaSdkReactNativeExample-dmeqaxpselaggkfhomgslbamujbl/Build/Products/Debug-iphoneos/React-Mapbuffer -L/Users/prathamesh/Library/Developer/Xcode/DerivedData/CCAvenueIndiaSdkReactNativeExample-dmeqaxpselaggkfhomgslbamujbl/Build/Products/Debug-iphoneos/React-NativeModulesApple -L/Users/prathamesh/Library/Developer/Xcode/DerivedData/CCAvenueIndiaSdkReactNativeExample-dmeqaxpselaggkfhomgslbamujbl/Build/Products/Debug-iphoneos/React-RCTAnimation -L/Users/prathamesh/Library/Developer/Xcode/DerivedData/CCAvenueIndiaSdkReactNativeExample-dmeqaxpselaggkfhomgslbamujbl/Build/Products/Debug-iphoneos/React-RCTAppDelegate -L/Users/prathamesh/Library/Developer/Xcode/DerivedData/CCAvenueIndiaSdkReactNativeExample-dmeqaxpselaggkfhomgslbamujbl/Build/Products/Debug-iphoneos/React-RCTBlob -L/Users/prathamesh/Library/Developer/Xcode/DerivedData/CCAvenueIndiaSdkReactNativeExample-dmeqaxpselaggkfhomgslbamujbl/Build/Products/Debug-iphoneos/React-RCTFBReactNativeSpec -L/Users/prathamesh/Library/Developer/Xcode/DerivedData/CCAvenueIndiaSdkReactNativeExample-dmeqaxpselaggkfhomgslbamujbl/Build/Products/Debug-iphoneos/React-RCTFabric -L/Users/prathamesh/Library/Developer/Xcode/DerivedData/CCAvenueIndiaSdkReactNativeExample-dmeqaxpselaggkfhomgslbamujbl/Build/Products/Debug-iphoneos/React-RCTImage -L/Users/prathamesh/Library/Developer/Xcode/DerivedData/CCAvenueIndiaSdkReactNativeExample-dmeqaxpselaggkfhomgslbamujbl/Build/Products/Debug-iphoneos/React-RCTLinking -L/Users/prathamesh/Library/Developer/Xcode/DerivedData/CCAvenueIndiaSdkReactNativeExample-dmeqaxpselaggkfhomgslbamujbl/Build/Products/Debug-iphoneos/React-RCTNetwork -L/Users/prathamesh/Library/Developer/Xcode/DerivedData/CCAvenueIndiaSdkReactNativeExample-dmeqaxpselaggkfhomgslbamujbl/Build/Products/Debug-iphoneos/React-RCTRuntime -L/Users/prathamesh/Library/Developer/Xcode/DerivedData/CCAvenueIndiaSdkReactNativeExample-dmeqaxpselaggkfhomgslbamujbl/Build/Products/Debug-iphoneos/React-RCTSettings -L/Users/prathamesh/Library/Developer/Xcode/DerivedData/CCAvenueIndiaSdkReactNativeExample-dmeqaxpselaggkfhomgslbamujbl/Build/Products/Debug-iphoneos/React-RCTText -L/Users/prathamesh/Library/Developer/Xcode/DerivedData/CCAvenueIndiaSdkReactNativeExample-dmeqaxpselaggkfhomgslbamujbl/Build/Products/Debug-iphoneos/React-RCTVibration -L/Users/prathamesh/Library/Developer/Xcode/DerivedData/CCAvenueIndiaSdkReactNativeExample-dmeqaxpselaggkfhomgslbamujbl/Build/Products/Debug-iphoneos/React-RuntimeApple -L/Users/prathamesh/Library/Developer/Xcode/DerivedData/CCAvenueIndiaSdkReactNativeExample-dmeqaxpselaggkfhomgslbamujbl/Build/Products/Debug-iphoneos/React-RuntimeCore -L/Users/prathamesh/Library/Developer/Xcode/DerivedData/CCAvenueIndiaSdkReactNativeExample-dmeqaxpselaggkfhomgslbamujbl/Build/Products/Debug-iphoneos/React-RuntimeHermes -L/Users/prathamesh/Library/Developer/Xcode/DerivedData/CCAvenueIndiaSdkReactNativeExample-dmeqaxpselaggkfhomgslbamujbl/Build/Products/Debug-iphoneos/React-cxxreact -L/Users/prathamesh/Library/Developer/Xcode/DerivedData/CCAvenueIndiaSdkReactNativeExample-dmeqaxpselaggkfhomgslbamujbl/Build/Products/Debug-iphoneos/React-debug -L/Users/prathamesh/Library/Developer/Xcode/DerivedData/CCAvenueIndiaSdkReactNativeExample-dmeqaxpselaggkfhomgslbamujbl/Build/Products/Debug-iphoneos/React-defaultsnativemodule -L/Users/prathamesh/Library/Developer/Xcode/DerivedData/CCAvenueIndiaSdkReactNativeExample-dmeqaxpselaggkfhomgslbamujbl/Build/Products/Debug-iphoneos/React-domnativemodule -L/Users/prathamesh/Library/Developer/Xcode/DerivedData/CCAvenueIndiaSdkReactNativeExample-dmeqaxpselaggkfhomgslbamujbl/Build/Products/Debug-iphoneos/React-featureflags -L/Users/prathamesh/Library/Developer/Xcode/DerivedData/CCAvenueIndiaSdkReactNativeExample-dmeqaxpselaggkfhomgslbamujbl/Build/Products/Debug-iphoneos/React-featureflagsnativemodule -L/Users/prathamesh/Library/Developer/Xcode/DerivedData/CCAvenueIndiaSdkReactNativeExample-dmeqaxpselaggkfhomgslbamujbl/Build/Products/Debug-iphoneos/React-graphics -L/Users/prathamesh/Library/Developer/Xcode/DerivedData/CCAvenueIndiaSdkReactNativeExample-dmeqaxpselaggkfhomgslbamujbl/Build/Products/Debug-iphoneos/React-hermes -L/Users/prathamesh/Library/Developer/Xcode/DerivedData/CCAvenueIndiaSdkReactNativeExample-dmeqaxpselaggkfhomgslbamujbl/Build/Products/Debug-iphoneos/React-idlecallbacksnativemodule -L/Users/prathamesh/Library/Developer/Xcode/DerivedData/CCAvenueIndiaSdkReactNativeExample-dmeqaxpselaggkfhomgslbamujbl/Build/Products/Debug-iphoneos/React-intersectionobservernativemodule -L/Users/prathamesh/Library/Developer/Xcode/DerivedData/CCAvenueIndiaSdkReactNativeExample-dmeqaxpselaggkfhomgslbamujbl/Build/Products/Debug-iphoneos/React-jserrorhandler -L/Users/prathamesh/Library/Developer/Xcode/DerivedData/CCAvenueIndiaSdkReactNativeExample-dmeqaxpselaggkfhomgslbamujbl/Build/Products/Debug-iphoneos/React-jsi -L/Users/prathamesh/Library/Developer/Xcode/DerivedData/CCAvenueIndiaSdkReactNativeExample-dmeqaxpselaggkfhomgslbamujbl/Build/Products/Debug-iphoneos/React-jsiexecutor -L/Users/prathamesh/Library/Developer/Xcode/DerivedData/CCAvenueIndiaSdkReactNativeExample-dmeqaxpselaggkfhomgslbamujbl/Build/Products/Debug-iphoneos/React-jsinspector -L/Users/prathamesh/Library/Developer/Xcode/DerivedData/CCAvenueIndiaSdkReactNativeExample-dmeqaxpselaggkfhomgslbamujbl/Build/Products/Debug-iphoneos/React-jsinspectorcdp -L/Users/prathamesh/Library/Developer/Xcode/DerivedData/CCAvenueIndiaSdkReactNativeExample-dmeqaxpselaggkfhomgslbamujbl/Build/Products/Debug-iphoneos/React-jsinspectornetwork -L/Users/prathamesh/Library/Developer/Xcode/DerivedData/CCAvenueIndiaSdkReactNativeExample-dmeqaxpselaggkfhomgslbamujbl/Build/Products/Debug-iphoneos/React-jsinspectortracing -L/Users/prathamesh/Library/Developer/Xcode/DerivedData/CCAvenueIndiaSdkReactNativeExample-dmeqaxpselaggkfhomgslbamujbl/Build/Products/Debug-iphoneos/React-jsitooling -L/Users/prathamesh/Library/Developer/Xcode/DerivedData/CCAvenueIndiaSdkReactNativeExample-dmeqaxpselaggkfhomgslbamujbl/Build/Products/Debug-iphoneos/React-logger -L/Users/prathamesh/Library/Developer/Xcode/DerivedData/CCAvenueIndiaSdkReactNativeExample-dmeqaxpselaggkfhomgslbamujbl/Build/Products/Debug-iphoneos/React-microtasksnativemodule -L/Users/prathamesh/Library/Developer/Xcode/DerivedData/CCAvenueIndiaSdkReactNativeExample-dmeqaxpselaggkfhomgslbamujbl/Build/Products/Debug-iphoneos/React-networking -L/Users/prathamesh/Library/Developer/Xcode/DerivedData/CCAvenueIndiaSdkReactNativeExample-dmeqaxpselaggkfhomgslbamujbl/Build/Products/Debug-iphoneos/React-oscompat -L/Users/prathamesh/Library/Developer/Xcode/DerivedData/CCAvenueIndiaSdkReactNativeExample-dmeqaxpselaggkfhomgslbamujbl/Build/Products/Debug-iphoneos/React-perflogger -L/Users/prathamesh/Library/Developer/Xcode/DerivedData/CCAvenueIndiaSdkReactNativeExample-dmeqaxpselaggkfhomgslbamujbl/Build/Products/Debug-iphoneos/React-performancecdpmetrics -L/Users/prathamesh/Library/Developer/Xcode/DerivedData/CCAvenueIndiaSdkReactNativeExample-dmeqaxpselaggkfhomgslbamujbl/Build/Products/Debug-iphoneos/React-performancetimeline -L/Users/prathamesh/Library/Developer/Xcode/DerivedData/CCAvenueIndiaSdkReactNativeExample-dmeqaxpselaggkfhomgslbamujbl/Build/Products/Debug-iphoneos/React-rendererconsistency -L/Users/prathamesh/Library/Developer/Xcode/DerivedData/CCAvenueIndiaSdkReactNativeExample-dmeqaxpselaggkfhomgslbamujbl/Build/Products/Debug-iphoneos/React-renderercss -L/Users/prathamesh/Library/Developer/Xcode/DerivedData/CCAvenueIndiaSdkReactNativeExample-dmeqaxpselaggkfhomgslbamujbl/Build/Products/Debug-iphoneos/React-rendererdebug -L/Users/prathamesh/Library/Developer/Xcode/DerivedData/CCAvenueIndiaSdkReactNativeExample-dmeqaxpselaggkfhomgslbamujbl/Build/Products/Debug-iphoneos/React-runtimeexecutor -L/Users/prathamesh/Library/Developer/Xcode/DerivedData/CCAvenueIndiaSdkReactNativeExample-dmeqaxpselaggkfhomgslbamujbl/Build/Products/Debug-iphoneos/React-runtimescheduler -L/Users/prathamesh/Library/Developer/Xcode/DerivedData/CCAvenueIndiaSdkReactNativeExample-dmeqaxpselaggkfhomgslbamujbl/Build/Products/Debug-iphoneos/React-utils -L/Users/prathamesh/Library/Developer/Xcode/DerivedData/CCAvenueIndiaSdkReactNativeExample-dmeqaxpselaggkfhomgslbamujbl/Build/Products/Debug-iphoneos/React-webperformancenativemodule -L/Users/prathamesh/Library/Developer/Xcode/DerivedData/CCAvenueIndiaSdkReactNativeExample-dmeqaxpselaggkfhomgslbamujbl/Build/Products/Debug-iphoneos/ReactAppDependencyProvider -L/Users/prathamesh/Library/Developer/Xcode/DerivedData/CCAvenueIndiaSdkReactNativeExample-dmeqaxpselaggkfhomgslbamujbl/Build/Products/Debug-iphoneos/ReactCodegen -L/Users/prathamesh/Library/Developer/Xcode/DerivedData/CCAvenueIndiaSdkReactNativeExample-dmeqaxpselaggkfhomgslbamujbl/Build/Products/Debug-iphoneos/ReactCommon -L/Users/prathamesh/Library/Developer/Xcode/DerivedData/CCAvenueIndiaSdkReactNativeExample-dmeqaxpselaggkfhomgslbamujbl/Build/Products/Debug-iphoneos/SocketRocket -L/Users/prathamesh/Library/Developer/Xcode/DerivedData/CCAvenueIndiaSdkReactNativeExample-dmeqaxpselaggkfhomgslbamujbl/Build/Products/Debug-iphoneos/Yoga -L/Users/prathamesh/Library/Developer/Xcode/DerivedData/CCAvenueIndiaSdkReactNativeExample-dmeqaxpselaggkfhomgslbamujbl/Build/Products/Debug-iphoneos/ccavenue-india-sdk-react-native -L/Users/prathamesh/Library/Developer/Xcode/DerivedData/CCAvenueIndiaSdkReactNativeExample-dmeqaxpselaggkfhomgslbamujbl/Build/Products/Debug-iphoneos/fmt -L/Users/prathamesh/Library/Developer/Xcode/DerivedData/CCAvenueIndiaSdkReactNativeExample-dmeqaxpselaggkfhomgslbamujbl/Build/Products/Debug-iphoneos/glog -L/Applications/Xcode.app/Contents/Developer/Toolchains/XcodeDefault.xctoolchain/usr/lib/swift/iphoneos -L/Applications/Xcode.app/Contents/Developer/Platforms/iPhoneOS.platform/Developer/SDKs/iPhoneOS26.2.sdk/usr/lib/swift -filelist /Users/prathamesh/Library/Developer/Xcode/DerivedData/CCAvenueIndiaSdkReactNativeExample-dmeqaxpselaggkfhomgslbamujbl/Build/Intermediates.noindex/Pods.build/Debug-iphoneos/Pods-CcavenueIndiaSdkReactNativeExample.build/Objects-normal/arm64/Pods-CcavenueIndiaSdkReactNativeExample.LinkFileList -dependency_info /Users/prathamesh/Library/Developer/Xcode/DerivedData/CCAvenueIndiaSdkReactNativeExample-dmeqaxpselaggkfhomgslbamujbl/Build/Intermediates.noindex/Pods.build/Debug-iphoneos/Pods-CcavenueIndiaSdkReactNativeExample.build/Objects-normal/arm64/Pods-CcavenueIndiaSdkReactNativeExample_libtool_dependency_info.dat -o /Users/prathamesh/Library/Developer/Xcode/DerivedData/CCAvenueIndiaSdkReactNativeExample-dmeqaxpselaggkfhomgslbamujbl/Build/Products/Debug-iphoneos/libPods-CcavenueIndiaSdkReactNativeExample.a

PhaseScriptExecution [CP]\ Check\ Pods\ Manifest.lock /Users/prathamesh/Library/Developer/Xcode/DerivedData/CCAvenueIndiaSdkReactNativeExample-dmeqaxpselaggkfhomgslbamujbl/Build/Intermediates.noindex/CcavenueIndiaSdkReactNativeExample.build/Debug-iphoneos/CcavenueIndiaSdkReactNativeExample.build/Script-63603CCEF8E52512AB85B64F.sh (in target 'CcavenueIndiaSdkReactNativeExample' from project 'CcavenueIndiaSdkReactNativeExample')
    cd /Users/prathamesh/StudioProjects/ccavenue-india-sdk-react-native/example/ios
    /bin/sh -c /Users/prathamesh/Library/Developer/Xcode/DerivedData/CCAvenueIndiaSdkReactNativeExample-dmeqaxpselaggkfhomgslbamujbl/Build/Intermediates.noindex/CcavenueIndiaSdkReactNativeExample.build/Debug-iphoneos/CcavenueIndiaSdkReactNativeExample.build/Script-63603CCEF8E52512AB85B64F.sh

CompileStoryboard /Users/prathamesh/StudioProjects/ccavenue-india-sdk-react-native/example/ios/CcavenueIndiaSdkReactNativeExample/LaunchScreen.storyboard (in target 'CcavenueIndiaSdkReactNativeExample' from project 'CcavenueIndiaSdkReactNativeExample')
    cd /Users/prathamesh/StudioProjects/ccavenue-india-sdk-react-native/example/ios
    /Applications/Xcode.app/Contents/Developer/usr/bin/ibtool --errors --warnings --notices --module CcavenueIndiaSdkReactNativeExample --output-partial-info-plist /Users/prathamesh/Library/Developer/Xcode/DerivedData/CCAvenueIndiaSdkReactNativeExample-dmeqaxpselaggkfhomgslbamujbl/Build/Intermediates.noindex/CcavenueIndiaSdkReactNativeExample.build/Debug-iphoneos/CcavenueIndiaSdkReactNativeExample.build/LaunchScreen-SBPartialInfo.plist --auto-activate-custom-fonts --target-device iphone --minimum-deployment-target 15.1 --output-format human-readable-text /Users/prathamesh/StudioProjects/ccavenue-india-sdk-react-native/example/ios/CcavenueIndiaSdkReactNativeExample/LaunchScreen.storyboard --compilation-directory /Users/prathamesh/Library/Developer/Xcode/DerivedData/CCAvenueIndiaSdkReactNativeExample-dmeqaxpselaggkfhomgslbamujbl/Build/Intermediates.noindex/CcavenueIndiaSdkReactNativeExample.build/Debug-iphoneos/CcavenueIndiaSdkReactNativeExample.build

CopyPlistFile /Users/prathamesh/Library/Developer/Xcode/DerivedData/CCAvenueIndiaSdkReactNativeExample-dmeqaxpselaggkfhomgslbamujbl/Build/Products/Debug-iphoneos/CcavenueIndiaSdkReactNativeExample.app/PrivacyInfo.xcprivacy /Users/prathamesh/StudioProjects/ccavenue-india-sdk-react-native/example/ios/CcavenueIndiaSdkReactNativeExample/PrivacyInfo.xcprivacy (in target 'CcavenueIndiaSdkReactNativeExample' from project 'CcavenueIndiaSdkReactNativeExample')
    cd /Users/prathamesh/StudioProjects/ccavenue-india-sdk-react-native/example/ios
    builtin-copyPlist --convert binary1 --outdir /Users/prathamesh/Library/Developer/Xcode/DerivedData/CCAvenueIndiaSdkReactNativeExample-dmeqaxpselaggkfhomgslbamujbl/Build/Products/Debug-iphoneos/CcavenueIndiaSdkReactNativeExample.app -- /Users/prathamesh/StudioProjects/ccavenue-india-sdk-react-native/example/ios/CcavenueIndiaSdkReactNativeExample/PrivacyInfo.xcprivacy

MkDir /Users/prathamesh/Library/Developer/Xcode/DerivedData/CCAvenueIndiaSdkReactNativeExample-dmeqaxpselaggkfhomgslbamujbl/Build/Intermediates.noindex/CcavenueIndiaSdkReactNativeExample.build/Debug-iphoneos/CcavenueIndiaSdkReactNativeExample.build/assetcatalog_output/unthinned (in target 'CcavenueIndiaSdkReactNativeExample' from project 'CcavenueIndiaSdkReactNativeExample')
    cd /Users/prathamesh/StudioProjects/ccavenue-india-sdk-react-native/example/ios
    /bin/mkdir -p /Users/prathamesh/Library/Developer/Xcode/DerivedData/CCAvenueIndiaSdkReactNativeExample-dmeqaxpselaggkfhomgslbamujbl/Build/Intermediates.noindex/CcavenueIndiaSdkReactNativeExample.build/Debug-iphoneos/CcavenueIndiaSdkReactNativeExample.build/assetcatalog_output/unthinned

Ld /Users/prathamesh/Library/Developer/Xcode/DerivedData/CCAvenueIndiaSdkReactNativeExample-dmeqaxpselaggkfhomgslbamujbl/Build/Products/Debug-iphoneos/CcavenueIndiaSdkReactNativeExample.app/__preview.dylib normal (in target 'CcavenueIndiaSdkReactNativeExample' from project 'CcavenueIndiaSdkReactNativeExample')
    cd /Users/prathamesh/StudioProjects/ccavenue-india-sdk-react-native/example/ios
    /Applications/Xcode.app/Contents/Developer/Toolchains/XcodeDefault.xctoolchain/usr/bin/clang -Xlinker -reproducible -target arm64-apple-ios15.1 -dynamiclib -isysroot /Applications/Xcode.app/Contents/Developer/Platforms/iPhoneOS.platform/Developer/SDKs/iPhoneOS26.2.sdk -O0 -L/Users/prathamesh/Library/Developer/Xcode/DerivedData/CCAvenueIndiaSdkReactNativeExample-dmeqaxpselaggkfhomgslbamujbl/Build/Products/Debug-iphoneos -L/Applications/Xcode.app/Contents/Developer/Platforms/iPhoneOS.platform/Developer/SDKs/iPhoneOS26.2.sdk/usr/lib/swift -L/Applications/Xcode.app/Contents/Developer/Toolchains/XcodeDefault.xctoolchain/usr/lib/swift/iphoneos -L/Users/prathamesh/Library/Developer/Xcode/DerivedData/CCAvenueIndiaSdkReactNativeExample-dmeqaxpselaggkfhomgslbamujbl/Build/Products/Debug-iphoneos/DoubleConversion -L/Users/prathamesh/Library/Developer/Xcode/DerivedData/CCAvenueIndiaSdkReactNativeExample-dmeqaxpselaggkfhomgslbamujbl/Build/Products/Debug-iphoneos/RCT-Folly -L/Users/prathamesh/Library/Developer/Xcode/DerivedData/CCAvenueIndiaSdkReactNativeExample-dmeqaxpselaggkfhomgslbamujbl/Build/Products/Debug-iphoneos/RCTDeprecation -L/Users/prathamesh/Library/Developer/Xcode/DerivedData/CCAvenueIndiaSdkReactNativeExample-dmeqaxpselaggkfhomgslbamujbl/Build/Products/Debug-iphoneos/RCTSwiftUI -L/Users/prathamesh/Library/Developer/Xcode/DerivedData/CCAvenueIndiaSdkReactNativeExample-dmeqaxpselaggkfhomgslbamujbl/Build/Products/Debug-iphoneos/RCTSwiftUIWrapper -L/Users/prathamesh/Library/Developer/Xcode/DerivedData/CCAvenueIndiaSdkReactNativeExample-dmeqaxpselaggkfhomgslbamujbl/Build/Products/Debug-iphoneos/RCTTypeSafety -L/Users/prathamesh/Library/Developer/Xcode/DerivedData/CCAvenueIndiaSdkReactNativeExample-dmeqaxpselaggkfhomgslbamujbl/Build/Products/Debug-iphoneos/React-Core -L/Users/prathamesh/Library/Developer/Xcode/DerivedData/CCAvenueIndiaSdkReactNativeExample-dmeqaxpselaggkfhomgslbamujbl/Build/Products/Debug-iphoneos/React-CoreModules -L/Users/prathamesh/Library/Developer/Xcode/DerivedData/CCAvenueIndiaSdkReactNativeExample-dmeqaxpselaggkfhomgslbamujbl/Build/Products/Debug-iphoneos/React-Fabric -L/Users/prathamesh/Library/Developer/Xcode/DerivedData/CCAvenueIndiaSdkReactNativeExample-dmeqaxpselaggkfhomgslbamujbl/Build/Products/Debug-iphoneos/React-FabricComponents -L/Users/prathamesh/Library/Developer/Xcode/DerivedData/CCAvenueIndiaSdkReactNativeExample-dmeqaxpselaggkfhomgslbamujbl/Build/Products/Debug-iphoneos/React-FabricImage -L/Users/prathamesh/Library/Developer/Xcode/DerivedData/CCAvenueIndiaSdkReactNativeExample-dmeqaxpselaggkfhomgslbamujbl/Build/Products/Debug-iphoneos/React-ImageManager -L/Users/prathamesh/Library/Developer/Xcode/DerivedData/CCAvenueIndiaSdkReactNativeExample-dmeqaxpselaggkfhomgslbamujbl/Build/Products/Debug-iphoneos/React-Mapbuffer -L/Users/prathamesh/Library/Developer/Xcode/DerivedData/CCAvenueIndiaSdkReactNativeExample-dmeqaxpselaggkfhomgslbamujbl/Build/Products/Debug-iphoneos/React-NativeModulesApple -L/Users/prathamesh/Library/Developer/Xcode/DerivedData/CCAvenueIndiaSdkReactNativeExample-dmeqaxpselaggkfhomgslbamujbl/Build/Products/Debug-iphoneos/React-RCTAnimation -L/Users/prathamesh/Library/Developer/Xcode/DerivedData/CCAvenueIndiaSdkReactNativeExample-dmeqaxpselaggkfhomgslbamujbl/Build/Products/Debug-iphoneos/React-RCTAppDelegate -L/Users/prathamesh/Library/Developer/Xcode/DerivedData/CCAvenueIndiaSdkReactNativeExample-dmeqaxpselaggkfhomgslbamujbl/Build/Products/Debug-iphoneos/React-RCTBlob -L/Users/prathamesh/Library/Developer/Xcode/DerivedData/CCAvenueIndiaSdkReactNativeExample-dmeqaxpselaggkfhomgslbamujbl/Build/Products/Debug-iphoneos/React-RCTFBReactNativeSpec -L/Users/prathamesh/Library/Developer/Xcode/DerivedData/CCAvenueIndiaSdkReactNativeExample-dmeqaxpselaggkfhomgslbamujbl/Build/Products/Debug-iphoneos/React-RCTFabric -L/Users/prathamesh/Library/Developer/Xcode/DerivedData/CCAvenueIndiaSdkReactNativeExample-dmeqaxpselaggkfhomgslbamujbl/Build/Products/Debug-iphoneos/React-RCTImage -L/Users/prathamesh/Library/Developer/Xcode/DerivedData/CCAvenueIndiaSdkReactNativeExample-dmeqaxpselaggkfhomgslbamujbl/Build/Products/Debug-iphoneos/React-RCTLinking -L/Users/prathamesh/Library/Developer/Xcode/DerivedData/CCAvenueIndiaSdkReactNativeExample-dmeqaxpselaggkfhomgslbamujbl/Build/Products/Debug-iphoneos/React-RCTNetwork -L/Users/prathamesh/Library/Developer/Xcode/DerivedData/CCAvenueIndiaSdkReactNativeExample-dmeqaxpselaggkfhomgslbamujbl/Build/Products/Debug-iphoneos/React-RCTRuntime -L/Users/prathamesh/Library/Developer/Xcode/DerivedData/CCAvenueIndiaSdkReactNativeExample-dmeqaxpselaggkfhomgslbamujbl/Build/Products/Debug-iphoneos/React-RCTSettings -L/Users/prathamesh/Library/Developer/Xcode/DerivedData/CCAvenueIndiaSdkReactNativeExample-dmeqaxpselaggkfhomgslbamujbl/Build/Products/Debug-iphoneos/React-RCTText -L/Users/prathamesh/Library/Developer/Xcode/DerivedData/CCAvenueIndiaSdkReactNativeExample-dmeqaxpselaggkfhomgslbamujbl/Build/Products/Debug-iphoneos/React-RCTVibration -L/Users/prathamesh/Library/Developer/Xcode/DerivedData/CCAvenueIndiaSdkReactNativeExample-dmeqaxpselaggkfhomgslbamujbl/Build/Products/Debug-iphoneos/React-RuntimeApple -L/Users/prathamesh/Library/Developer/Xcode/DerivedData/CCAvenueIndiaSdkReactNativeExample-dmeqaxpselaggkfhomgslbamujbl/Build/Products/Debug-iphoneos/React-RuntimeCore -L/Users/prathamesh/Library/Developer/Xcode/DerivedData/CCAvenueIndiaSdkReactNativeExample-dmeqaxpselaggkfhomgslbamujbl/Build/Products/Debug-iphoneos/React-RuntimeHermes -L/Users/prathamesh/Library/Developer/Xcode/DerivedData/CCAvenueIndiaSdkReactNativeExample-dmeqaxpselaggkfhomgslbamujbl/Build/Products/Debug-iphoneos/React-cxxreact -L/Users/prathamesh/Library/Developer/Xcode/DerivedData/CCAvenueIndiaSdkReactNativeExample-dmeqaxpselaggkfhomgslbamujbl/Build/Products/Debug-iphoneos/React-debug -L/Users/prathamesh/Library/Developer/Xcode/DerivedData/CCAvenueIndiaSdkReactNativeExample-dmeqaxpselaggkfhomgslbamujbl/Build/Products/Debug-iphoneos/React-defaultsnativemodule -L/Users/prathamesh/Library/Developer/Xcode/DerivedData/CCAvenueIndiaSdkReactNativeExample-dmeqaxpselaggkfhomgslbamujbl/Build/Products/Debug-iphoneos/React-domnativemodule -L/Users/prathamesh/Library/Developer/Xcode/DerivedData/CCAvenueIndiaSdkReactNativeExample-dmeqaxpselaggkfhomgslbamujbl/Build/Products/Debug-iphoneos/React-featureflags -L/Users/prathamesh/Library/Developer/Xcode/DerivedData/CCAvenueIndiaSdkReactNativeExample-dmeqaxpselaggkfhomgslbamujbl/Build/Products/Debug-iphoneos/React-featureflagsnativemodule -L/Users/prathamesh/Library/Developer/Xcode/DerivedData/CCAvenueIndiaSdkReactNativeExample-dmeqaxpselaggkfhomgslbamujbl/Build/Products/Debug-iphoneos/React-graphics -L/Users/prathamesh/Library/Developer/Xcode/DerivedData/CCAvenueIndiaSdkReactNativeExample-dmeqaxpselaggkfhomgslbamujbl/Build/Products/Debug-iphoneos/React-hermes -L/Users/prathamesh/Library/Developer/Xcode/DerivedData/CCAvenueIndiaSdkReactNativeExample-dmeqaxpselaggkfhomgslbamujbl/Build/Products/Debug-iphoneos/React-idlecallbacksnativemodule -L/Users/prathamesh/Library/Developer/Xcode/DerivedData/CCAvenueIndiaSdkReactNativeExample-dmeqaxpselaggkfhomgslbamujbl/Build/Products/Debug-iphoneos/React-intersectionobservernativemodule -L/Users/prathamesh/Library/Developer/Xcode/DerivedData/CCAvenueIndiaSdkReactNativeExample-dmeqaxpselaggkfhomgslbamujbl/Build/Products/Debug-iphoneos/React-jserrorhandler -L/Users/prathamesh/Library/Developer/Xcode/DerivedData/CCAvenueIndiaSdkReactNativeExample-dmeqaxpselaggkfhomgslbamujbl/Build/Products/Debug-iphoneos/React-jsi -L/Users/prathamesh/Library/Developer/Xcode/DerivedData/CCAvenueIndiaSdkReactNativeExample-dmeqaxpselaggkfhomgslbamujbl/Build/Products/Debug-iphoneos/React-jsiexecutor -L/Users/prathamesh/Library/Developer/Xcode/DerivedData/CCAvenueIndiaSdkReactNativeExample-dmeqaxpselaggkfhomgslbamujbl/Build/Products/Debug-iphoneos/React-jsinspector -L/Users/prathamesh/Library/Developer/Xcode/DerivedData/CCAvenueIndiaSdkReactNativeExample-dmeqaxpselaggkfhomgslbamujbl/Build/Products/Debug-iphoneos/React-jsinspectorcdp -L/Users/prathamesh/Library/Developer/Xcode/DerivedData/CCAvenueIndiaSdkReactNativeExample-dmeqaxpselaggkfhomgslbamujbl/Build/Products/Debug-iphoneos/React-jsinspectornetwork -L/Users/prathamesh/Library/Developer/Xcode/DerivedData/CCAvenueIndiaSdkReactNativeExample-dmeqaxpselaggkfhomgslbamujbl/Build/Products/Debug-iphoneos/React-jsinspectortracing -L/Users/prathamesh/Library/Developer/Xcode/DerivedData/CCAvenueIndiaSdkReactNativeExample-dmeqaxpselaggkfhomgslbamujbl/Build/Products/Debug-iphoneos/React-jsitooling -L/Users/prathamesh/Library/Developer/Xcode/DerivedData/CCAvenueIndiaSdkReactNativeExample-dmeqaxpselaggkfhomgslbamujbl/Build/Products/Debug-iphoneos/React-logger -L/Users/prathamesh/Library/Developer/Xcode/DerivedData/CCAvenueIndiaSdkReactNativeExample-dmeqaxpselaggkfhomgslbamujbl/Build/Products/Debug-iphoneos/React-microtasksnativemodule -L/Users/prathamesh/Library/Developer/Xcode/DerivedData/CCAvenueIndiaSdkReactNativeExample-dmeqaxpselaggkfhomgslbamujbl/Build/Products/Debug-iphoneos/React-networking -L/Users/prathamesh/Library/Developer/Xcode/DerivedData/CCAvenueIndiaSdkReactNativeExample-dmeqaxpselaggkfhomgslbamujbl/Build/Products/Debug-iphoneos/React-oscompat -L/Users/prathamesh/Library/Developer/Xcode/DerivedData/CCAvenueIndiaSdkReactNativeExample-dmeqaxpselaggkfhomgslbamujbl/Build/Products/Debug-iphoneos/React-perflogger -L/Users/prathamesh/Library/Developer/Xcode/DerivedData/CCAvenueIndiaSdkReactNativeExample-dmeqaxpselaggkfhomgslbamujbl/Build/Products/Debug-iphoneos/React-performancecdpmetrics -L/Users/prathamesh/Library/Developer/Xcode/DerivedData/CCAvenueIndiaSdkReactNativeExample-dmeqaxpselaggkfhomgslbamujbl/Build/Products/Debug-iphoneos/React-performancetimeline -L/Users/prathamesh/Library/Developer/Xcode/DerivedData/CCAvenueIndiaSdkReactNativeExample-dmeqaxpselaggkfhomgslbamujbl/Build/Products/Debug-iphoneos/React-rendererconsistency -L/Users/prathamesh/Library/Developer/Xcode/DerivedData/CCAvenueIndiaSdkReactNativeExample-dmeqaxpselaggkfhomgslbamujbl/Build/Products/Debug-iphoneos/React-renderercss -L/Users/prathamesh/Library/Developer/Xcode/DerivedData/CCAvenueIndiaSdkReactNativeExample-dmeqaxpselaggkfhomgslbamujbl/Build/Products/Debug-iphoneos/React-rendererdebug -L/Users/prathamesh/Library/Developer/Xcode/DerivedData/CCAvenueIndiaSdkReactNativeExample-dmeqaxpselaggkfhomgslbamujbl/Build/Products/Debug-iphoneos/React-runtimeexecutor -L/Users/prathamesh/Library/Developer/Xcode/DerivedData/CCAvenueIndiaSdkReactNativeExample-dmeqaxpselaggkfhomgslbamujbl/Build/Products/Debug-iphoneos/React-runtimescheduler -L/Users/prathamesh/Library/Developer/Xcode/DerivedData/CCAvenueIndiaSdkReactNativeExample-dmeqaxpselaggkfhomgslbamujbl/Build/Products/Debug-iphoneos/React-utils -L/Users/prathamesh/Library/Developer/Xcode/DerivedData/CCAvenueIndiaSdkReactNativeExample-dmeqaxpselaggkfhomgslbamujbl/Build/Products/Debug-iphoneos/React-webperformancenativemodule -L/Users/prathamesh/Library/Developer/Xcode/DerivedData/CCAvenueIndiaSdkReactNativeExample-dmeqaxpselaggkfhomgslbamujbl/Build/Products/Debug-iphoneos/ReactAppDependencyProvider -L/Users/prathamesh/Library/Developer/Xcode/DerivedData/CCAvenueIndiaSdkReactNativeExample-dmeqaxpselaggkfhomgslbamujbl/Build/Products/Debug-iphoneos/ReactCodegen -L/Users/prathamesh/Library/Developer/Xcode/DerivedData/CCAvenueIndiaSdkReactNativeExample-dmeqaxpselaggkfhomgslbamujbl/Build/Products/Debug-iphoneos/ReactCommon -L/Users/prathamesh/Library/Developer/Xcode/DerivedData/CCAvenueIndiaSdkReactNativeExample-dmeqaxpselaggkfhomgslbamujbl/Build/Products/Debug-iphoneos/SocketRocket -L/Users/prathamesh/Library/Developer/Xcode/DerivedData/CCAvenueIndiaSdkReactNativeExample-dmeqaxpselaggkfhomgslbamujbl/Build/Products/Debug-iphoneos/Yoga -L/Users/prathamesh/Library/Developer/Xcode/DerivedData/CCAvenueIndiaSdkReactNativeExample-dmeqaxpselaggkfhomgslbamujbl/Build/Products/Debug-iphoneos/ccavenue-india-sdk-react-native -L/Users/prathamesh/Library/Developer/Xcode/DerivedData/CCAvenueIndiaSdkReactNativeExample-dmeqaxpselaggkfhomgslbamujbl/Build/Products/Debug-iphoneos/fmt -L/Users/prathamesh/Library/Developer/Xcode/DerivedData/CCAvenueIndiaSdkReactNativeExample-dmeqaxpselaggkfhomgslbamujbl/Build/Products/Debug-iphoneos/glog -L/Applications/Xcode.app/Contents/Developer/Toolchains/XcodeDefault.xctoolchain/usr/lib/swift/iphoneos -L/Applications/Xcode.app/Contents/Developer/Platforms/iPhoneOS.platform/Developer/SDKs/iPhoneOS26.2.sdk/usr/lib/swift -F/Users/prathamesh/Library/Developer/Xcode/DerivedData/CCAvenueIndiaSdkReactNativeExample-dmeqaxpselaggkfhomgslbamujbl/Build/Products/Debug-iphoneos -F/Users/prathamesh/StudioProjects/ccavenue-india-sdk-react-native/ios -F/Users/prathamesh/StudioProjects/ccavenue-india-sdk-react-native/example/ios/Pods/hermes-engine/destroot/Library/Frameworks/universal -F/Users/prathamesh/Library/Developer/Xcode/DerivedData/CCAvenueIndiaSdkReactNativeExample-dmeqaxpselaggkfhomgslbamujbl/Build/Products/Debug-iphoneos/XCFrameworkIntermediates/ccavenue-india-sdk-react-native -F/Users/prathamesh/Library/Developer/Xcode/DerivedData/CCAvenueIndiaSdkReactNativeExample-dmeqaxpselaggkfhomgslbamujbl/Build/Products/Debug-iphoneos/XCFrameworkIntermediates/hermes-engine/Pre-built -install_name @rpath/CcavenueIndiaSdkReactNativeExample.debug.dylib -dead_strip -rdynamic -Xlinker -no_deduplicate -Xlinker -dependency_info -Xlinker /Users/prathamesh/Library/Developer/Xcode/DerivedData/CCAvenueIndiaSdkReactNativeExample-dmeqaxpselaggkfhomgslbamujbl/Build/Intermediates.noindex/CcavenueIndiaSdkReactNativeExample.build/Debug-iphoneos/CcavenueIndiaSdkReactNativeExample.build/Objects-normal/arm64/CcavenueIndiaSdkReactNativeExample_dependency_info.dat -Xlinker -no_adhoc_codesign -o /Users/prathamesh/Library/Developer/Xcode/DerivedData/CCAvenueIndiaSdkReactNativeExample-dmeqaxpselaggkfhomgslbamujbl/Build/Products/Debug-iphoneos/CcavenueIndiaSdkReactNativeExample.app/__preview.dylib

MkDir /Users/prathamesh/Library/Developer/Xcode/DerivedData/CCAvenueIndiaSdkReactNativeExample-dmeqaxpselaggkfhomgslbamujbl/Build/Intermediates.noindex/CcavenueIndiaSdkReactNativeExample.build/Debug-iphoneos/CcavenueIndiaSdkReactNativeExample.build/assetcatalog_output/thinned (in target 'CcavenueIndiaSdkReactNativeExample' from project 'CcavenueIndiaSdkReactNativeExample')
    cd /Users/prathamesh/StudioProjects/ccavenue-india-sdk-react-native/example/ios
    /bin/mkdir -p /Users/prathamesh/Library/Developer/Xcode/DerivedData/CCAvenueIndiaSdkReactNativeExample-dmeqaxpselaggkfhomgslbamujbl/Build/Intermediates.noindex/CcavenueIndiaSdkReactNativeExample.build/Debug-iphoneos/CcavenueIndiaSdkReactNativeExample.build/assetcatalog_output/thinned

GenerateAssetSymbols /Users/prathamesh/StudioProjects/ccavenue-india-sdk-react-native/example/ios/CcavenueIndiaSdkReactNativeExample/Images.xcassets (in target 'CcavenueIndiaSdkReactNativeExample' from project 'CcavenueIndiaSdkReactNativeExample')
    cd /Users/prathamesh/StudioProjects/ccavenue-india-sdk-react-native/example/ios
    /Applications/Xcode.app/Contents/Developer/usr/bin/actool /Users/prathamesh/StudioProjects/ccavenue-india-sdk-react-native/example/ios/CcavenueIndiaSdkReactNativeExample/Images.xcassets --compile /Users/prathamesh/Library/Developer/Xcode/DerivedData/CCAvenueIndiaSdkReactNativeExample-dmeqaxpselaggkfhomgslbamujbl/Build/Products/Debug-iphoneos/CcavenueIndiaSdkReactNativeExample.app --output-format human-readable-text --notices --warnings --export-dependency-info /Users/prathamesh/Library/Developer/Xcode/DerivedData/CCAvenueIndiaSdkReactNativeExample-dmeqaxpselaggkfhomgslbamujbl/Build/Intermediates.noindex/CcavenueIndiaSdkReactNativeExample.build/Debug-iphoneos/CcavenueIndiaSdkReactNativeExample.build/assetcatalog_dependencies --output-partial-info-plist /Users/prathamesh/Library/Developer/Xcode/DerivedData/CCAvenueIndiaSdkReactNativeExample-dmeqaxpselaggkfhomgslbamujbl/Build/Intermediates.noindex/CcavenueIndiaSdkReactNativeExample.build/Debug-iphoneos/CcavenueIndiaSdkReactNativeExample.build/assetcatalog_generated_info.plist --app-icon AppIcon --compress-pngs --enable-on-demand-resources YES --development-region en --target-device iphone --minimum-deployment-target 15.1 --platform iphoneos --bundle-identifier ccavenueindiasdkreactnative.example --generate-swift-asset-symbol-extensions NO --generate-swift-asset-symbols /Users/prathamesh/Library/Developer/Xcode/DerivedData/CCAvenueIndiaSdkReactNativeExample-dmeqaxpselaggkfhomgslbamujbl/Build/Intermediates.noindex/CcavenueIndiaSdkReactNativeExample.build/Debug-iphoneos/CcavenueIndiaSdkReactNativeExample.build/DerivedSources/GeneratedAssetSymbols.swift --generate-objc-asset-symbols /Users/prathamesh/Library/Developer/Xcode/DerivedData/CCAvenueIndiaSdkReactNativeExample-dmeqaxpselaggkfhomgslbamujbl/Build/Intermediates.noindex/CcavenueIndiaSdkReactNativeExample.build/Debug-iphoneos/CcavenueIndiaSdkReactNativeExample.build/DerivedSources/GeneratedAssetSymbols.h --generate-asset-symbol-index /Users/prathamesh/Library/Developer/Xcode/DerivedData/CCAvenueIndiaSdkReactNativeExample-dmeqaxpselaggkfhomgslbamujbl/Build/Intermediates.noindex/CcavenueIndiaSdkReactNativeExample.build/Debug-iphoneos/CcavenueIndiaSdkReactNativeExample.build/DerivedSources/GeneratedAssetSymbols-Index.plist
/* com.apple.actool.compilation-results */
/Users/prathamesh/Library/Developer/Xcode/DerivedData/CCAvenueIndiaSdkReactNativeExample-dmeqaxpselaggkfhomgslbamujbl/Build/Intermediates.noindex/CcavenueIndiaSdkReactNativeExample.build/Debug-iphoneos/CcavenueIndiaSdkReactNativeExample.build/DerivedSources/GeneratedAssetSymbols-Index.plist
/Users/prathamesh/Library/Developer/Xcode/DerivedData/CCAvenueIndiaSdkReactNativeExample-dmeqaxpselaggkfhomgslbamujbl/Build/Intermediates.noindex/CcavenueIndiaSdkReactNativeExample.build/Debug-iphoneos/CcavenueIndiaSdkReactNativeExample.build/DerivedSources/GeneratedAssetSymbols.h
/Users/prathamesh/Library/Developer/Xcode/DerivedData/CCAvenueIndiaSdkReactNativeExample-dmeqaxpselaggkfhomgslbamujbl/Build/Intermediates.noindex/CcavenueIndiaSdkReactNativeExample.build/Debug-iphoneos/CcavenueIndiaSdkReactNativeExample.build/DerivedSources/GeneratedAssetSymbols.swift


CompileAssetCatalogVariant thinned /Users/prathamesh/Library/Developer/Xcode/DerivedData/CCAvenueIndiaSdkReactNativeExample-dmeqaxpselaggkfhomgslbamujbl/Build/Products/Debug-iphoneos/CcavenueIndiaSdkReactNativeExample.app /Users/prathamesh/StudioProjects/ccavenue-india-sdk-react-native/example/ios/CcavenueIndiaSdkReactNativeExample/Images.xcassets (in target 'CcavenueIndiaSdkReactNativeExample' from project 'CcavenueIndiaSdkReactNativeExample')
    cd /Users/prathamesh/StudioProjects/ccavenue-india-sdk-react-native/example/ios
    /Applications/Xcode.app/Contents/Developer/usr/bin/actool /Users/prathamesh/StudioProjects/ccavenue-india-sdk-react-native/example/ios/CcavenueIndiaSdkReactNativeExample/Images.xcassets --compile /Users/prathamesh/Library/Developer/Xcode/DerivedData/CCAvenueIndiaSdkReactNativeExample-dmeqaxpselaggkfhomgslbamujbl/Build/Intermediates.noindex/CcavenueIndiaSdkReactNativeExample.build/Debug-iphoneos/CcavenueIndiaSdkReactNativeExample.build/assetcatalog_output/thinned --output-format human-readable-text --notices --warnings --export-dependency-info /Users/prathamesh/Library/Developer/Xcode/DerivedData/CCAvenueIndiaSdkReactNativeExample-dmeqaxpselaggkfhomgslbamujbl/Build/Intermediates.noindex/CcavenueIndiaSdkReactNativeExample.build/Debug-iphoneos/CcavenueIndiaSdkReactNativeExample.build/assetcatalog_dependencies_thinned --output-partial-info-plist /Users/prathamesh/Library/Developer/Xcode/DerivedData/CCAvenueIndiaSdkReactNativeExample-dmeqaxpselaggkfhomgslbamujbl/Build/Intermediates.noindex/CcavenueIndiaSdkReactNativeExample.build/Debug-iphoneos/CcavenueIndiaSdkReactNativeExample.build/assetcatalog_generated_info.plist_thinned --app-icon AppIcon --compress-pngs --enable-on-demand-resources YES --filter-for-thinning-device-configuration iPhone12,1 --filter-for-device-os-version 26.3.1 --development-region en --target-device iphone --minimum-deployment-target 15.1 --platform iphoneos
/* com.apple.actool.compilation-results */
/Users/prathamesh/Library/Developer/Xcode/DerivedData/CCAvenueIndiaSdkReactNativeExample-dmeqaxpselaggkfhomgslbamujbl/Build/Intermediates.noindex/CcavenueIndiaSdkReactNativeExample.build/Debug-iphoneos/CcavenueIndiaSdkReactNativeExample.build/assetcatalog_generated_info.plist_thinned


SwiftDriver CcavenueIndiaSdkReactNativeExample normal arm64 com.apple.xcode.tools.swift.compiler (in target 'CcavenueIndiaSdkReactNativeExample' from project 'CcavenueIndiaSdkReactNativeExample')
    cd /Users/prathamesh/StudioProjects/ccavenue-india-sdk-react-native/example/ios
    builtin-SwiftDriver -- /Applications/Xcode.app/Contents/Developer/Toolchains/XcodeDefault.xctoolchain/usr/bin/swiftc -module-name CcavenueIndiaSdkReactNativeExample -Onone -enforce-exclusivity\=checked @/Users/prathamesh/Library/Developer/Xcode/DerivedData/CCAvenueIndiaSdkReactNativeExample-dmeqaxpselaggkfhomgslbamujbl/Build/Intermediates.noindex/CcavenueIndiaSdkReactNativeExample.build/Debug-iphoneos/CcavenueIndiaSdkReactNativeExample.build/Objects-normal/arm64/CcavenueIndiaSdkReactNativeExample.SwiftFileList -DDEBUG -D COCOAPODS -Xcc -fmodule-map-file\=/Users/prathamesh/Library/Developer/Xcode/DerivedData/CCAvenueIndiaSdkReactNativeExample-dmeqaxpselaggkfhomgslbamujbl/Build/Products/Debug-iphoneos/RCTSwiftUI/RCTSwiftUI.modulemap -Xcc -fmodule-map-file\=/Users/prathamesh/Library/Developer/Xcode/DerivedData/CCAvenueIndiaSdkReactNativeExample-dmeqaxpselaggkfhomgslbamujbl/Build/Products/Debug-iphoneos/ccavenue-india-sdk-react-native/ccavenue_india_sdk_react_native.modulemap -Xcc -fmodule-map-file\=/Users/prathamesh/StudioProjects/ccavenue-india-sdk-react-native/example/ios/Pods/Headers/Public/DoubleConversion/DoubleConversion.modulemap -Xcc -fmodule-map-file\=/Users/prathamesh/StudioProjects/ccavenue-india-sdk-react-native/example/ios/Pods/Headers/Public/RCTDeprecation/RCTDeprecation.modulemap -Xcc -fmodule-map-file\=/Users/prathamesh/StudioProjects/ccavenue-india-sdk-react-native/example/ios/Pods/Headers/Public/RCTFabric/React-RCTFabric.modulemap -Xcc -fmodule-map-file\=/Users/prathamesh/StudioProjects/ccavenue-india-sdk-react-native/example/ios/Pods/Headers/Public/RCTImage/React-RCTImage.modulemap -Xcc -fmodule-map-file\=/Users/prathamesh/StudioProjects/ccavenue-india-sdk-react-native/example/ios/Pods/Headers/Public/RCTRuntime/React-RCTRuntime.modulemap -Xcc -fmodule-map-file\=/Users/prathamesh/StudioProjects/ccavenue-india-sdk-react-native/example/ios/Pods/Headers/Public/RCTTypeSafety/RCTTypeSafety.modulemap -Xcc -fmodule-map-file\=/Users/prathamesh/StudioProjects/ccavenue-india-sdk-react-native/example/ios/Pods/Headers/Public/React/React-Core.modulemap -Xcc -fmodule-map-file\=/Users/prathamesh/StudioProjects/ccavenue-india-sdk-react-native/example/ios/Pods/Headers/Public/ReactAppDependencyProvider/ReactAppDependencyProvider.modulemap -Xcc -fmodule-map-file\=/Users/prathamesh/StudioProjects/ccavenue-india-sdk-react-native/example/ios/Pods/Headers/Public/ReactCodegen/ReactCodegen.modulemap -Xcc -fmodule-map-file\=/Users/prathamesh/StudioProjects/ccavenue-india-sdk-react-native/example/ios/Pods/Headers/Public/ReactCommon/ReactCommon.modulemap -Xcc -fmodule-map-file\=/Users/prathamesh/StudioProjects/ccavenue-india-sdk-react-native/example/ios/Pods/Headers/Public/React_Fabric/React-Fabric.modulemap -Xcc -fmodule-map-file\=/Users/prathamesh/StudioProjects/ccavenue-india-sdk-react-native/example/ios/Pods/Headers/Public/React_FabricComponents/React-FabricComponents.modulemap -Xcc -fmodule-map-file\=/Users/prathamesh/StudioProjects/ccavenue-india-sdk-react-native/example/ios/Pods/Headers/Public/React_NativeModulesApple/React-NativeModulesApple.modulemap -Xcc -fmodule-map-file\=/Users/prathamesh/StudioProjects/ccavenue-india-sdk-react-native/example/ios/Pods/Headers/Public/React_RCTAppDelegate/React-RCTAppDelegate.modulemap -Xcc -fmodule-map-file\=/Users/prathamesh/StudioProjects/ccavenue-india-sdk-react-native/example/ios/Pods/Headers/Public/React_runtimeexecutor/React-runtimeexecutor.modulemap -Xcc -fmodule-map-file\=/Users/prathamesh/StudioProjects/ccavenue-india-sdk-react-native/example/ios/Pods/Headers/Public/SocketRocket/SocketRocket.modulemap -Xcc -fmodule-map-file\=/Users/prathamesh/StudioProjects/ccavenue-india-sdk-react-native/example/ios/Pods/Headers/Public/fmt/fmt.modulemap -Xcc -fmodule-map-file\=/Users/prathamesh/StudioProjects/ccavenue-india-sdk-react-native/example/ios/Pods/Headers/Public/folly/RCT-Folly.modulemap -Xcc -fmodule-map-file\=/Users/prathamesh/StudioProjects/ccavenue-india-sdk-react-native/example/ios/Pods/Headers/Public/glog/glog.modulemap -Xcc -fmodule-map-file\=/Users/prathamesh/StudioProjects/ccavenue-india-sdk-react-native/example/ios/Pods/Headers/Public/jsi/React-jsi.modulemap -Xcc -fmodule-map-file\=/Users/prathamesh/StudioProjects/ccavenue-india-sdk-react-native/example/ios/Pods/Headers/Public/jsinspector_modern/React-jsinspector.modulemap -Xcc -fmodule-map-file\=/Users/prathamesh/StudioProjects/ccavenue-india-sdk-react-native/example/ios/Pods/Headers/Public/jsinspector_modern_cdp/React-jsinspectorcdp.modulemap -Xcc -fmodule-map-file\=/Users/prathamesh/StudioProjects/ccavenue-india-sdk-react-native/example/ios/Pods/Headers/Public/jsinspector_modern_network/React-jsinspectornetwork.modulemap -Xcc -fmodule-map-file\=/Users/prathamesh/StudioProjects/ccavenue-india-sdk-react-native/example/ios/Pods/Headers/Public/jsinspector_modern_tracing/React-jsinspectortracing.modulemap -Xcc -fmodule-map-file\=/Users/prathamesh/StudioProjects/ccavenue-india-sdk-react-native/example/ios/Pods/Headers/Public/react_debug/React-debug.modulemap -Xcc -fmodule-map-file\=/Users/prathamesh/StudioProjects/ccavenue-india-sdk-react-native/example/ios/Pods/Headers/Public/react_featureflags/React-featureflags.modulemap -Xcc -fmodule-map-file\=/Users/prathamesh/StudioProjects/ccavenue-india-sdk-react-native/example/ios/Pods/Headers/Public/react_nativemodule_defaults/React-defaultsnativemodule.modulemap -Xcc -fmodule-map-file\=/Users/prathamesh/StudioProjects/ccavenue-india-sdk-react-native/example/ios/Pods/Headers/Public/react_nativemodule_dom/React-domnativemodule.modulemap -Xcc -fmodule-map-file\=/Users/prathamesh/StudioProjects/ccavenue-india-sdk-react-native/example/ios/Pods/Headers/Public/react_nativemodule_featureflags/React-featureflagsnativemodule.modulemap -Xcc -fmodule-map-file\=/Users/prathamesh/StudioProjects/ccavenue-india-sdk-react-native/example/ios/Pods/Headers/Public/react_nativemodule_idlecallbacks/React-idlecallbacksnativemodule.modulemap -Xcc -fmodule-map-file\=/Users/prathamesh/StudioProjects/ccavenue-india-sdk-react-native/example/ios/Pods/Headers/Public/react_nativemodule_intersectionobserver/React-intersectionobservernativemodule.modulemap -Xcc -fmodule-map-file\=/Users/prathamesh/StudioProjects/ccavenue-india-sdk-react-native/example/ios/Pods/Headers/Public/react_nativemodule_microtasks/React-microtasksnativemodule.modulemap -Xcc -fmodule-map-file\=/Users/prathamesh/StudioProjects/ccavenue-india-sdk-react-native/example/ios/Pods/Headers/Public/react_nativemodule_webperformance/React-webperformancenativemodule.modulemap -Xcc -fmodule-map-file\=/Users/prathamesh/StudioProjects/ccavenue-india-sdk-react-native/example/ios/Pods/Headers/Public/react_networking/React-networking.modulemap -Xcc -fmodule-map-file\=/Users/prathamesh/StudioProjects/ccavenue-india-sdk-react-native/example/ios/Pods/Headers/Public/react_renderer_css/React-renderercss.modulemap -Xcc -fmodule-map-file\=/Users/prathamesh/StudioProjects/ccavenue-india-sdk-react-native/example/ios/Pods/Headers/Public/react_renderer_debug/React-rendererdebug.modulemap -Xcc -fmodule-map-file\=/Users/prathamesh/StudioProjects/ccavenue-india-sdk-react-native/example/ios/Pods/Headers/Public/react_renderer_graphics/React-graphics.modulemap -Xcc -fmodule-map-file\=/Users/prathamesh/StudioProjects/ccavenue-india-sdk-react-native/example/ios/Pods/Headers/Public/react_renderer_imagemanager/React-ImageManager.modulemap -Xcc -fmodule-map-file\=/Users/prathamesh/StudioProjects/ccavenue-india-sdk-react-native/example/ios/Pods/Headers/Public/react_runtime/React-jsitooling.modulemap -Xcc -fmodule-map-file\=/Users/prathamesh/StudioProjects/ccavenue-india-sdk-react-native/example/ios/Pods/Headers/Public/react_utils/React-utils.modulemap -Xcc -fmodule-map-file\=/Users/prathamesh/StudioProjects/ccavenue-india-sdk-react-native/example/ios/Pods/Headers/Public/reacthermes/React-hermes.modulemap -Xcc -fmodule-map-file\=/Users/prathamesh/StudioProjects/ccavenue-india-sdk-react-native/example/ios/Pods/Headers/Public/yoga/Yoga.modulemap -enable-bare-slash-regex -enable-experimental-feature DebugDescriptionMacro -sdk /Applications/Xcode.app/Contents/Developer/Platforms/iPhoneOS.platform/Developer/SDKs/iPhoneOS26.2.sdk -target arm64-apple-ios15.1 -g -module-cache-path /Users/prathamesh/Library/Developer/Xcode/DerivedData/ModuleCache.noindex -Xfrontend -serialize-debugging-options -enable-testing -index-store-path /Users/prathamesh/Library/Developer/Xcode/DerivedData/CCAvenueIndiaSdkReactNativeExample-dmeqaxpselaggkfhomgslbamujbl/Index.noindex/DataStore -Xcc -D_LIBCPP_HARDENING_MODE\=_LIBCPP_HARDENING_MODE_DEBUG -swift-version 5 -I /Users/prathamesh/Library/Developer/Xcode/DerivedData/CCAvenueIndiaSdkReactNativeExample-dmeqaxpselaggkfhomgslbamujbl/Build/Products/Debug-iphoneos -I /Users/prathamesh/Library/Developer/Xcode/DerivedData/CCAvenueIndiaSdkReactNativeExample-dmeqaxpselaggkfhomgslbamujbl/Build/Products/Debug-iphoneos/RCTSwiftUI -I /Users/prathamesh/Library/Developer/Xcode/DerivedData/CCAvenueIndiaSdkReactNativeExample-dmeqaxpselaggkfhomgslbamujbl/Build/Products/Debug-iphoneos/ccavenue-india-sdk-react-native -F /Users/prathamesh/Library/Developer/Xcode/DerivedData/CCAvenueIndiaSdkReactNativeExample-dmeqaxpselaggkfhomgslbamujbl/Build/Products/Debug-iphoneos -F /Users/prathamesh/StudioProjects/ccavenue-india-sdk-react-native/ios -F /Users/prathamesh/StudioProjects/ccavenue-india-sdk-react-native/example/ios/Pods/hermes-engine/destroot/Library/Frameworks/universal -F /Users/prathamesh/Library/Developer/Xcode/DerivedData/CCAvenueIndiaSdkReactNativeExample-dmeqaxpselaggkfhomgslbamujbl/Build/Products/Debug-iphoneos/XCFrameworkIntermediates/ccavenue-india-sdk-react-native -F /Users/prathamesh/Library/Developer/Xcode/DerivedData/CCAvenueIndiaSdkReactNativeExample-dmeqaxpselaggkfhomgslbamujbl/Build/Products/Debug-iphoneos/XCFrameworkIntermediates/hermes-engine/Pre-built -c -j8 -enable-batch-mode -incremental -Xcc -ivfsstatcache -Xcc /Users/prathamesh/Library/Developer/Xcode/DerivedData/SDKStatCaches.noindex/iphoneos26.2-23C53-3794476bd08197c3e2abd9bb477ef7f7.sdkstatcache -output-file-map /Users/prathamesh/Library/Developer/Xcode/DerivedData/CCAvenueIndiaSdkReactNativeExample-dmeqaxpselaggkfhomgslbamujbl/Build/Intermediates.noindex/CcavenueIndiaSdkReactNativeExample.build/Debug-iphoneos/CcavenueIndiaSdkReactNativeExample.build/Objects-normal/arm64/CcavenueIndiaSdkReactNativeExample-OutputFileMap.json -use-frontend-parseable-output -save-temps -no-color-diagnostics -explicit-module-build -module-cache-path /Users/prathamesh/Library/Developer/Xcode/DerivedData/CCAvenueIndiaSdkReactNativeExample-dmeqaxpselaggkfhomgslbamujbl/Build/Intermediates.noindex/SwiftExplicitPrecompiledModules -clang-scanner-module-cache-path /Users/prathamesh/Library/Developer/Xcode/DerivedData/ModuleCache.noindex -sdk-module-cache-path /Users/prathamesh/Library/Developer/Xcode/DerivedData/ModuleCache.noindex -serialize-diagnostics -emit-dependencies -emit-module -emit-module-path /Users/prathamesh/Library/Developer/Xcode/DerivedData/CCAvenueIndiaSdkReactNativeExample-dmeqaxpselaggkfhomgslbamujbl/Build/Intermediates.noindex/CcavenueIndiaSdkReactNativeExample.build/Debug-iphoneos/CcavenueIndiaSdkReactNativeExample.build/Objects-normal/arm64/CcavenueIndiaSdkReactNativeExample.swiftmodule -validate-clang-modules-once -clang-build-session-file /Users/prathamesh/Library/Developer/Xcode/DerivedData/ModuleCache.noindex/Session.modulevalidation -Xcc -I/Users/prathamesh/Library/Developer/Xcode/DerivedData/CCAvenueIndiaSdkReactNativeExample-dmeqaxpselaggkfhomgslbamujbl/Build/Intermediates.noindex/CcavenueIndiaSdkReactNativeExample.build/Debug-iphoneos/CcavenueIndiaSdkReactNativeExample.build/swift-overrides.hmap -emit-const-values -Xfrontend -const-gather-protocols-file -Xfrontend /Users/prathamesh/Library/Developer/Xcode/DerivedData/CCAvenueIndiaSdkReactNativeExample-dmeqaxpselaggkfhomgslbamujbl/Build/Intermediates.noindex/CcavenueIndiaSdkReactNativeExample.build/Debug-iphoneos/CcavenueIndiaSdkReactNativeExample.build/Objects-normal/arm64/CcavenueIndiaSdkReactNativeExample_const_extract_protocols.json -Xcc -iquote -Xcc /Users/prathamesh/Library/Developer/Xcode/DerivedData/CCAvenueIndiaSdkReactNativeExample-dmeqaxpselaggkfhomgslbamujbl/Build/Intermediates.noindex/CcavenueIndiaSdkReactNativeExample.build/Debug-iphoneos/CcavenueIndiaSdkReactNativeExample.build/CcavenueIndiaSdkReactNativeExample-generated-files.hmap -Xcc -I/Users/prathamesh/Library/Developer/Xcode/DerivedData/CCAvenueIndiaSdkReactNativeExample-dmeqaxpselaggkfhomgslbamujbl/Build/Intermediates.noindex/CcavenueIndiaSdkReactNativeExample.build/Debug-iphoneos/CcavenueIndiaSdkReactNativeExample.build/CcavenueIndiaSdkReactNativeExample-own-target-headers.hmap -Xcc -I/Users/prathamesh/Library/Developer/Xcode/DerivedData/CCAvenueIndiaSdkReactNativeExample-dmeqaxpselaggkfhomgslbamujbl/Build/Intermediates.noindex/CcavenueIndiaSdkReactNativeExample.build/Debug-iphoneos/CcavenueIndiaSdkReactNativeExample.build/CcavenueIndiaSdkReactNativeExample-all-non-framework-target-headers.hmap -Xcc -ivfsoverlay -Xcc /Users/prathamesh/Library/Developer/Xcode/DerivedData/CCAvenueIndiaSdkReactNativeExample-dmeqaxpselaggkfhomgslbamujbl/Build/Intermediates.noindex/CcavenueIndiaSdkReactNativeExample.build/Debug-iphoneos/CcavenueIndiaSdkReactNativeExample-f4d0f83ddeebca4fac7f81a26516de9b-VFS-iphoneos/all-product-headers.yaml -Xcc -iquote -Xcc /Users/prathamesh/Library/Developer/Xcode/DerivedData/CCAvenueIndiaSdkReactNativeExample-dmeqaxpselaggkfhomgslbamujbl/Build/Intermediates.noindex/CcavenueIndiaSdkReactNativeExample.build/Debug-iphoneos/CcavenueIndiaSdkReactNativeExample.build/CcavenueIndiaSdkReactNativeExample-project-headers.hmap -Xcc -I/Users/prathamesh/Library/Developer/Xcode/DerivedData/CCAvenueIndiaSdkReactNativeExample-dmeqaxpselaggkfhomgslbamujbl/Build/Products/Debug-iphoneos/include -Xcc -I/Users/prathamesh/StudioProjects/ccavenue-india-sdk-react-native/example/ios/Pods/Headers/Public -Xcc -I/Users/prathamesh/StudioProjects/ccavenue-india-sdk-react-native/example/ios/Pods/Headers/Public/DoubleConversion -Xcc -I/Users/prathamesh/StudioProjects/ccavenue-india-sdk-react-native/example/ios/Pods/Headers/Public/FBLazyVector -Xcc -I/Users/prathamesh/StudioProjects/ccavenue-india-sdk-react-native/example/ios/Pods/Headers/Public/RCT-Folly -Xcc -I/Users/prathamesh/StudioProjects/ccavenue-india-sdk-react-native/example/ios/Pods/Headers/Public/RCTDeprecation -Xcc -I/Users/prathamesh/StudioProjects/ccavenue-india-sdk-react-native/example/ios/Pods/Headers/Public/RCTRequired -Xcc -I/Users/prathamesh/StudioProjects/ccavenue-india-sdk-react-native/example/ios/Pods/Headers/Public/RCTSwiftUIWrapper -Xcc -I/Users/prathamesh/StudioProjects/ccavenue-india-sdk-react-native/example/ios/Pods/Headers/Public/RCTTypeSafety -Xcc -I/Users/prathamesh/StudioProjects/ccavenue-india-sdk-react-native/example/ios/Pods/Headers/Public/React-Core -Xcc -I/Users/prathamesh/StudioProjects/ccavenue-india-sdk-react-native/example/ios/Pods/Headers/Public/React-Fabric -Xcc -I/Users/prathamesh/StudioProjects/ccavenue-india-sdk-react-native/example/ios/Pods/Headers/Public/React-FabricComponents -Xcc -I/Users/prathamesh/StudioProjects/ccavenue-india-sdk-react-native/example/ios/Pods/Headers/Public/React-FabricImage -Xcc -I/Users/prathamesh/StudioProjects/ccavenue-india-sdk-react-native/example/ios/Pods/Headers/Public/React-ImageManager -Xcc -I/Users/prathamesh/StudioProjects/ccavenue-india-sdk-react-native/example/ios/Pods/Headers/Public/React-Mapbuffer -Xcc -I/Users/prathamesh/StudioProjects/ccavenue-india-sdk-react-native/example/ios/Pods/Headers/Public/React-NativeModulesApple -Xcc -I/Users/prathamesh/StudioProjects/ccavenue-india-sdk-react-native/example/ios/Pods/Headers/Public/React-RCTAnimation -Xcc -I/Users/prathamesh/StudioProjects/ccavenue-india-sdk-react-native/example/ios/Pods/Headers/Public/React-RCTAppDelegate -Xcc -I/Users/prathamesh/StudioProjects/ccavenue-india-sdk-react-native/example/ios/Pods/Headers/Public/React-RCTBlob -Xcc -I/Users/prathamesh/StudioProjects/ccavenue-india-sdk-react-native/example/ios/Pods/Headers/Public/React-RCTFBReactNativeSpec -Xcc -I/Users/prathamesh/StudioProjects/ccavenue-india-sdk-react-native/example/ios/Pods/Headers/Public/React-RCTFabric -Xcc -I/Users/prathamesh/StudioProjects/ccavenue-india-sdk-react-native/example/ios/Pods/Headers/Public/React-RCTRuntime -Xcc -I/Users/prathamesh/StudioProjects/ccavenue-india-sdk-react-native/example/ios/Pods/Headers/Public/React-RCTText -Xcc -I/Users/prathamesh/StudioProjects/ccavenue-india-sdk-react-native/example/ios/Pods/Headers/Public/React-RuntimeApple -Xcc -I/Users/prathamesh/StudioProjects/ccavenue-india-sdk-react-native/example/ios/Pods/Headers/Public/React-RuntimeCore -Xcc -I/Users/prathamesh/StudioProjects/ccavenue-india-sdk-react-native/example/ios/Pods/Headers/Public/React-RuntimeHermes -Xcc -I/Users/prathamesh/StudioProjects/ccavenue-india-sdk-react-native/example/ios/Pods/Headers/Public/React-callinvoker -Xcc -I/Users/prathamesh/StudioProjects/ccavenue-india-sdk-react-native/example/ios/Pods/Headers/Public/React-cxxreact -Xcc -I/Users/prathamesh/StudioProjects/ccavenue-india-sdk-react-native/example/ios/Pods/Headers/Public/React-debug -Xcc -I/Users/prathamesh/StudioProjects/ccavenue-india-sdk-react-native/example/ios/Pods/Headers/Public/React-defaultsnativemodule -Xcc -I/Users/prathamesh/StudioProjects/ccavenue-india-sdk-react-native/example/ios/Pods/Headers/Public/React-domnativemodule -Xcc -I/Users/prathamesh/StudioProjects/ccavenue-india-sdk-react-native/example/ios/Pods/Headers/Public/React-featureflags -Xcc -I/Users/prathamesh/StudioProjects/ccavenue-india-sdk-react-native/example/ios/Pods/Headers/Public/React-featureflagsnativemodule -Xcc -I/Users/prathamesh/StudioProjects/ccavenue-india-sdk-react-native/example/ios/Pods/Headers/Public/React-graphics -Xcc -I/Users/prathamesh/StudioProjects/ccavenue-india-sdk-react-native/example/ios/Pods/Headers/Public/React-hermes -Xcc -I/Users/prathamesh/StudioProjects/ccavenue-india-sdk-react-native/example/ios/Pods/Headers/Public/React-idlecallbacksnativemodule -Xcc -I/Users/prathamesh/StudioProjects/ccavenue-india-sdk-react-native/example/ios/Pods/Headers/Public/React-intersectionobservernativemodule -Xcc -I/Users/prathamesh/StudioProjects/ccavenue-india-sdk-react-native/example/ios/Pods/Headers/Public/React-jserrorhandler -Xcc -I/Users/prathamesh/StudioProjects/ccavenue-india-sdk-react-native/example/ios/Pods/Headers/Public/React-jsi -Xcc -I/Users/prathamesh/StudioProjects/ccavenue-india-sdk-react-native/example/ios/Pods/Headers/Public/React-jsiexecutor -Xcc -I/Users/prathamesh/StudioProjects/ccavenue-india-sdk-react-native/example/ios/Pods/Headers/Public/React-jsinspector -Xcc -I/Users/prathamesh/StudioProjects/ccavenue-india-sdk-react-native/example/ios/Pods/Headers/Public/React-jsinspectorcdp -Xcc -I/Users/prathamesh/StudioProjects/ccavenue-india-sdk-react-native/example/ios/Pods/Headers/Public/React-jsinspectornetwork -Xcc -I/Users/prathamesh/StudioProjects/ccavenue-india-sdk-react-native/example/ios/Pods/Headers/Public/React-jsinspectortracing -Xcc -I/Users/prathamesh/StudioProjects/ccavenue-india-sdk-react-native/example/ios/Pods/Headers/Public/React-jsitooling -Xcc -I/Users/prathamesh/StudioProjects/ccavenue-india-sdk-react-native/example/ios/Pods/Headers/Public/React-logger -Xcc -I/Users/prathamesh/StudioProjects/ccavenue-india-sdk-react-native/example/ios/Pods/Headers/Public/React-microtasksnativemodule -Xcc -I/Users/prathamesh/StudioProjects/ccavenue-india-sdk-react-native/example/ios/Pods/Headers/Public/React-networking -Xcc -I/Users/prathamesh/StudioProjects/ccavenue-india-sdk-react-native/example/ios/Pods/Headers/Public/React-oscompat -Xcc -I/Users/prathamesh/StudioProjects/ccavenue-india-sdk-react-native/example/ios/Pods/Headers/Public/React-perflogger -Xcc -I/Users/prathamesh/StudioProjects/ccavenue-india-sdk-react-native/example/ios/Pods/Headers/Public/React-performancecdpmetrics -Xcc -I/Users/prathamesh/StudioProjects/ccavenue-india-sdk-react-native/example/ios/Pods/Headers/Public/React-performancetimeline -Xcc -I/Users/prathamesh/StudioProjects/ccavenue-india-sdk-react-native/example/ios/Pods/Headers/Public/React-rendererconsistency -Xcc -I/Users/prathamesh/StudioProjects/ccavenue-india-sdk-react-native/example/ios/Pods/Headers/Public/React-renderercss -Xcc -I/Users/prathamesh/StudioProjects/ccavenue-india-sdk-react-native/example/ios/Pods/Headers/Public/React-rendererdebug -Xcc -I/Users/prathamesh/StudioProjects/ccavenue-india-sdk-react-native/example/ios/Pods/Headers/Public/React-runtimeexecutor -Xcc -I/Users/prathamesh/StudioProjects/ccavenue-india-sdk-react-native/example/ios/Pods/Headers/Public/React-runtimescheduler -Xcc -I/Users/prathamesh/StudioProjects/ccavenue-india-sdk-react-native/example/ios/Pods/Headers/Public/React-timing -Xcc -I/Users/prathamesh/StudioProjects/ccavenue-india-sdk-react-native/example/ios/Pods/Headers/Public/React-utils -Xcc -I/Users/prathamesh/StudioProjects/ccavenue-india-sdk-react-native/example/ios/Pods/Headers/Public/React-webperformancenativemodule -Xcc -I/Users/prathamesh/StudioProjects/ccavenue-india-sdk-react-native/example/ios/Pods/Headers/Public/ReactAppDependencyProvider -Xcc -I/Users/prathamesh/StudioProjects/ccavenue-india-sdk-react-native/example/ios/Pods/Headers/Public/ReactCodegen -Xcc -I/Users/prathamesh/StudioProjects/ccavenue-india-sdk-react-native/example/ios/Pods/Headers/Public/ReactCommon -Xcc -I/Users/prathamesh/StudioProjects/ccavenue-india-sdk-react-native/example/ios/Pods/Headers/Public/SocketRocket -Xcc -I/Users/prathamesh/StudioProjects/ccavenue-india-sdk-react-native/example/ios/Pods/Headers/Public/Yoga -Xcc -I/Users/prathamesh/StudioProjects/ccavenue-india-sdk-react-native/example/ios/Pods/Headers/Public/boost -Xcc -I/Users/prathamesh/StudioProjects/ccavenue-india-sdk-react-native/example/ios/Pods/Headers/Public/fast_float -Xcc -I/Users/prathamesh/StudioProjects/ccavenue-india-sdk-react-native/example/ios/Pods/Headers/Public/fmt -Xcc -I/Users/prathamesh/StudioProjects/ccavenue-india-sdk-react-native/example/ios/Pods/Headers/Public/glog -Xcc -I/Users/prathamesh/StudioProjects/ccavenue-india-sdk-react-native/example/ios/Pods/Headers/Public/hermes-engine -Xcc -I/Users/prathamesh/StudioProjects/ccavenue-india-sdk-react-native/example/ios/Pods/DoubleConversion -Xcc -I/Users/prathamesh/StudioProjects/ccavenue-india-sdk-react-native/example/ios/Pods/boost -Xcc -I/Users/prathamesh/StudioProjects/ccavenue-india-sdk-react-native/example/ios/Pods/Headers/Private/React-Core -Xcc -I/Users/prathamesh/StudioProjects/ccavenue-india-sdk-react-native/example/ios/Pods/Headers/Private/React-Core -Xcc -I/Users/prathamesh/StudioProjects/ccavenue-india-sdk-react-native/example/ios/Pods/Headers/Private/Yoga -Xcc -I/Users/prathamesh/Library/Developer/Xcode/DerivedData/CCAvenueIndiaSdkReactNativeExample-dmeqaxpselaggkfhomgslbamujbl/Build/Intermediates.noindex/CcavenueIndiaSdkReactNativeExample.build/Debug-iphoneos/CcavenueIndiaSdkReactNativeExample.build/DerivedSources-normal/arm64 -Xcc -I/Users/prathamesh/Library/Developer/Xcode/DerivedData/CCAvenueIndiaSdkReactNativeExample-dmeqaxpselaggkfhomgslbamujbl/Build/Intermediates.noindex/CcavenueIndiaSdkReactNativeExample.build/Debug-iphoneos/CcavenueIndiaSdkReactNativeExample.build/DerivedSources/arm64 -Xcc -I/Users/prathamesh/Library/Developer/Xcode/DerivedData/CCAvenueIndiaSdkReactNativeExample-dmeqaxpselaggkfhomgslbamujbl/Build/Intermediates.noindex/CcavenueIndiaSdkReactNativeExample.build/Debug-iphoneos/CcavenueIndiaSdkReactNativeExample.build/DerivedSources -Xcc -DDEBUG\=1 -Xcc -DCOCOAPODS\=1 -emit-objc-header -emit-objc-header-path /Users/prathamesh/Library/Developer/Xcode/DerivedData/CCAvenueIndiaSdkReactNativeExample-dmeqaxpselaggkfhomgslbamujbl/Build/Intermediates.noindex/CcavenueIndiaSdkReactNativeExample.build/Debug-iphoneos/CcavenueIndiaSdkReactNativeExample.build/Objects-normal/arm64/CcavenueIndiaSdkReactNativeExample-Swift.h -working-directory /Users/prathamesh/StudioProjects/ccavenue-india-sdk-react-native/example/ios -experimental-emit-module-separately -disable-cmo

SwiftExplicitDependencyGeneratePcm arm64 /Users/prathamesh/Library/Developer/Xcode/DerivedData/ModuleCache.noindex/Accelerate-9GUUZ4K18QW4NCNQ05QMOZGLH.pcm

SwiftExplicitDependencyGeneratePcm arm64 /Users/prathamesh/Library/Developer/Xcode/DerivedData/CCAvenueIndiaSdkReactNativeExample-dmeqaxpselaggkfhomgslbamujbl/Build/Intermediates.noindex/SwiftExplicitPrecompiledModules/RCTDeprecation-7K99BGITGF4UWUW0PLSLQUUEH.pcm

SwiftExplicitDependencyGeneratePcm arm64 /Users/prathamesh/Library/Developer/Xcode/DerivedData/ModuleCache.noindex/_LocationEssentials-CUWBOXIJFSZHM0LHYBTVN5XE9.pcm

SwiftExplicitDependencyGeneratePcm arm64 /Users/prathamesh/Library/Developer/Xcode/DerivedData/CCAvenueIndiaSdkReactNativeExample-dmeqaxpselaggkfhomgslbamujbl/Build/Intermediates.noindex/SwiftExplicitPrecompiledModules/yoga-BK06ZK1M4ETU69PMJRRVTNH5R.pcm

SwiftExplicitDependencyGeneratePcm arm64 /Users/prathamesh/Library/Developer/Xcode/DerivedData/CCAvenueIndiaSdkReactNativeExample-dmeqaxpselaggkfhomgslbamujbl/Build/Intermediates.noindex/SwiftExplicitPrecompiledModules/ReactAppDependencyProvider-CT68OSQTFDN8PV1N4XYC21AXL.pcm

SwiftExplicitDependencyGeneratePcm arm64 /Users/prathamesh/Library/Developer/Xcode/DerivedData/CCAvenueIndiaSdkReactNativeExample-dmeqaxpselaggkfhomgslbamujbl/Build/Intermediates.noindex/SwiftExplicitPrecompiledModules/React_RCTAppDelegate-6J7HN0LRQ3MTCXN4OIJV52W5Z.pcm
<module-includes>:1:9: note: in file included from <module-includes>:1:
1 | #import "React-RCTAppDelegate-umbrella.h"
  |         `- note: in file included from <module-includes>:1:
2 | 

/Users/prathamesh/StudioProjects/ccavenue-india-sdk-react-native/example/ios/Pods/Headers/Public/React_RCTAppDelegate/React-RCTAppDelegate-umbrella.h:13:9: note: in file included from /Users/prathamesh/StudioProjects/ccavenue-india-sdk-react-native/example/ios/Pods/Headers/Public/React_RCTAppDelegate/React-RCTAppDelegate-umbrella.h:13:
11 | #endif
12 | 
13 | #import "RCTAppDelegate.h"
   |         `- note: in file included from /Users/prathamesh/StudioProjects/ccavenue-india-sdk-react-native/example/ios/Pods/Headers/Public/React_RCTAppDelegate/React-RCTAppDelegate-umbrella.h:13:
14 | #import "RCTAppSetupUtils.h"
15 | #import "RCTArchConfiguratorProtocol.h"

/Users/prathamesh/StudioProjects/ccavenue-india-sdk-react-native/example/ios/Pods/Headers/Public/React-RCTAppDelegate/RCTAppDelegate.h:9:9: note: in file included from /Users/prathamesh/StudioProjects/ccavenue-india-sdk-react-native/example/ios/Pods/Headers/Public/React-RCTAppDelegate/RCTAppDelegate.h:9:
 7 | 
 8 | #import <UIKit/UIKit.h>
 9 | #import "RCTDefaultReactNativeFactoryDelegate.h"
   |         `- note: in file included from /Users/prathamesh/StudioProjects/ccavenue-india-sdk-react-native/example/ios/Pods/Headers/Public/React-RCTAppDelegate/RCTAppDelegate.h:9:
10 | #import "RCTReactNativeFactory.h"
11 | #import "RCTRootViewFactory.h"

/Users/prathamesh/StudioProjects/ccavenue-india-sdk-react-native/example/ios/Pods/Headers/Public/React-RCTAppDelegate/RCTDefaultReactNativeFactoryDelegate.h:9:9: note: in file included from /Users/prathamesh/StudioProjects/ccavenue-india-sdk-react-native/example/ios/Pods/Headers/Public/React-RCTAppDelegate/RCTDefaultReactNativeFactoryDelegate.h:9:
 7 | 
 8 | #import <UIKit/UIKit.h>
 9 | #import "RCTReactNativeFactory.h"
   |         `- note: in file included from /Users/prathamesh/StudioProjects/ccavenue-india-sdk-react-native/example/ios/Pods/Headers/Public/React-RCTAppDelegate/RCTDefaultReactNativeFactoryDelegate.h:9:
10 | 
11 | NS_ASSUME_NONNULL_BEGIN

/Users/prathamesh/StudioProjects/ccavenue-india-sdk-react-native/example/ios/Pods/Headers/Public/React-RCTAppDelegate/RCTReactNativeFactory.h:15:9: note: in file included from /Users/prathamesh/StudioProjects/ccavenue-india-sdk-react-native/example/ios/Pods/Headers/Public/React-RCTAppDelegate/RCTReactNativeFactory.h:15:
 13 | #import "RCTJSRuntimeConfiguratorProtocol.h"
 14 | #import "RCTRootViewFactory.h"
 15 | #import "RCTUIConfiguratorProtocol.h"
    |         `- note: in file included from /Users/prathamesh/StudioProjects/ccavenue-india-sdk-react-native/example/ios/Pods/Headers/Public/React-RCTAppDelegate/RCTReactNativeFactory.h:15:
 16 | 
 17 | #if defined(__cplusplus) // Don't conform to protocols requiring C++ when it's not defined.

1 warning generated.
/Users/prathamesh/StudioProjects/ccavenue-india-sdk-react-native/example/ios/Pods/Headers/Public/React-RCTAppDelegate/RCTUIConfiguratorProtocol.h:40:28: warning: 'RCTRootView' is deprecated: This API will be removed along with the legacy architecture.
38 |  * @parameter: rootView - The root view to customize.
39 |  */
40 | - (void)customizeRootView:(RCTRootView *)rootView;
   |                            `- warning: 'RCTRootView' is deprecated: This API will be removed along with the legacy architecture.
41 | 
42 | /**

/Users/prathamesh/StudioProjects/ccavenue-india-sdk-react-native/example/ios/Pods/Headers/Public/React-Core/React/RCTRootView.h:50:1: note: 'RCTRootView' has been explicitly marked deprecated here
 48 |  * once, all controlled by the same JavaScript application.
 49 |  */
 50 | __deprecated_msg("This API will be removed along with the legacy architecture.") @interface RCTRootView : UIView
    | `- note: 'RCTRootView' has been explicitly marked deprecated here
 51 | 
 52 | /**

/Applications/Xcode.app/Contents/Developer/Platforms/iPhoneOS.platform/Developer/SDKs/iPhoneOS26.2.sdk/usr/include/sys/cdefs.h:227:48: note: expanded from macro '__deprecated_msg'
 225 | #if __has_extension(attribute_deprecated_with_message) || \
 226 |         (defined(__GNUC__) && ((__GNUC__ >= 5) || ((__GNUC__ == 4) && (__GNUC_MINOR__ >= 5))))
 227 | 	#define __deprecated_msg(_msg) __attribute__((__deprecated__(_msg)))
     |                                                `- note: expanded from macro '__deprecated_msg'
 228 | #else
 229 | 	#define __deprecated_msg(_msg) __attribute__((__deprecated__))

SwiftExplicitDependencyGeneratePcm arm64 /Users/prathamesh/Library/Developer/Xcode/DerivedData/ModuleCache.noindex/CoreLocation-8RK6L3LKEB73NH3EGF2RAJJFI.pcm

SwiftExplicitDependencyGeneratePcm arm64 /Users/prathamesh/Library/Developer/Xcode/DerivedData/CCAvenueIndiaSdkReactNativeExample-dmeqaxpselaggkfhomgslbamujbl/Build/Intermediates.noindex/SwiftExplicitPrecompiledModules/React-AFIFR86Z0AO23YEP7P4JBG22I.pcm
<module-includes>:1:9: note: in file included from <module-includes>:1:
1 | #import "React-Core-umbrella.h"
  |         `- note: in file included from <module-includes>:1:
2 | 

/Users/prathamesh/StudioProjects/ccavenue-india-sdk-react-native/example/ios/Pods/Headers/Public/React/React-Core-umbrella.h:25:9: note: in file included from /Users/prathamesh/StudioProjects/ccavenue-india-sdk-react-native/example/ios/Pods/Headers/Public/React/React-Core-umbrella.h:25:
 23 | #import "React/RCTDevLoadingView.h"
 24 | #import "React/RCTDevMenu.h"
 25 | #import "React/RCTDevMenuConfigurationDecorator.h"
    |         `- note: in file included from /Users/prathamesh/StudioProjects/ccavenue-india-sdk-react-native/example/ios/Pods/Headers/Public/React/React-Core-umbrella.h:25:
 26 | #import "React/RCTDevSettings.h"
 27 | #import "React/RCTDevToolsRuntimeSettingsModule.h"

/Users/prathamesh/StudioProjects/ccavenue-india-sdk-react-native/example/ios/Pods/Headers/Public/React-Core/React/RCTDevMenuConfigurationDecorator.h:18:4: warning: pointer is missing a nullability type specifier (_Nonnull, _Nullable, or _Null_unspecified)
16 | @property (nonatomic, strong, readonly) RCTDevMenuConfiguration *__nullable devMenuConfiguration;
17 | 
18 | - (instancetype)initWithDevMenuConfiguration:(RCTDevMenuConfiguration *__nullable)devMenuConfiguration;
   |    |- warning: pointer is missing a nullability type specifier (_Nonnull, _Nullable, or _Null_unspecified)
   |    |- note: insert '_Nullable' if the pointer may be null
   |    `- note: insert '_Nonnull' if the pointer should never be null
19 | - (void)decorate:(id<RCTBridgeModule>)devMenuModule;
20 | 

<module-includes>:1:9: note: in file included from <module-includes>:1:
1 | #import "React-Core-umbrella.h"
  |         `- note: in file included from <module-includes>:1:
2 | 

/Users/prathamesh/StudioProjects/ccavenue-india-sdk-react-native/example/ios/Pods/Headers/Public/React/React-Core-umbrella.h:25:9: note: in file included from /Users/prathamesh/StudioProjects/ccavenue-india-sdk-react-native/example/ios/Pods/Headers/Public/React/React-Core-umbrella.h:25:
 23 | #import "React/RCTDevLoadingView.h"
 24 | #import "React/RCTDevMenu.h"
 25 | #import "React/RCTDevMenuConfigurationDecorator.h"
    |         `- note: in file included from /Users/prathamesh/StudioProjects/ccavenue-india-sdk-react-native/example/ios/Pods/Headers/Public/React/React-Core-umbrella.h:25:
 26 | #import "React/RCTDevSettings.h"
 27 | #import "React/RCTDevToolsRuntimeSettingsModule.h"

/Users/prathamesh/StudioProjects/ccavenue-india-sdk-react-native/example/ios/Pods/Headers/Public/React-Core/React/RCTDevMenuConfigurationDecorator.h:19:19: warning: pointer is missing a nullability type specifier (_Nonnull, _Nullable, or _Null_unspecified)
17 | 
18 | - (instancetype)initWithDevMenuConfiguration:(RCTDevMenuConfiguration *__nullable)devMenuConfiguration;
19 | - (void)decorate:(id<RCTBridgeModule>)devMenuModule;
   |                   |                 |- note: insert '_Nullable' if the pointer may be null
   |                   |                 `- note: insert '_Nonnull' if the pointer should never be null
   |                   `- warning: pointer is missing a nullability type specifier (_Nonnull, _Nullable, or _Null_unspecified)
20 | 
21 | #endif

<module-includes>:1:9: note: in file included from <module-includes>:1:
1 | #import "React-Core-umbrella.h"
  |         `- note: in file included from <module-includes>:1:
2 | 

/Users/prathamesh/StudioProjects/ccavenue-india-sdk-react-native/example/ios/Pods/Headers/Public/React/React-Core-umbrella.h:90:9: note: in file included from /Users/prathamesh/StudioProjects/ccavenue-india-sdk-react-native/example/ios/Pods/Headers/Public/React/React-Core-umbrella.h:90:
 88 | #import "React/RCTRootContentView.h"
 89 | #import "React/RCTRootView.h"
 90 | #import "React/RCTRootViewDelegate.h"
    |         `- note: in file included from /Users/prathamesh/StudioProjects/ccavenue-india-sdk-react-native/example/ios/Pods/Headers/Public/React/React-Core-umbrella.h:90:
 91 | #import "React/RCTRootViewInternal.h"
 92 | #import "React/RCTTouchEvent.h"

/Users/prathamesh/StudioProjects/ccavenue-india-sdk-react-native/example/ios/Pods/Headers/Public/React-Core/React/RCTRootViewDelegate.h:28:41: warning: 'RCTRootView' is deprecated: This API will be removed along with the legacy architecture.
26 |  * property of the root view. The view will not resize itself.
27 |  */
28 | - (void)rootViewDidChangeIntrinsicSize:(RCTRootView *)rootView;
   |                                         `- warning: 'RCTRootView' is deprecated: This API will be removed along with the legacy architecture.
29 | 
30 | @end

/Users/prathamesh/StudioProjects/ccavenue-india-sdk-react-native/example/ios/Pods/Headers/Public/React-Core/React/RCTRootView.h:50:1: note: 'RCTRootView' has been explicitly marked deprecated here
 48 |  * once, all controlled by the same JavaScript application.
 49 |  */
 50 | __deprecated_msg("This API will be removed along with the legacy architecture.") @interface RCTRootView : UIView
    | `- note: 'RCTRootView' has been explicitly marked deprecated here
 51 | 
 52 | /**

/Applications/Xcode.app/Contents/Developer/Platforms/iPhoneOS.platform/Developer/SDKs/iPhoneOS26.2.sdk/usr/include/sys/cdefs.h:227:48: note: expanded from macro '__deprecated_msg'
 225 | #if __has_extension(attribute_deprecated_with_message) || \
 226 |         (defined(__GNUC__) && ((__GNUC__ >= 5) || ((__GNUC__ == 4) && (__GNUC_MINOR__ >= 5))))
 227 | 	#define __deprecated_msg(_msg) __attribute__((__deprecated__(_msg)))
     |                                                `- note: expanded from macro '__deprecated_msg'
 228 | #else
 229 | 	#define __deprecated_msg(_msg) __attribute__((__deprecated__))

<module-includes>:1:9: note: in file included from <module-includes>:1:
1 | #import "React-Core-umbrella.h"
  |         `- note: in file included from <module-includes>:1:
2 | 

/Users/prathamesh/StudioProjects/ccavenue-india-sdk-react-native/example/ios/Pods/Headers/Public/React/React-Core-umbrella.h:101:9: note: in file included from /Users/prathamesh/StudioProjects/ccavenue-india-sdk-react-native/example/ios/Pods/Headers/Public/React/React-Core-umbrella.h:101:
 99 | #import "React/RCTVersion.h"
100 | #import "React/RCTSurface.h"
101 | #import "React/RCTSurfaceDelegate.h"
    |         `- note: in file included from /Users/prathamesh/StudioProjects/ccavenue-india-sdk-react-native/example/ios/Pods/Headers/Public/React/React-Core-umbrella.h:101:
102 | #import "React/RCTSurfaceProtocol.h"
103 | #import "React/RCTSurfaceRootShadowView.h"

/Users/prathamesh/StudioProjects/ccavenue-india-sdk-react-native/example/ios/Pods/Headers/Public/React-Core/React/RCTSurfaceDelegate.h:24:18: warning: 'RCTSurface' is deprecated: This API will be removed along with the legacy architecture.
22 |  * See `RCTSurfaceStage` for more details.
23 |  */
24 | - (void)surface:(RCTSurface *)surface didChangeStage:(RCTSurfaceStage)stage;
   |                  `- warning: 'RCTSurface' is deprecated: This API will be removed along with the legacy architecture.
25 | 
26 | /**

/Users/prathamesh/StudioProjects/ccavenue-india-sdk-react-native/example/ios/Pods/Headers/Public/React-Core/React/RCTSurface.h:35:1: note: 'RCTSurface' has been explicitly marked deprecated here
33 |  *  * ability to communicate the current stage of the surface granularly.
34 |  */
35 | __deprecated_msg("This API will be removed along with the legacy architecture.") @interface RCTSurface
   | `- note: 'RCTSurface' has been explicitly marked deprecated here
36 |     : NSObject<RCTSurfaceProtocol>
37 | 

/Applications/Xcode.app/Contents/Developer/Platforms/iPhoneOS.platform/Developer/SDKs/iPhoneOS26.2.sdk/usr/include/sys/cdefs.h:227:48: note: expanded from macro '__deprecated_msg'
 225 | #if __has_extension(attribute_deprecated_with_message) || \
 226 |         (defined(__GNUC__) && ((__GNUC__ >= 5) || ((__GNUC__ == 4) && (__GNUC_MINOR__ >= 5))))
 227 | 	#define __deprecated_msg(_msg) __attribute__((__deprecated__(_msg)))
     |                                                `- note: expanded from macro '__deprecated_msg'
 228 | #else
 229 | 	#define __deprecated_msg(_msg) __attribute__((__deprecated__))

<module-includes>:1:9: note: in file included from <module-includes>:1:
1 | #import "React-Core-umbrella.h"
  |         `- note: in file included from <module-includes>:1:
2 | 

/Users/prathamesh/StudioProjects/ccavenue-india-sdk-react-native/example/ios/Pods/Headers/Public/React/React-Core-umbrella.h:101:9: note: in file included from /Users/prathamesh/StudioProjects/ccavenue-india-sdk-react-native/example/ios/Pods/Headers/Public/React/React-Core-umbrella.h:101:
 99 | #import "React/RCTVersion.h"
100 | #import "React/RCTSurface.h"
101 | #import "React/RCTSurfaceDelegate.h"
    |         `- note: in file included from /Users/prathamesh/StudioProjects/ccavenue-india-sdk-react-native/example/ios/Pods/Headers/Public/React/React-Core-umbrella.h:101:
102 | #import "React/RCTSurfaceProtocol.h"
103 | #import "React/RCTSurfaceRootShadowView.h"

/Users/prathamesh/StudioProjects/ccavenue-india-sdk-react-native/example/ios/Pods/Headers/Public/React-Core/React/RCTSurfaceDelegate.h:30:18: warning: 'RCTSurface' is deprecated: This API will be removed along with the legacy architecture.
28 |  * layout pass.
29 |  */
30 | - (void)surface:(RCTSurface *)surface didChangeIntrinsicSize:(CGSize)intrinsicSize;
   |                  `- warning: 'RCTSurface' is deprecated: This API will be removed along with the legacy architecture.
31 | 
32 | @end

/Users/prathamesh/StudioProjects/ccavenue-india-sdk-react-native/example/ios/Pods/Headers/Public/React-Core/React/RCTSurface.h:35:1: note: 'RCTSurface' has been explicitly marked deprecated here
33 |  *  * ability to communicate the current stage of the surface granularly.
34 |  */
35 | __deprecated_msg("This API will be removed along with the legacy architecture.") @interface RCTSurface
   | `- note: 'RCTSurface' has been explicitly marked deprecated here
36 |     : NSObject<RCTSurfaceProtocol>
37 | 

/Applications/Xcode.app/Contents/Developer/Platforms/iPhoneOS.platform/Developer/SDKs/iPhoneOS26.2.sdk/usr/include/sys/cdefs.h:227:48: note: expanded from macro '__deprecated_msg'
 225 | #if __has_extension(attribute_deprecated_with_message) || \
 226 |         (defined(__GNUC__) && ((__GNUC__ >= 5) || ((__GNUC__ == 4) && (__GNUC_MINOR__ >= 5))))
 227 | 	#define __deprecated_msg(_msg) __attribute__((__deprecated__(_msg)))
     |                                                `- note: expanded from macro '__deprecated_msg'
 228 | #else
 229 | 	#define __deprecated_msg(_msg) __attribute__((__deprecated__))

<module-includes>:1:9: note: in file included from <module-includes>:1:
1 | #import "React-Core-umbrella.h"
  |         `- note: in file included from <module-includes>:1:
2 | 

/Users/prathamesh/StudioProjects/ccavenue-india-sdk-react-native/example/ios/Pods/Headers/Public/React/React-Core-umbrella.h:124:9: note: in file included from /Users/prathamesh/StudioProjects/ccavenue-india-sdk-react-native/example/ios/Pods/Headers/Public/React/React-Core-umbrella.h:124:
122 | #import "React/RCTUIManagerUtils.h"
123 | #import "React/RCTMacros.h"
124 | #import "React/RCTProfile.h"
    |         `- note: in file included from /Users/prathamesh/StudioProjects/ccavenue-india-sdk-react-native/example/ios/Pods/Headers/Public/React/React-Core-umbrella.h:124:
125 | #import "React/RCTActivityIndicatorView.h"
126 | #import "React/RCTActivityIndicatorViewManager.h"

/Users/prathamesh/StudioProjects/ccavenue-india-sdk-react-native/example/ios/Pods/Headers/Public/React-Core/React/RCTProfile.h:206:73: warning: 'systrace_arg_t' is deprecated: This API will be removed along with the legacy architecture.
198 |   const char *value;
199 |   unsigned long value_len;
200 | } systrace_arg_t __deprecated_msg("This API will be removed along with the legacy architecture.");
    |                  `- note: 'systrace_arg_t' has been explicitly marked deprecated here
201 | 
202 | typedef struct {
    :
204 |   void (*stop)(void);
205 | 
206 |   void (*begin_section)(uint64_t tag, const char *name, size_t numArgs, systrace_arg_t *args);
    |                                                                         `- warning: 'systrace_arg_t' is deprecated: This API will be removed along with the legacy architecture.
207 |   void (*end_section)(uint64_t tag, size_t numArgs, systrace_arg_t *args);
208 | 

/Applications/Xcode.app/Contents/Developer/Platforms/iPhoneOS.platform/Developer/SDKs/iPhoneOS26.2.sdk/usr/include/sys/cdefs.h:227:48: note: expanded from macro '__deprecated_msg'
 225 | #if __has_extension(attribute_deprecated_with_message) || \
 226 |         (defined(__GNUC__) && ((__GNUC__ >= 5) || ((__GNUC__ == 4) && (__GNUC_MINOR__ >= 5))))
 227 | 	#define __deprecated_msg(_msg) __attribute__((__deprecated__(_msg)))
     |                                                `- note: expanded from macro '__deprecated_msg'
 228 | #else
 229 | 	#define __deprecated_msg(_msg) __attribute__((__deprecated__))

<module-includes>:1:9: note: in file included from <module-includes>:1:
1 | #import "React-Core-umbrella.h"
  |         `- note: in file included from <module-includes>:1:
2 | 

/Users/prathamesh/StudioProjects/ccavenue-india-sdk-react-native/example/ios/Pods/Headers/Public/React/React-Core-umbrella.h:124:9: note: in file included from /Users/prathamesh/StudioProjects/ccavenue-india-sdk-react-native/example/ios/Pods/Headers/Public/React/React-Core-umbrella.h:124:
122 | #import "React/RCTUIManagerUtils.h"
123 | #import "React/RCTMacros.h"
124 | #import "React/RCTProfile.h"
    |         `- note: in file included from /Users/prathamesh/StudioProjects/ccavenue-india-sdk-react-native/example/ios/Pods/Headers/Public/React/React-Core-umbrella.h:124:
125 | #import "React/RCTActivityIndicatorView.h"
126 | #import "React/RCTActivityIndicatorViewManager.h"

/Users/prathamesh/StudioProjects/ccavenue-india-sdk-react-native/example/ios/Pods/Headers/Public/React-Core/React/RCTProfile.h:207:53: warning: 'systrace_arg_t' is deprecated: This API will be removed along with the legacy architecture.
198 |   const char *value;
199 |   unsigned long value_len;
200 | } systrace_arg_t __deprecated_msg("This API will be removed along with the legacy architecture.");
    |                  `- note: 'systrace_arg_t' has been explicitly marked deprecated here
201 | 
202 | typedef struct {
    :
205 | 
206 |   void (*begin_section)(uint64_t tag, const char *name, size_t numArgs, systrace_arg_t *args);
207 |   void (*end_section)(uint64_t tag, size_t numArgs, systrace_arg_t *args);
    |                                                     `- warning: 'systrace_arg_t' is deprecated: This API will be removed along with the legacy architecture.
208 | 
209 |   void (*begin_async_section)(uint64_t tag, const char *name, int cookie, size_t numArgs, systrace_arg_t *args);

/Applications/Xcode.app/Contents/Developer/Platforms/iPhoneOS.platform/Developer/SDKs/iPhoneOS26.2.sdk/usr/include/sys/cdefs.h:227:48: note: expanded from macro '__deprecated_msg'
 225 | #if __has_extension(attribute_deprecated_with_message) || \
 226 |         (defined(__GNUC__) && ((__GNUC__ >= 5) || ((__GNUC__ == 4) && (__GNUC_MINOR__ >= 5))))
 227 | 	#define __deprecated_msg(_msg) __attribute__((__deprecated__(_msg)))
     |                                                `- note: expanded from macro '__deprecated_msg'
 228 | #else
 229 | 	#define __deprecated_msg(_msg) __attribute__((__deprecated__))

<module-includes>:1:9: note: in file included from <module-includes>:1:
1 | #import "React-Core-umbrella.h"
  |         `- note: in file included from <module-includes>:1:
2 | 

/Users/prathamesh/StudioProjects/ccavenue-india-sdk-react-native/example/ios/Pods/Headers/Public/React/React-Core-umbrella.h:124:9: note: in file included from /Users/prathamesh/StudioProjects/ccavenue-india-sdk-react-native/example/ios/Pods/Headers/Public/React/React-Core-umbrella.h:124:
122 | #import "React/RCTUIManagerUtils.h"
123 | #import "React/RCTMacros.h"
124 | #import "React/RCTProfile.h"
    |         `- note: in file included from /Users/prathamesh/StudioProjects/ccavenue-india-sdk-react-native/example/ios/Pods/Headers/Public/React/React-Core-umbrella.h:124:
125 | #import "React/RCTActivityIndicatorView.h"
126 | #import "React/RCTActivityIndicatorViewManager.h"

/Users/prathamesh/StudioProjects/ccavenue-india-sdk-react-native/example/ios/Pods/Headers/Public/React-Core/React/RCTProfile.h:209:91: warning: 'systrace_arg_t' is deprecated: This API will be removed along with the legacy architecture.
198 |   const char *value;
199 |   unsigned long value_len;
200 | } systrace_arg_t __deprecated_msg("This API will be removed along with the legacy architecture.");
    |                  `- note: 'systrace_arg_t' has been explicitly marked deprecated here
201 | 
202 | typedef struct {
    :
207 |   void (*end_section)(uint64_t tag, size_t numArgs, systrace_arg_t *args);
208 | 
209 |   void (*begin_async_section)(uint64_t tag, const char *name, int cookie, size_t numArgs, systrace_arg_t *args);
    |                                                                                           `- warning: 'systrace_arg_t' is deprecated: This API will be removed along with the legacy architecture.
210 |   void (*end_async_section)(uint64_t tag, const char *name, int cookie, size_t numArgs, systrace_arg_t *args);
211 | 

/Applications/Xcode.app/Contents/Developer/Platforms/iPhoneOS.platform/Developer/SDKs/iPhoneOS26.2.sdk/usr/include/sys/cdefs.h:227:48: note: expanded from macro '__deprecated_msg'
 225 | #if __has_extension(attribute_deprecated_with_message) || \
 226 |         (defined(__GNUC__) && ((__GNUC__ >= 5) || ((__GNUC__ == 4) && (__GNUC_MINOR__ >= 5))))
 227 | 	#define __deprecated_msg(_msg) __attribute__((__deprecated__(_msg)))
     |                                                `- note: expanded from macro '__deprecated_msg'
 228 | #else
 229 | 	#define __deprecated_msg(_msg) __attribute__((__deprecated__))

<module-includes>:1:9: note: in file included from <module-includes>:1:
1 | #import "React-Core-umbrella.h"
  |         `- note: in file included from <module-includes>:1:
2 | 

/Users/prathamesh/StudioProjects/ccavenue-india-sdk-react-native/example/ios/Pods/Headers/Public/React/React-Core-umbrella.h:124:9: note: in file included from /Users/prathamesh/StudioProjects/ccavenue-india-sdk-react-native/example/ios/Pods/Headers/Public/React/React-Core-umbrella.h:124:
122 | #import "React/RCTUIManagerUtils.h"
123 | #import "React/RCTMacros.h"
124 | #import "React/RCTProfile.h"
    |         `- note: in file included from /Users/prathamesh/StudioProjects/ccavenue-india-sdk-react-native/example/ios/Pods/Headers/Public/React/React-Core-umbrella.h:124:
125 | #import "React/RCTActivityIndicatorView.h"
126 | #import "React/RCTActivityIndicatorViewManager.h"

/Users/prathamesh/StudioProjects/ccavenue-india-sdk-react-native/example/ios/Pods/Headers/Public/React-Core/React/RCTProfile.h:210:89: warning: 'systrace_arg_t' is deprecated: This API will be removed along with the legacy architecture.
198 |   const char *value;
199 |   unsigned long value_len;
200 | } systrace_arg_t __deprecated_msg("This API will be removed along with the legacy architecture.");
    |                  `- note: 'systrace_arg_t' has been explicitly marked deprecated here
201 | 
202 | typedef struct {
    :
208 | 
209 |   void (*begin_async_section)(uint64_t tag, const char *name, int cookie, size_t numArgs, systrace_arg_t *args);
210 |   void (*end_async_section)(uint64_t tag, const char *name, int cookie, size_t numArgs, systrace_arg_t *args);
    |                                                                                         `- warning: 'systrace_arg_t' is deprecated: This API will be removed along with the legacy architecture.
211 | 
212 |   void (*instant_section)(uint64_t tag, const char *name, char scope);

/Applications/Xcode.app/Contents/Developer/Platforms/iPhoneOS.platform/Developer/SDKs/iPhoneOS26.2.sdk/usr/include/sys/cdefs.h:227:48: note: expanded from macro '__deprecated_msg'
 225 | #if __has_extension(attribute_deprecated_with_message) || \
 226 |         (defined(__GNUC__) && ((__GNUC__ >= 5) || ((__GNUC__ == 4) && (__GNUC_MINOR__ >= 5))))
 227 | 	#define __deprecated_msg(_msg) __attribute__((__deprecated__(_msg)))
     |                                                `- note: expanded from macro '__deprecated_msg'
 228 | #else
 229 | 	#define __deprecated_msg(_msg) __attribute__((__deprecated__))

<module-includes>:1:9: note: in file included from <module-includes>:1:
1 | #import "React-Core-umbrella.h"
  |         `- note: in file included from <module-includes>:1:
2 | 

/Users/prathamesh/StudioProjects/ccavenue-india-sdk-react-native/example/ios/Pods/Headers/Public/React/React-Core-umbrella.h:142:9: note: in file included from /Users/prathamesh/StudioProjects/ccavenue-india-sdk-react-native/example/ios/Pods/Headers/Public/React/React-Core-umbrella.h:142:
140 | #import "React/RCTFont.h"
141 | #import "React/RCTLayout.h"
142 | #import "React/RCTModalHostView.h"
    |         `- note: in file included from /Users/prathamesh/StudioProjects/ccavenue-india-sdk-react-native/example/ios/Pods/Headers/Public/React/React-Core-umbrella.h:142:
143 | #import "React/RCTModalHostViewController.h"
144 | #import "React/RCTModalHostViewManager.h"

/Users/prathamesh/StudioProjects/ccavenue-india-sdk-react-native/example/ios/Pods/Headers/Public/React-Core/React/RCTModalHostView.h:53:31: warning: 'RCTModalHostView' is deprecated: This API will be removed along with the legacy architecture.
19 | @protocol RCTModalHostViewInteractor;
20 | 
21 | __attribute__((deprecated("This API will be removed along with the legacy architecture.")))
   |                `- note: 'RCTModalHostView' has been explicitly marked deprecated here
22 | @interface RCTModalHostView : UIView<RCTInvalidating, UIAdaptivePresentationControllerDelegate>
23 | 
   :
51 | @protocol RCTModalHostViewInteractor <NSObject>
52 | 
53 | - (void)presentModalHostView:(RCTModalHostView *)modalHostView
   |                               `- warning: 'RCTModalHostView' is deprecated: This API will be removed along with the legacy architecture.
54 |           withViewController:(RCTModalHostViewController *)viewController
55 |                     animated:(BOOL)animated;

<module-includes>:1:9: note: in file included from <module-includes>:1:
1 | #import "React-Core-umbrella.h"
  |         `- note: in file included from <module-includes>:1:
2 | 

/Users/prathamesh/StudioProjects/ccavenue-india-sdk-react-native/example/ios/Pods/Headers/Public/React/React-Core-umbrella.h:142:9: note: in file included from /Users/prathamesh/StudioProjects/ccavenue-india-sdk-react-native/example/ios/Pods/Headers/Public/React/React-Core-umbrella.h:142:
140 | #import "React/RCTFont.h"
141 | #import "React/RCTLayout.h"
142 | #import "React/RCTModalHostView.h"
    |         `- note: in file included from /Users/prathamesh/StudioProjects/ccavenue-india-sdk-react-native/example/ios/Pods/Headers/Public/React/React-Core-umbrella.h:142:
143 | #import "React/RCTModalHostViewController.h"
144 | #import "React/RCTModalHostViewManager.h"

/Users/prathamesh/StudioProjects/ccavenue-india-sdk-react-native/example/ios/Pods/Headers/Public/React-Core/React/RCTModalHostView.h:56:31: warning: 'RCTModalHostView' is deprecated: This API will be removed along with the legacy architecture.
19 | @protocol RCTModalHostViewInteractor;
20 | 
21 | __attribute__((deprecated("This API will be removed along with the legacy architecture.")))
   |                `- note: 'RCTModalHostView' has been explicitly marked deprecated here
22 | @interface RCTModalHostView : UIView<RCTInvalidating, UIAdaptivePresentationControllerDelegate>
23 | 
   :
54 |           withViewController:(RCTModalHostViewController *)viewController
55 |                     animated:(BOOL)animated;
56 | - (void)dismissModalHostView:(RCTModalHostView *)modalHostView
   |                               `- warning: 'RCTModalHostView' is deprecated: This API will be removed along with the legacy architecture.
57 |           withViewController:(RCTModalHostViewController *)viewController
58 |                     animated:(BOOL)animated;

<module-includes>:1:9: note: in file included from <module-includes>:1:
1 | #import "React-Core-umbrella.h"
  |         `- note: in file included from <module-includes>:1:
2 | 

/Users/prathamesh/StudioProjects/ccavenue-india-sdk-react-native/example/ios/Pods/Headers/Public/React/React-Core-umbrella.h:148:9: note: in file included from /Users/prathamesh/StudioProjects/ccavenue-india-sdk-react-native/example/ios/Pods/Headers/Public/React/React-Core-umbrella.h:148:
146 | #import "React/RCTPointerEvents.h"
147 | #import "React/RCTRootShadowView.h"
148 | #import "React/RCTShadowView+Internal.h"
    |         `- note: in file included from /Users/prathamesh/StudioProjects/ccavenue-india-sdk-react-native/example/ios/Pods/Headers/Public/React/React-Core-umbrella.h:148:
149 | #import "React/RCTShadowView+Layout.h"
150 | #import "React/RCTShadowView.h"

/Users/prathamesh/StudioProjects/ccavenue-india-sdk-react-native/example/ios/Pods/Headers/Public/React-Core/React/RCTShadowView+Internal.h:16:40: warning: 'RCTRootShadowView' is deprecated: This API will be removed along with the legacy architecture.
14 | @interface RCTShadowView (Internal)
15 | 
16 | @property (nonatomic, weak, readwrite) RCTRootShadowView *rootView;
   |                                        `- warning: 'RCTRootShadowView' is deprecated: This API will be removed along with the legacy architecture.
17 | 
18 | @end

/Users/prathamesh/StudioProjects/ccavenue-india-sdk-react-native/example/ios/Pods/Headers/Public/React-Core/React/RCTRootShadowView.h:11:16: note: 'RCTRootShadowView' has been explicitly marked deprecated here
 9 | #import <yoga/YGEnums.h>
10 | 
11 | __attribute__((deprecated("This API will be removed along with the legacy architecture.")))
   |                `- note: 'RCTRootShadowView' has been explicitly marked deprecated here
12 | @interface RCTRootShadowView : RCTShadowView
13 | 

<module-includes>:1:9: note: in file included from <module-includes>:1:
1 | #import "React-Core-umbrella.h"
  |         `- note: in file included from <module-includes>:1:
2 | 

/Users/prathamesh/StudioProjects/ccavenue-india-sdk-react-native/example/ios/Pods/Headers/Public/React/React-Core-umbrella.h:170:9: note: in file included from /Users/prathamesh/StudioProjects/ccavenue-india-sdk-react-native/example/ios/Pods/Headers/Public/React/React-Core-umbrella.h:170:
168 | #import "React/RCTScrollContentViewManager.h"
169 | #import "React/RCTScrollEvent.h"
170 | #import "React/RCTScrollView.h"
    |         `- note: in file included from /Users/prathamesh/StudioProjects/ccavenue-india-sdk-react-native/example/ios/Pods/Headers/Public/React/React-Core-umbrella.h:170:
171 | #import "React/RCTScrollViewManager.h"
172 | #import "React/UIView+Private.h"

13 warnings generated.
/Users/prathamesh/StudioProjects/ccavenue-india-sdk-react-native/example/ios/Pods/Headers/Public/React-Core/React/RCTScrollView.h:73:50: warning: 'RCTScrollView' is deprecated: This API will be removed along with the legacy architecture.
18 | @protocol UIScrollViewDelegate;
19 | 
20 | __attribute__((deprecated("This API will be removed along with the legacy architecture.")))
   |                `- note: 'RCTScrollView' has been explicitly marked deprecated here
21 | @interface RCTScrollView : RCTView<UIScrollViewDelegate, RCTScrollableProtocol, RCTAutoInsetsProtocol>
22 | 
   :
71 | @interface UIView (RCTScrollView)
72 | 
73 | - (void)reactUpdateResponderOffsetForScrollView:(RCTScrollView *)scrollView;
   |                                                  `- warning: 'RCTScrollView' is deprecated: This API will be removed along with the legacy architecture.
74 | 
75 | @end

LinkAssetCatalog /Users/prathamesh/StudioProjects/ccavenue-india-sdk-react-native/example/ios/CcavenueIndiaSdkReactNativeExample/Images.xcassets (in target 'CcavenueIndiaSdkReactNativeExample' from project 'CcavenueIndiaSdkReactNativeExample')
    cd /Users/prathamesh/StudioProjects/ccavenue-india-sdk-react-native/example/ios
    builtin-linkAssetCatalog --thinned /Users/prathamesh/Library/Developer/Xcode/DerivedData/CCAvenueIndiaSdkReactNativeExample-dmeqaxpselaggkfhomgslbamujbl/Build/Intermediates.noindex/CcavenueIndiaSdkReactNativeExample.build/Debug-iphoneos/CcavenueIndiaSdkReactNativeExample.build/assetcatalog_output/thinned --thinned-dependencies /Users/prathamesh/Library/Developer/Xcode/DerivedData/CCAvenueIndiaSdkReactNativeExample-dmeqaxpselaggkfhomgslbamujbl/Build/Intermediates.noindex/CcavenueIndiaSdkReactNativeExample.build/Debug-iphoneos/CcavenueIndiaSdkReactNativeExample.build/assetcatalog_dependencies_thinned --thinned-info-plist-content /Users/prathamesh/Library/Developer/Xcode/DerivedData/CCAvenueIndiaSdkReactNativeExample-dmeqaxpselaggkfhomgslbamujbl/Build/Intermediates.noindex/CcavenueIndiaSdkReactNativeExample.build/Debug-iphoneos/CcavenueIndiaSdkReactNativeExample.build/assetcatalog_generated_info.plist_thinned --unthinned /Users/prathamesh/Library/Developer/Xcode/DerivedData/CCAvenueIndiaSdkReactNativeExample-dmeqaxpselaggkfhomgslbamujbl/Build/Intermediates.noindex/CcavenueIndiaSdkReactNativeExample.build/Debug-iphoneos/CcavenueIndiaSdkReactNativeExample.build/assetcatalog_output/unthinned --unthinned-dependencies /Users/prathamesh/Library/Developer/Xcode/DerivedData/CCAvenueIndiaSdkReactNativeExample-dmeqaxpselaggkfhomgslbamujbl/Build/Intermediates.noindex/CcavenueIndiaSdkReactNativeExample.build/Debug-iphoneos/CcavenueIndiaSdkReactNativeExample.build/assetcatalog_dependencies_unthinned --unthinned-info-plist-content /Users/prathamesh/Library/Developer/Xcode/DerivedData/CCAvenueIndiaSdkReactNativeExample-dmeqaxpselaggkfhomgslbamujbl/Build/Intermediates.noindex/CcavenueIndiaSdkReactNativeExample.build/Debug-iphoneos/CcavenueIndiaSdkReactNativeExample.build/assetcatalog_generated_info.plist_unthinned --output /Users/prathamesh/Library/Developer/Xcode/DerivedData/CCAvenueIndiaSdkReactNativeExample-dmeqaxpselaggkfhomgslbamujbl/Build/Products/Debug-iphoneos/CcavenueIndiaSdkReactNativeExample.app --plist-output /Users/prathamesh/Library/Developer/Xcode/DerivedData/CCAvenueIndiaSdkReactNativeExample-dmeqaxpselaggkfhomgslbamujbl/Build/Intermediates.noindex/CcavenueIndiaSdkReactNativeExample.build/Debug-iphoneos/CcavenueIndiaSdkReactNativeExample.build/assetcatalog_generated_info.plist

SwiftEmitModule normal arm64 Emitting\ module\ for\ CcavenueIndiaSdkReactNativeExample (in target 'CcavenueIndiaSdkReactNativeExample' from project 'CcavenueIndiaSdkReactNativeExample')

EmitSwiftModule normal arm64 (in target 'CcavenueIndiaSdkReactNativeExample' from project 'CcavenueIndiaSdkReactNativeExample')
    cd /Users/prathamesh/StudioProjects/ccavenue-india-sdk-react-native/example/ios
    

SwiftCompile normal arm64 Compiling\ AppDelegate.swift /Users/prathamesh/StudioProjects/ccavenue-india-sdk-react-native/example/ios/CcavenueIndiaSdkReactNativeExample/AppDelegate.swift (in target 'CcavenueIndiaSdkReactNativeExample' from project 'CcavenueIndiaSdkReactNativeExample')
SwiftCompile normal arm64 /Users/prathamesh/StudioProjects/ccavenue-india-sdk-react-native/example/ios/CcavenueIndiaSdkReactNativeExample/AppDelegate.swift (in target 'CcavenueIndiaSdkReactNativeExample' from project 'CcavenueIndiaSdkReactNativeExample')
    cd /Users/prathamesh/StudioProjects/ccavenue-india-sdk-react-native/example/ios
    

SwiftCompile normal arm64 Compiling\ GeneratedAssetSymbols.swift /Users/prathamesh/Library/Developer/Xcode/DerivedData/CCAvenueIndiaSdkReactNativeExample-dmeqaxpselaggkfhomgslbamujbl/Build/Intermediates.noindex/CcavenueIndiaSdkReactNativeExample.build/Debug-iphoneos/CcavenueIndiaSdkReactNativeExample.build/DerivedSources/GeneratedAssetSymbols.swift (in target 'CcavenueIndiaSdkReactNativeExample' from project 'CcavenueIndiaSdkReactNativeExample')

SwiftCompile normal arm64 /Users/prathamesh/Library/Developer/Xcode/DerivedData/CCAvenueIndiaSdkReactNativeExample-dmeqaxpselaggkfhomgslbamujbl/Build/Intermediates.noindex/CcavenueIndiaSdkReactNativeExample.build/Debug-iphoneos/CcavenueIndiaSdkReactNativeExample.build/DerivedSources/GeneratedAssetSymbols.swift (in target 'CcavenueIndiaSdkReactNativeExample' from project 'CcavenueIndiaSdkReactNativeExample')
    cd /Users/prathamesh/StudioProjects/ccavenue-india-sdk-react-native/example/ios
    

SwiftDriverJobDiscovery normal arm64 Emitting module for CcavenueIndiaSdkReactNativeExample (in target 'CcavenueIndiaSdkReactNativeExample' from project 'CcavenueIndiaSdkReactNativeExample')

SwiftDriver\ Compilation\ Requirements CcavenueIndiaSdkReactNativeExample normal arm64 com.apple.xcode.tools.swift.compiler (in target 'CcavenueIndiaSdkReactNativeExample' from project 'CcavenueIndiaSdkReactNativeExample')
    cd /Users/prathamesh/StudioProjects/ccavenue-india-sdk-react-native/example/ios
    builtin-Swift-Compilation-Requirements -- /Applications/Xcode.app/Contents/Developer/Toolchains/XcodeDefault.xctoolchain/usr/bin/swiftc -module-name CcavenueIndiaSdkReactNativeExample -Onone -enforce-exclusivity\=checked @/Users/prathamesh/Library/Developer/Xcode/DerivedData/CCAvenueIndiaSdkReactNativeExample-dmeqaxpselaggkfhomgslbamujbl/Build/Intermediates.noindex/CcavenueIndiaSdkReactNativeExample.build/Debug-iphoneos/CcavenueIndiaSdkReactNativeExample.build/Objects-normal/arm64/CcavenueIndiaSdkReactNativeExample.SwiftFileList -DDEBUG -D COCOAPODS -Xcc -fmodule-map-file\=/Users/prathamesh/Library/Developer/Xcode/DerivedData/CCAvenueIndiaSdkReactNativeExample-dmeqaxpselaggkfhomgslbamujbl/Build/Products/Debug-iphoneos/RCTSwiftUI/RCTSwiftUI.modulemap -Xcc -fmodule-map-file\=/Users/prathamesh/Library/Developer/Xcode/DerivedData/CCAvenueIndiaSdkReactNativeExample-dmeqaxpselaggkfhomgslbamujbl/Build/Products/Debug-iphoneos/ccavenue-india-sdk-react-native/ccavenue_india_sdk_react_native.modulemap -Xcc -fmodule-map-file\=/Users/prathamesh/StudioProjects/ccavenue-india-sdk-react-native/example/ios/Pods/Headers/Public/DoubleConversion/DoubleConversion.modulemap -Xcc -fmodule-map-file\=/Users/prathamesh/StudioProjects/ccavenue-india-sdk-react-native/example/ios/Pods/Headers/Public/RCTDeprecation/RCTDeprecation.modulemap -Xcc -fmodule-map-file\=/Users/prathamesh/StudioProjects/ccavenue-india-sdk-react-native/example/ios/Pods/Headers/Public/RCTFabric/React-RCTFabric.modulemap -Xcc -fmodule-map-file\=/Users/prathamesh/StudioProjects/ccavenue-india-sdk-react-native/example/ios/Pods/Headers/Public/RCTImage/React-RCTImage.modulemap -Xcc -fmodule-map-file\=/Users/prathamesh/StudioProjects/ccavenue-india-sdk-react-native/example/ios/Pods/Headers/Public/RCTRuntime/React-RCTRuntime.modulemap -Xcc -fmodule-map-file\=/Users/prathamesh/StudioProjects/ccavenue-india-sdk-react-native/example/ios/Pods/Headers/Public/RCTTypeSafety/RCTTypeSafety.modulemap -Xcc -fmodule-map-file\=/Users/prathamesh/StudioProjects/ccavenue-india-sdk-react-native/example/ios/Pods/Headers/Public/React/React-Core.modulemap -Xcc -fmodule-map-file\=/Users/prathamesh/StudioProjects/ccavenue-india-sdk-react-native/example/ios/Pods/Headers/Public/ReactAppDependencyProvider/ReactAppDependencyProvider.modulemap -Xcc -fmodule-map-file\=/Users/prathamesh/StudioProjects/ccavenue-india-sdk-react-native/example/ios/Pods/Headers/Public/ReactCodegen/ReactCodegen.modulemap -Xcc -fmodule-map-file\=/Users/prathamesh/StudioProjects/ccavenue-india-sdk-react-native/example/ios/Pods/Headers/Public/ReactCommon/ReactCommon.modulemap -Xcc -fmodule-map-file\=/Users/prathamesh/StudioProjects/ccavenue-india-sdk-react-native/example/ios/Pods/Headers/Public/React_Fabric/React-Fabric.modulemap -Xcc -fmodule-map-file\=/Users/prathamesh/StudioProjects/ccavenue-india-sdk-react-native/example/ios/Pods/Headers/Public/React_FabricComponents/React-FabricComponents.modulemap -Xcc -fmodule-map-file\=/Users/prathamesh/StudioProjects/ccavenue-india-sdk-react-native/example/ios/Pods/Headers/Public/React_NativeModulesApple/React-NativeModulesApple.modulemap -Xcc -fmodule-map-file\=/Users/prathamesh/StudioProjects/ccavenue-india-sdk-react-native/example/ios/Pods/Headers/Public/React_RCTAppDelegate/React-RCTAppDelegate.modulemap -Xcc -fmodule-map-file\=/Users/prathamesh/StudioProjects/ccavenue-india-sdk-react-native/example/ios/Pods/Headers/Public/React_runtimeexecutor/React-runtimeexecutor.modulemap -Xcc -fmodule-map-file\=/Users/prathamesh/StudioProjects/ccavenue-india-sdk-react-native/example/ios/Pods/Headers/Public/SocketRocket/SocketRocket.modulemap -Xcc -fmodule-map-file\=/Users/prathamesh/StudioProjects/ccavenue-india-sdk-react-native/example/ios/Pods/Headers/Public/fmt/fmt.modulemap -Xcc -fmodule-map-file\=/Users/prathamesh/StudioProjects/ccavenue-india-sdk-react-native/example/ios/Pods/Headers/Public/folly/RCT-Folly.modulemap -Xcc -fmodule-map-file\=/Users/prathamesh/StudioProjects/ccavenue-india-sdk-react-native/example/ios/Pods/Headers/Public/glog/glog.modulemap -Xcc -fmodule-map-file\=/Users/prathamesh/StudioProjects/ccavenue-india-sdk-react-native/example/ios/Pods/Headers/Public/jsi/React-jsi.modulemap -Xcc -fmodule-map-file\=/Users/prathamesh/StudioProjects/ccavenue-india-sdk-react-native/example/ios/Pods/Headers/Public/jsinspector_modern/React-jsinspector.modulemap -Xcc -fmodule-map-file\=/Users/prathamesh/StudioProjects/ccavenue-india-sdk-react-native/example/ios/Pods/Headers/Public/jsinspector_modern_cdp/React-jsinspectorcdp.modulemap -Xcc -fmodule-map-file\=/Users/prathamesh/StudioProjects/ccavenue-india-sdk-react-native/example/ios/Pods/Headers/Public/jsinspector_modern_network/React-jsinspectornetwork.modulemap -Xcc -fmodule-map-file\=/Users/prathamesh/StudioProjects/ccavenue-india-sdk-react-native/example/ios/Pods/Headers/Public/jsinspector_modern_tracing/React-jsinspectortracing.modulemap -Xcc -fmodule-map-file\=/Users/prathamesh/StudioProjects/ccavenue-india-sdk-react-native/example/ios/Pods/Headers/Public/react_debug/React-debug.modulemap -Xcc -fmodule-map-file\=/Users/prathamesh/StudioProjects/ccavenue-india-sdk-react-native/example/ios/Pods/Headers/Public/react_featureflags/React-featureflags.modulemap -Xcc -fmodule-map-file\=/Users/prathamesh/StudioProjects/ccavenue-india-sdk-react-native/example/ios/Pods/Headers/Public/react_nativemodule_defaults/React-defaultsnativemodule.modulemap -Xcc -fmodule-map-file\=/Users/prathamesh/StudioProjects/ccavenue-india-sdk-react-native/example/ios/Pods/Headers/Public/react_nativemodule_dom/React-domnativemodule.modulemap -Xcc -fmodule-map-file\=/Users/prathamesh/StudioProjects/ccavenue-india-sdk-react-native/example/ios/Pods/Headers/Public/react_nativemodule_featureflags/React-featureflagsnativemodule.modulemap -Xcc -fmodule-map-file\=/Users/prathamesh/StudioProjects/ccavenue-india-sdk-react-native/example/ios/Pods/Headers/Public/react_nativemodule_idlecallbacks/React-idlecallbacksnativemodule.modulemap -Xcc -fmodule-map-file\=/Users/prathamesh/StudioProjects/ccavenue-india-sdk-react-native/example/ios/Pods/Headers/Public/react_nativemodule_intersectionobserver/React-intersectionobservernativemodule.modulemap -Xcc -fmodule-map-file\=/Users/prathamesh/StudioProjects/ccavenue-india-sdk-react-native/example/ios/Pods/Headers/Public/react_nativemodule_microtasks/React-microtasksnativemodule.modulemap -Xcc -fmodule-map-file\=/Users/prathamesh/StudioProjects/ccavenue-india-sdk-react-native/example/ios/Pods/Headers/Public/react_nativemodule_webperformance/React-webperformancenativemodule.modulemap -Xcc -fmodule-map-file\=/Users/prathamesh/StudioProjects/ccavenue-india-sdk-react-native/example/ios/Pods/Headers/Public/react_networking/React-networking.modulemap -Xcc -fmodule-map-file\=/Users/prathamesh/StudioProjects/ccavenue-india-sdk-react-native/example/ios/Pods/Headers/Public/react_renderer_css/React-renderercss.modulemap -Xcc -fmodule-map-file\=/Users/prathamesh/StudioProjects/ccavenue-india-sdk-react-native/example/ios/Pods/Headers/Public/react_renderer_debug/React-rendererdebug.modulemap -Xcc -fmodule-map-file\=/Users/prathamesh/StudioProjects/ccavenue-india-sdk-react-native/example/ios/Pods/Headers/Public/react_renderer_graphics/React-graphics.modulemap -Xcc -fmodule-map-file\=/Users/prathamesh/StudioProjects/ccavenue-india-sdk-react-native/example/ios/Pods/Headers/Public/react_renderer_imagemanager/React-ImageManager.modulemap -Xcc -fmodule-map-file\=/Users/prathamesh/StudioProjects/ccavenue-india-sdk-react-native/example/ios/Pods/Headers/Public/react_runtime/React-jsitooling.modulemap -Xcc -fmodule-map-file\=/Users/prathamesh/StudioProjects/ccavenue-india-sdk-react-native/example/ios/Pods/Headers/Public/react_utils/React-utils.modulemap -Xcc -fmodule-map-file\=/Users/prathamesh/StudioProjects/ccavenue-india-sdk-react-native/example/ios/Pods/Headers/Public/reacthermes/React-hermes.modulemap -Xcc -fmodule-map-file\=/Users/prathamesh/StudioProjects/ccavenue-india-sdk-react-native/example/ios/Pods/Headers/Public/yoga/Yoga.modulemap -enable-bare-slash-regex -enable-experimental-feature DebugDescriptionMacro -sdk /Applications/Xcode.app/Contents/Developer/Platforms/iPhoneOS.platform/Developer/SDKs/iPhoneOS26.2.sdk -target arm64-apple-ios15.1 -g -module-cache-path /Users/prathamesh/Library/Developer/Xcode/DerivedData/ModuleCache.noindex -Xfrontend -serialize-debugging-options -enable-testing -index-store-path /Users/prathamesh/Library/Developer/Xcode/DerivedData/CCAvenueIndiaSdkReactNativeExample-dmeqaxpselaggkfhomgslbamujbl/Index.noindex/DataStore -Xcc -D_LIBCPP_HARDENING_MODE\=_LIBCPP_HARDENING_MODE_DEBUG -swift-version 5 -I /Users/prathamesh/Library/Developer/Xcode/DerivedData/CCAvenueIndiaSdkReactNativeExample-dmeqaxpselaggkfhomgslbamujbl/Build/Products/Debug-iphoneos -I /Users/prathamesh/Library/Developer/Xcode/DerivedData/CCAvenueIndiaSdkReactNativeExample-dmeqaxpselaggkfhomgslbamujbl/Build/Products/Debug-iphoneos/RCTSwiftUI -I /Users/prathamesh/Library/Developer/Xcode/DerivedData/CCAvenueIndiaSdkReactNativeExample-dmeqaxpselaggkfhomgslbamujbl/Build/Products/Debug-iphoneos/ccavenue-india-sdk-react-native -F /Users/prathamesh/Library/Developer/Xcode/DerivedData/CCAvenueIndiaSdkReactNativeExample-dmeqaxpselaggkfhomgslbamujbl/Build/Products/Debug-iphoneos -F /Users/prathamesh/StudioProjects/ccavenue-india-sdk-react-native/ios -F /Users/prathamesh/StudioProjects/ccavenue-india-sdk-react-native/example/ios/Pods/hermes-engine/destroot/Library/Frameworks/universal -F /Users/prathamesh/Library/Developer/Xcode/DerivedData/CCAvenueIndiaSdkReactNativeExample-dmeqaxpselaggkfhomgslbamujbl/Build/Products/Debug-iphoneos/XCFrameworkIntermediates/ccavenue-india-sdk-react-native -F /Users/prathamesh/Library/Developer/Xcode/DerivedData/CCAvenueIndiaSdkReactNativeExample-dmeqaxpselaggkfhomgslbamujbl/Build/Products/Debug-iphoneos/XCFrameworkIntermediates/hermes-engine/Pre-built -c -j8 -enable-batch-mode -incremental -Xcc -ivfsstatcache -Xcc /Users/prathamesh/Library/Developer/Xcode/DerivedData/SDKStatCaches.noindex/iphoneos26.2-23C53-3794476bd08197c3e2abd9bb477ef7f7.sdkstatcache -output-file-map /Users/prathamesh/Library/Developer/Xcode/DerivedData/CCAvenueIndiaSdkReactNativeExample-dmeqaxpselaggkfhomgslbamujbl/Build/Intermediates.noindex/CcavenueIndiaSdkReactNativeExample.build/Debug-iphoneos/CcavenueIndiaSdkReactNativeExample.build/Objects-normal/arm64/CcavenueIndiaSdkReactNativeExample-OutputFileMap.json -use-frontend-parseable-output -save-temps -no-color-diagnostics -explicit-module-build -module-cache-path /Users/prathamesh/Library/Developer/Xcode/DerivedData/CCAvenueIndiaSdkReactNativeExample-dmeqaxpselaggkfhomgslbamujbl/Build/Intermediates.noindex/SwiftExplicitPrecompiledModules -clang-scanner-module-cache-path /Users/prathamesh/Library/Developer/Xcode/DerivedData/ModuleCache.noindex -sdk-module-cache-path /Users/prathamesh/Library/Developer/Xcode/DerivedData/ModuleCache.noindex -serialize-diagnostics -emit-dependencies -emit-module -emit-module-path /Users/prathamesh/Library/Developer/Xcode/DerivedData/CCAvenueIndiaSdkReactNativeExample-dmeqaxpselaggkfhomgslbamujbl/Build/Intermediates.noindex/CcavenueIndiaSdkReactNativeExample.build/Debug-iphoneos/CcavenueIndiaSdkReactNativeExample.build/Objects-normal/arm64/CcavenueIndiaSdkReactNativeExample.swiftmodule -validate-clang-modules-once -clang-build-session-file /Users/prathamesh/Library/Developer/Xcode/DerivedData/ModuleCache.noindex/Session.modulevalidation -Xcc -I/Users/prathamesh/Library/Developer/Xcode/DerivedData/CCAvenueIndiaSdkReactNativeExample-dmeqaxpselaggkfhomgslbamujbl/Build/Intermediates.noindex/CcavenueIndiaSdkReactNativeExample.build/Debug-iphoneos/CcavenueIndiaSdkReactNativeExample.build/swift-overrides.hmap -emit-const-values -Xfrontend -const-gather-protocols-file -Xfrontend /Users/prathamesh/Library/Developer/Xcode/DerivedData/CCAvenueIndiaSdkReactNativeExample-dmeqaxpselaggkfhomgslbamujbl/Build/Intermediates.noindex/CcavenueIndiaSdkReactNativeExample.build/Debug-iphoneos/CcavenueIndiaSdkReactNativeExample.build/Objects-normal/arm64/CcavenueIndiaSdkReactNativeExample_const_extract_protocols.json -Xcc -iquote -Xcc /Users/prathamesh/Library/Developer/Xcode/DerivedData/CCAvenueIndiaSdkReactNativeExample-dmeqaxpselaggkfhomgslbamujbl/Build/Intermediates.noindex/CcavenueIndiaSdkReactNativeExample.build/Debug-iphoneos/CcavenueIndiaSdkReactNativeExample.build/CcavenueIndiaSdkReactNativeExample-generated-files.hmap -Xcc -I/Users/prathamesh/Library/Developer/Xcode/DerivedData/CCAvenueIndiaSdkReactNativeExample-dmeqaxpselaggkfhomgslbamujbl/Build/Intermediates.noindex/CcavenueIndiaSdkReactNativeExample.build/Debug-iphoneos/CcavenueIndiaSdkReactNativeExample.build/CcavenueIndiaSdkReactNativeExample-own-target-headers.hmap -Xcc -I/Users/prathamesh/Library/Developer/Xcode/DerivedData/CCAvenueIndiaSdkReactNativeExample-dmeqaxpselaggkfhomgslbamujbl/Build/Intermediates.noindex/CcavenueIndiaSdkReactNativeExample.build/Debug-iphoneos/CcavenueIndiaSdkReactNativeExample.build/CcavenueIndiaSdkReactNativeExample-all-non-framework-target-headers.hmap -Xcc -ivfsoverlay -Xcc /Users/prathamesh/Library/Developer/Xcode/DerivedData/CCAvenueIndiaSdkReactNativeExample-dmeqaxpselaggkfhomgslbamujbl/Build/Intermediates.noindex/CcavenueIndiaSdkReactNativeExample.build/Debug-iphoneos/CcavenueIndiaSdkReactNativeExample-f4d0f83ddeebca4fac7f81a26516de9b-VFS-iphoneos/all-product-headers.yaml -Xcc -iquote -Xcc /Users/prathamesh/Library/Developer/Xcode/DerivedData/CCAvenueIndiaSdkReactNativeExample-dmeqaxpselaggkfhomgslbamujbl/Build/Intermediates.noindex/CcavenueIndiaSdkReactNativeExample.build/Debug-iphoneos/CcavenueIndiaSdkReactNativeExample.build/CcavenueIndiaSdkReactNativeExample-project-headers.hmap -Xcc -I/Users/prathamesh/Library/Developer/Xcode/DerivedData/CCAvenueIndiaSdkReactNativeExample-dmeqaxpselaggkfhomgslbamujbl/Build/Products/Debug-iphoneos/include -Xcc -I/Users/prathamesh/StudioProjects/ccavenue-india-sdk-react-native/example/ios/Pods/Headers/Public -Xcc -I/Users/prathamesh/StudioProjects/ccavenue-india-sdk-react-native/example/ios/Pods/Headers/Public/DoubleConversion -Xcc -I/Users/prathamesh/StudioProjects/ccavenue-india-sdk-react-native/example/ios/Pods/Headers/Public/FBLazyVector -Xcc -I/Users/prathamesh/StudioProjects/ccavenue-india-sdk-react-native/example/ios/Pods/Headers/Public/RCT-Folly -Xcc -I/Users/prathamesh/StudioProjects/ccavenue-india-sdk-react-native/example/ios/Pods/Headers/Public/RCTDeprecation -Xcc -I/Users/prathamesh/StudioProjects/ccavenue-india-sdk-react-native/example/ios/Pods/Headers/Public/RCTRequired -Xcc -I/Users/prathamesh/StudioProjects/ccavenue-india-sdk-react-native/example/ios/Pods/Headers/Public/RCTSwiftUIWrapper -Xcc -I/Users/prathamesh/StudioProjects/ccavenue-india-sdk-react-native/example/ios/Pods/Headers/Public/RCTTypeSafety -Xcc -I/Users/prathamesh/StudioProjects/ccavenue-india-sdk-react-native/example/ios/Pods/Headers/Public/React-Core -Xcc -I/Users/prathamesh/StudioProjects/ccavenue-india-sdk-react-native/example/ios/Pods/Headers/Public/React-Fabric -Xcc -I/Users/prathamesh/StudioProjects/ccavenue-india-sdk-react-native/example/ios/Pods/Headers/Public/React-FabricComponents -Xcc -I/Users/prathamesh/StudioProjects/ccavenue-india-sdk-react-native/example/ios/Pods/Headers/Public/React-FabricImage -Xcc -I/Users/prathamesh/StudioProjects/ccavenue-india-sdk-react-native/example/ios/Pods/Headers/Public/React-ImageManager -Xcc -I/Users/prathamesh/StudioProjects/ccavenue-india-sdk-react-native/example/ios/Pods/Headers/Public/React-Mapbuffer -Xcc -I/Users/prathamesh/StudioProjects/ccavenue-india-sdk-react-native/example/ios/Pods/Headers/Public/React-NativeModulesApple -Xcc -I/Users/prathamesh/StudioProjects/ccavenue-india-sdk-react-native/example/ios/Pods/Headers/Public/React-RCTAnimation -Xcc -I/Users/prathamesh/StudioProjects/ccavenue-india-sdk-react-native/example/ios/Pods/Headers/Public/React-RCTAppDelegate -Xcc -I/Users/prathamesh/StudioProjects/ccavenue-india-sdk-react-native/example/ios/Pods/Headers/Public/React-RCTBlob -Xcc -I/Users/prathamesh/StudioProjects/ccavenue-india-sdk-react-native/example/ios/Pods/Headers/Public/React-RCTFBReactNativeSpec -Xcc -I/Users/prathamesh/StudioProjects/ccavenue-india-sdk-react-native/example/ios/Pods/Headers/Public/React-RCTFabric -Xcc -I/Users/prathamesh/StudioProjects/ccavenue-india-sdk-react-native/example/ios/Pods/Headers/Public/React-RCTRuntime -Xcc -I/Users/prathamesh/StudioProjects/ccavenue-india-sdk-react-native/example/ios/Pods/Headers/Public/React-RCTText -Xcc -I/Users/prathamesh/StudioProjects/ccavenue-india-sdk-react-native/example/ios/Pods/Headers/Public/React-RuntimeApple -Xcc -I/Users/prathamesh/StudioProjects/ccavenue-india-sdk-react-native/example/ios/Pods/Headers/Public/React-RuntimeCore -Xcc -I/Users/prathamesh/StudioProjects/ccavenue-india-sdk-react-native/example/ios/Pods/Headers/Public/React-RuntimeHermes -Xcc -I/Users/prathamesh/StudioProjects/ccavenue-india-sdk-react-native/example/ios/Pods/Headers/Public/React-callinvoker -Xcc -I/Users/prathamesh/StudioProjects/ccavenue-india-sdk-react-native/example/ios/Pods/Headers/Public/React-cxxreact -Xcc -I/Users/prathamesh/StudioProjects/ccavenue-india-sdk-react-native/example/ios/Pods/Headers/Public/React-debug -Xcc -I/Users/prathamesh/StudioProjects/ccavenue-india-sdk-react-native/example/ios/Pods/Headers/Public/React-defaultsnativemodule -Xcc -I/Users/prathamesh/StudioProjects/ccavenue-india-sdk-react-native/example/ios/Pods/Headers/Public/React-domnativemodule -Xcc -I/Users/prathamesh/StudioProjects/ccavenue-india-sdk-react-native/example/ios/Pods/Headers/Public/React-featureflags -Xcc -I/Users/prathamesh/StudioProjects/ccavenue-india-sdk-react-native/example/ios/Pods/Headers/Public/React-featureflagsnativemodule -Xcc -I/Users/prathamesh/StudioProjects/ccavenue-india-sdk-react-native/example/ios/Pods/Headers/Public/React-graphics -Xcc -I/Users/prathamesh/StudioProjects/ccavenue-india-sdk-react-native/example/ios/Pods/Headers/Public/React-hermes -Xcc -I/Users/prathamesh/StudioProjects/ccavenue-india-sdk-react-native/example/ios/Pods/Headers/Public/React-idlecallbacksnativemodule -Xcc -I/Users/prathamesh/StudioProjects/ccavenue-india-sdk-react-native/example/ios/Pods/Headers/Public/React-intersectionobservernativemodule -Xcc -I/Users/prathamesh/StudioProjects/ccavenue-india-sdk-react-native/example/ios/Pods/Headers/Public/React-jserrorhandler -Xcc -I/Users/prathamesh/StudioProjects/ccavenue-india-sdk-react-native/example/ios/Pods/Headers/Public/React-jsi -Xcc -I/Users/prathamesh/StudioProjects/ccavenue-india-sdk-react-native/example/ios/Pods/Headers/Public/React-jsiexecutor -Xcc -I/Users/prathamesh/StudioProjects/ccavenue-india-sdk-react-native/example/ios/Pods/Headers/Public/React-jsinspector -Xcc -I/Users/prathamesh/StudioProjects/ccavenue-india-sdk-react-native/example/ios/Pods/Headers/Public/React-jsinspectorcdp -Xcc -I/Users/prathamesh/StudioProjects/ccavenue-india-sdk-react-native/example/ios/Pods/Headers/Public/React-jsinspectornetwork -Xcc -I/Users/prathamesh/StudioProjects/ccavenue-india-sdk-react-native/example/ios/Pods/Headers/Public/React-jsinspectortracing -Xcc -I/Users/prathamesh/StudioProjects/ccavenue-india-sdk-react-native/example/ios/Pods/Headers/Public/React-jsitooling -Xcc -I/Users/prathamesh/StudioProjects/ccavenue-india-sdk-react-native/example/ios/Pods/Headers/Public/React-logger -Xcc -I/Users/prathamesh/StudioProjects/ccavenue-india-sdk-react-native/example/ios/Pods/Headers/Public/React-microtasksnativemodule -Xcc -I/Users/prathamesh/StudioProjects/ccavenue-india-sdk-react-native/example/ios/Pods/Headers/Public/React-networking -Xcc -I/Users/prathamesh/StudioProjects/ccavenue-india-sdk-react-native/example/ios/Pods/Headers/Public/React-oscompat -Xcc -I/Users/prathamesh/StudioProjects/ccavenue-india-sdk-react-native/example/ios/Pods/Headers/Public/React-perflogger -Xcc -I/Users/prathamesh/StudioProjects/ccavenue-india-sdk-react-native/example/ios/Pods/Headers/Public/React-performancecdpmetrics -Xcc -I/Users/prathamesh/StudioProjects/ccavenue-india-sdk-react-native/example/ios/Pods/Headers/Public/React-performancetimeline -Xcc -I/Users/prathamesh/StudioProjects/ccavenue-india-sdk-react-native/example/ios/Pods/Headers/Public/React-rendererconsistency -Xcc -I/Users/prathamesh/StudioProjects/ccavenue-india-sdk-react-native/example/ios/Pods/Headers/Public/React-renderercss -Xcc -I/Users/prathamesh/StudioProjects/ccavenue-india-sdk-react-native/example/ios/Pods/Headers/Public/React-rendererdebug -Xcc -I/Users/prathamesh/StudioProjects/ccavenue-india-sdk-react-native/example/ios/Pods/Headers/Public/React-runtimeexecutor -Xcc -I/Users/prathamesh/StudioProjects/ccavenue-india-sdk-react-native/example/ios/Pods/Headers/Public/React-runtimescheduler -Xcc -I/Users/prathamesh/StudioProjects/ccavenue-india-sdk-react-native/example/ios/Pods/Headers/Public/React-timing -Xcc -I/Users/prathamesh/StudioProjects/ccavenue-india-sdk-react-native/example/ios/Pods/Headers/Public/React-utils -Xcc -I/Users/prathamesh/StudioProjects/ccavenue-india-sdk-react-native/example/ios/Pods/Headers/Public/React-webperformancenativemodule -Xcc -I/Users/prathamesh/StudioProjects/ccavenue-india-sdk-react-native/example/ios/Pods/Headers/Public/ReactAppDependencyProvider -Xcc -I/Users/prathamesh/StudioProjects/ccavenue-india-sdk-react-native/example/ios/Pods/Headers/Public/ReactCodegen -Xcc -I/Users/prathamesh/StudioProjects/ccavenue-india-sdk-react-native/example/ios/Pods/Headers/Public/ReactCommon -Xcc -I/Users/prathamesh/StudioProjects/ccavenue-india-sdk-react-native/example/ios/Pods/Headers/Public/SocketRocket -Xcc -I/Users/prathamesh/StudioProjects/ccavenue-india-sdk-react-native/example/ios/Pods/Headers/Public/Yoga -Xcc -I/Users/prathamesh/StudioProjects/ccavenue-india-sdk-react-native/example/ios/Pods/Headers/Public/boost -Xcc -I/Users/prathamesh/StudioProjects/ccavenue-india-sdk-react-native/example/ios/Pods/Headers/Public/fast_float -Xcc -I/Users/prathamesh/StudioProjects/ccavenue-india-sdk-react-native/example/ios/Pods/Headers/Public/fmt -Xcc -I/Users/prathamesh/StudioProjects/ccavenue-india-sdk-react-native/example/ios/Pods/Headers/Public/glog -Xcc -I/Users/prathamesh/StudioProjects/ccavenue-india-sdk-react-native/example/ios/Pods/Headers/Public/hermes-engine -Xcc -I/Users/prathamesh/StudioProjects/ccavenue-india-sdk-react-native/example/ios/Pods/DoubleConversion -Xcc -I/Users/prathamesh/StudioProjects/ccavenue-india-sdk-react-native/example/ios/Pods/boost -Xcc -I/Users/prathamesh/StudioProjects/ccavenue-india-sdk-react-native/example/ios/Pods/Headers/Private/React-Core -Xcc -I/Users/prathamesh/StudioProjects/ccavenue-india-sdk-react-native/example/ios/Pods/Headers/Private/React-Core -Xcc -I/Users/prathamesh/StudioProjects/ccavenue-india-sdk-react-native/example/ios/Pods/Headers/Private/Yoga -Xcc -I/Users/prathamesh/Library/Developer/Xcode/DerivedData/CCAvenueIndiaSdkReactNativeExample-dmeqaxpselaggkfhomgslbamujbl/Build/Intermediates.noindex/CcavenueIndiaSdkReactNativeExample.build/Debug-iphoneos/CcavenueIndiaSdkReactNativeExample.build/DerivedSources-normal/arm64 -Xcc -I/Users/prathamesh/Library/Developer/Xcode/DerivedData/CCAvenueIndiaSdkReactNativeExample-dmeqaxpselaggkfhomgslbamujbl/Build/Intermediates.noindex/CcavenueIndiaSdkReactNativeExample.build/Debug-iphoneos/CcavenueIndiaSdkReactNativeExample.build/DerivedSources/arm64 -Xcc -I/Users/prathamesh/Library/Developer/Xcode/DerivedData/CCAvenueIndiaSdkReactNativeExample-dmeqaxpselaggkfhomgslbamujbl/Build/Intermediates.noindex/CcavenueIndiaSdkReactNativeExample.build/Debug-iphoneos/CcavenueIndiaSdkReactNativeExample.build/DerivedSources -Xcc -DDEBUG\=1 -Xcc -DCOCOAPODS\=1 -emit-objc-header -emit-objc-header-path /Users/prathamesh/Library/Developer/Xcode/DerivedData/CCAvenueIndiaSdkReactNativeExample-dmeqaxpselaggkfhomgslbamujbl/Build/Intermediates.noindex/CcavenueIndiaSdkReactNativeExample.build/Debug-iphoneos/CcavenueIndiaSdkReactNativeExample.build/Objects-normal/arm64/CcavenueIndiaSdkReactNativeExample-Swift.h -working-directory /Users/prathamesh/StudioProjects/ccavenue-india-sdk-react-native/example/ios -experimental-emit-module-separately -disable-cmo

SwiftMergeGeneratedHeaders /Users/prathamesh/Library/Developer/Xcode/DerivedData/CCAvenueIndiaSdkReactNativeExample-dmeqaxpselaggkfhomgslbamujbl/Build/Intermediates.noindex/CcavenueIndiaSdkReactNativeExample.build/Debug-iphoneos/CcavenueIndiaSdkReactNativeExample.build/DerivedSources/CcavenueIndiaSdkReactNativeExample-Swift.h /Users/prathamesh/Library/Developer/Xcode/DerivedData/CCAvenueIndiaSdkReactNativeExample-dmeqaxpselaggkfhomgslbamujbl/Build/Intermediates.noindex/CcavenueIndiaSdkReactNativeExample.build/Debug-iphoneos/CcavenueIndiaSdkReactNativeExample.build/Objects-normal/arm64/CcavenueIndiaSdkReactNativeExample-Swift.h (in target 'CcavenueIndiaSdkReactNativeExample' from project 'CcavenueIndiaSdkReactNativeExample')
    cd /Users/prathamesh/StudioProjects/ccavenue-india-sdk-react-native/example/ios
    builtin-swiftHeaderTool -arch arm64 /Users/prathamesh/Library/Developer/Xcode/DerivedData/CCAvenueIndiaSdkReactNativeExample-dmeqaxpselaggkfhomgslbamujbl/Build/Intermediates.noindex/CcavenueIndiaSdkReactNativeExample.build/Debug-iphoneos/CcavenueIndiaSdkReactNativeExample.build/Objects-normal/arm64/CcavenueIndiaSdkReactNativeExample-Swift.h -o /Users/prathamesh/Library/Developer/Xcode/DerivedData/CCAvenueIndiaSdkReactNativeExample-dmeqaxpselaggkfhomgslbamujbl/Build/Intermediates.noindex/CcavenueIndiaSdkReactNativeExample.build/Debug-iphoneos/CcavenueIndiaSdkReactNativeExample.build/DerivedSources/CcavenueIndiaSdkReactNativeExample-Swift.h

Copy /Users/prathamesh/Library/Developer/Xcode/DerivedData/CCAvenueIndiaSdkReactNativeExample-dmeqaxpselaggkfhomgslbamujbl/Build/Products/Debug-iphoneos/CcavenueIndiaSdkReactNativeExample.swiftmodule/arm64-apple-ios.swiftdoc /Users/prathamesh/Library/Developer/Xcode/DerivedData/CCAvenueIndiaSdkReactNativeExample-dmeqaxpselaggkfhomgslbamujbl/Build/Intermediates.noindex/CcavenueIndiaSdkReactNativeExample.build/Debug-iphoneos/CcavenueIndiaSdkReactNativeExample.build/Objects-normal/arm64/CcavenueIndiaSdkReactNativeExample.swiftdoc (in target 'CcavenueIndiaSdkReactNativeExample' from project 'CcavenueIndiaSdkReactNativeExample')
    cd /Users/prathamesh/StudioProjects/ccavenue-india-sdk-react-native/example/ios
    builtin-copy -exclude .DS_Store -exclude CVS -exclude .svn -exclude .git -exclude .hg -resolve-src-symlinks -rename /Users/prathamesh/Library/Developer/Xcode/DerivedData/CCAvenueIndiaSdkReactNativeExample-dmeqaxpselaggkfhomgslbamujbl/Build/Intermediates.noindex/CcavenueIndiaSdkReactNativeExample.build/Debug-iphoneos/CcavenueIndiaSdkReactNativeExample.build/Objects-normal/arm64/CcavenueIndiaSdkReactNativeExample.swiftdoc /Users/prathamesh/Library/Developer/Xcode/DerivedData/CCAvenueIndiaSdkReactNativeExample-dmeqaxpselaggkfhomgslbamujbl/Build/Products/Debug-iphoneos/CcavenueIndiaSdkReactNativeExample.swiftmodule/arm64-apple-ios.swiftdoc

Copy /Users/prathamesh/Library/Developer/Xcode/DerivedData/CCAvenueIndiaSdkReactNativeExample-dmeqaxpselaggkfhomgslbamujbl/Build/Products/Debug-iphoneos/CcavenueIndiaSdkReactNativeExample.swiftmodule/arm64-apple-ios.swiftmodule /Users/prathamesh/Library/Developer/Xcode/DerivedData/CCAvenueIndiaSdkReactNativeExample-dmeqaxpselaggkfhomgslbamujbl/Build/Intermediates.noindex/CcavenueIndiaSdkReactNativeExample.build/Debug-iphoneos/CcavenueIndiaSdkReactNativeExample.build/Objects-normal/arm64/CcavenueIndiaSdkReactNativeExample.swiftmodule (in target 'CcavenueIndiaSdkReactNativeExample' from project 'CcavenueIndiaSdkReactNativeExample')
    cd /Users/prathamesh/StudioProjects/ccavenue-india-sdk-react-native/example/ios
    builtin-copy -exclude .DS_Store -exclude CVS -exclude .svn -exclude .git -exclude .hg -resolve-src-symlinks -rename /Users/prathamesh/Library/Developer/Xcode/DerivedData/CCAvenueIndiaSdkReactNativeExample-dmeqaxpselaggkfhomgslbamujbl/Build/Intermediates.noindex/CcavenueIndiaSdkReactNativeExample.build/Debug-iphoneos/CcavenueIndiaSdkReactNativeExample.build/Objects-normal/arm64/CcavenueIndiaSdkReactNativeExample.swiftmodule /Users/prathamesh/Library/Developer/Xcode/DerivedData/CCAvenueIndiaSdkReactNativeExample-dmeqaxpselaggkfhomgslbamujbl/Build/Products/Debug-iphoneos/CcavenueIndiaSdkReactNativeExample.swiftmodule/arm64-apple-ios.swiftmodule

Copy /Users/prathamesh/Library/Developer/Xcode/DerivedData/CCAvenueIndiaSdkReactNativeExample-dmeqaxpselaggkfhomgslbamujbl/Build/Products/Debug-iphoneos/CcavenueIndiaSdkReactNativeExample.swiftmodule/Project/arm64-apple-ios.swiftsourceinfo /Users/prathamesh/Library/Developer/Xcode/DerivedData/CCAvenueIndiaSdkReactNativeExample-dmeqaxpselaggkfhomgslbamujbl/Build/Intermediates.noindex/CcavenueIndiaSdkReactNativeExample.build/Debug-iphoneos/CcavenueIndiaSdkReactNativeExample.build/Objects-normal/arm64/CcavenueIndiaSdkReactNativeExample.swiftsourceinfo (in target 'CcavenueIndiaSdkReactNativeExample' from project 'CcavenueIndiaSdkReactNativeExample')
    cd /Users/prathamesh/StudioProjects/ccavenue-india-sdk-react-native/example/ios
    builtin-copy -exclude .DS_Store -exclude CVS -exclude .svn -exclude .git -exclude .hg -resolve-src-symlinks -rename /Users/prathamesh/Library/Developer/Xcode/DerivedData/CCAvenueIndiaSdkReactNativeExample-dmeqaxpselaggkfhomgslbamujbl/Build/Intermediates.noindex/CcavenueIndiaSdkReactNativeExample.build/Debug-iphoneos/CcavenueIndiaSdkReactNativeExample.build/Objects-normal/arm64/CcavenueIndiaSdkReactNativeExample.swiftsourceinfo /Users/prathamesh/Library/Developer/Xcode/DerivedData/CCAvenueIndiaSdkReactNativeExample-dmeqaxpselaggkfhomgslbamujbl/Build/Products/Debug-iphoneos/CcavenueIndiaSdkReactNativeExample.swiftmodule/Project/arm64-apple-ios.swiftsourceinfo

Copy /Users/prathamesh/Library/Developer/Xcode/DerivedData/CCAvenueIndiaSdkReactNativeExample-dmeqaxpselaggkfhomgslbamujbl/Build/Products/Debug-iphoneos/CcavenueIndiaSdkReactNativeExample.swiftmodule/arm64-apple-ios.abi.json /Users/prathamesh/Library/Developer/Xcode/DerivedData/CCAvenueIndiaSdkReactNativeExample-dmeqaxpselaggkfhomgslbamujbl/Build/Intermediates.noindex/CcavenueIndiaSdkReactNativeExample.build/Debug-iphoneos/CcavenueIndiaSdkReactNativeExample.build/Objects-normal/arm64/CcavenueIndiaSdkReactNativeExample.abi.json (in target 'CcavenueIndiaSdkReactNativeExample' from project 'CcavenueIndiaSdkReactNativeExample')
    cd /Users/prathamesh/StudioProjects/ccavenue-india-sdk-react-native/example/ios
    builtin-copy -exclude .DS_Store -exclude CVS -exclude .svn -exclude .git -exclude .hg -resolve-src-symlinks -rename /Users/prathamesh/Library/Developer/Xcode/DerivedData/CCAvenueIndiaSdkReactNativeExample-dmeqaxpselaggkfhomgslbamujbl/Build/Intermediates.noindex/CcavenueIndiaSdkReactNativeExample.build/Debug-iphoneos/CcavenueIndiaSdkReactNativeExample.build/Objects-normal/arm64/CcavenueIndiaSdkReactNativeExample.abi.json /Users/prathamesh/Library/Developer/Xcode/DerivedData/CCAvenueIndiaSdkReactNativeExample-dmeqaxpselaggkfhomgslbamujbl/Build/Products/Debug-iphoneos/CcavenueIndiaSdkReactNativeExample.swiftmodule/arm64-apple-ios.abi.json

ScanDependencies /Users/prathamesh/Library/Developer/Xcode/DerivedData/CCAvenueIndiaSdkReactNativeExample-dmeqaxpselaggkfhomgslbamujbl/Build/Intermediates.noindex/CcavenueIndiaSdkReactNativeExample.build/Debug-iphoneos/CcavenueIndiaSdkReactNativeExample.build/Objects-normal/arm64/CcavenueIndiaSdkReactNativeExample_vers.o /Users/prathamesh/Library/Developer/Xcode/DerivedData/CCAvenueIndiaSdkReactNativeExample-dmeqaxpselaggkfhomgslbamujbl/Build/Intermediates.noindex/CcavenueIndiaSdkReactNativeExample.build/Debug-iphoneos/CcavenueIndiaSdkReactNativeExample.build/DerivedSources/CcavenueIndiaSdkReactNativeExample_vers.c normal arm64 c com.apple.compilers.llvm.clang.1_0.compiler (in target 'CcavenueIndiaSdkReactNativeExample' from project 'CcavenueIndiaSdkReactNativeExample')
    cd /Users/prathamesh/StudioProjects/ccavenue-india-sdk-react-native/example/ios
    
    Using response file: /Users/prathamesh/Library/Developer/Xcode/DerivedData/CCAvenueIndiaSdkReactNativeExample-dmeqaxpselaggkfhomgslbamujbl/Build/Intermediates.noindex/CcavenueIndiaSdkReactNativeExample.build/Debug-iphoneos/CcavenueIndiaSdkReactNativeExample.build/Objects-normal/arm64/7187679823f38a2a940e0043cdf9d637-common-args.resp
    
    builtin-ScanDependencies -o /Users/prathamesh/Library/Developer/Xcode/DerivedData/CCAvenueIndiaSdkReactNativeExample-dmeqaxpselaggkfhomgslbamujbl/Build/Intermediates.noindex/CcavenueIndiaSdkReactNativeExample.build/Debug-iphoneos/CcavenueIndiaSdkReactNativeExample.build/Objects-normal/arm64/CcavenueIndiaSdkReactNativeExample_vers.o.scan -- /Applications/Xcode.app/Contents/Developer/Toolchains/XcodeDefault.xctoolchain/usr/bin/clang -x c -ivfsstatcache /Users/prathamesh/Library/Developer/Xcode/DerivedData/SDKStatCaches.noindex/iphoneos26.2-23C53-3794476bd08197c3e2abd9bb477ef7f7.sdkstatcache -fmessage-length\=0 -fdiagnostics-show-note-include-stack -fmacro-backtrace-limit\=0 -fno-color-diagnostics -fmodules-prune-interval\=86400 -fmodules-prune-after\=345600 -fbuild-session-file\=/Users/prathamesh/Library/Developer/Xcode/DerivedData/ModuleCache.noindex/Session.modulevalidation -fmodules-validate-once-per-build-session -Wnon-modular-include-in-framework-module -Werror\=non-modular-include-in-framework-module -Wno-trigraphs -Wno-missing-field-initializers -Wno-missing-prototypes -Werror\=return-type -Wunreachable-code -Werror\=deprecated-objc-isa-usage -Werror\=objc-root-class -Wno-missing-braces -Wparentheses -Wswitch -Wunused-function -Wno-unused-label -Wno-unused-parameter -Wunused-variable -Wunused-value -Wempty-body -Wuninitialized -Wconditional-uninitialized -Wno-unknown-pragmas -Wno-shadow -Wno-four-char-constants -Wno-conversion -Wconstant-conversion -Wint-conversion -Wbool-conversion -Wenum-conversion -Wno-float-conversion -Wnon-literal-null-conversion -Wobjc-literal-conversion -Wshorten-64-to-32 -Wpointer-sign -Wno-newline-eof -Wno-implicit-fallthrough -fstrict-aliasing -Wdeprecated-declarations -Wno-sign-conversion -Winfinite-recursion -Wcomma -Wblock-capture-autoreleasing -Wstrict-prototypes -Wno-semicolon-before-method-body -index-store-path /Users/prathamesh/Library/Developer/Xcode/DerivedData/CCAvenueIndiaSdkReactNativeExample-dmeqaxpselaggkfhomgslbamujbl/Index.noindex/DataStore @/Users/prathamesh/Library/Developer/Xcode/DerivedData/CCAvenueIndiaSdkReactNativeExample-dmeqaxpselaggkfhomgslbamujbl/Build/Intermediates.noindex/CcavenueIndiaSdkReactNativeExample.build/Debug-iphoneos/CcavenueIndiaSdkReactNativeExample.build/Objects-normal/arm64/7187679823f38a2a940e0043cdf9d637-common-args.resp -MMD -MT dependencies -MF /Users/prathamesh/Library/Developer/Xcode/DerivedData/CCAvenueIndiaSdkReactNativeExample-dmeqaxpselaggkfhomgslbamujbl/Build/Intermediates.noindex/CcavenueIndiaSdkReactNativeExample.build/Debug-iphoneos/CcavenueIndiaSdkReactNativeExample.build/Objects-normal/arm64/CcavenueIndiaSdkReactNativeExample_vers.d --serialize-diagnostics /Users/prathamesh/Library/Developer/Xcode/DerivedData/CCAvenueIndiaSdkReactNativeExample-dmeqaxpselaggkfhomgslbamujbl/Build/Intermediates.noindex/CcavenueIndiaSdkReactNativeExample.build/Debug-iphoneos/CcavenueIndiaSdkReactNativeExample.build/Objects-normal/arm64/CcavenueIndiaSdkReactNativeExample_vers.dia -c /Users/prathamesh/Library/Developer/Xcode/DerivedData/CCAvenueIndiaSdkReactNativeExample-dmeqaxpselaggkfhomgslbamujbl/Build/Intermediates.noindex/CcavenueIndiaSdkReactNativeExample.build/Debug-iphoneos/CcavenueIndiaSdkReactNativeExample.build/DerivedSources/CcavenueIndiaSdkReactNativeExample_vers.c -o /Users/prathamesh/Library/Developer/Xcode/DerivedData/CCAvenueIndiaSdkReactNativeExample-dmeqaxpselaggkfhomgslbamujbl/Build/Intermediates.noindex/CcavenueIndiaSdkReactNativeExample.build/Debug-iphoneos/CcavenueIndiaSdkReactNativeExample.build/Objects-normal/arm64/CcavenueIndiaSdkReactNativeExample_vers.o -index-unit-output-path /CcavenueIndiaSdkReactNativeExample.build/Debug-iphoneos/CcavenueIndiaSdkReactNativeExample.build/Objects-normal/arm64/CcavenueIndiaSdkReactNativeExample_vers.o

CompileC /Users/prathamesh/Library/Developer/Xcode/DerivedData/CCAvenueIndiaSdkReactNativeExample-dmeqaxpselaggkfhomgslbamujbl/Build/Intermediates.noindex/CcavenueIndiaSdkReactNativeExample.build/Debug-iphoneos/CcavenueIndiaSdkReactNativeExample.build/Objects-normal/arm64/CcavenueIndiaSdkReactNativeExample_vers.o /Users/prathamesh/Library/Developer/Xcode/DerivedData/CCAvenueIndiaSdkReactNativeExample-dmeqaxpselaggkfhomgslbamujbl/Build/Intermediates.noindex/CcavenueIndiaSdkReactNativeExample.build/Debug-iphoneos/CcavenueIndiaSdkReactNativeExample.build/DerivedSources/CcavenueIndiaSdkReactNativeExample_vers.c normal arm64 c com.apple.compilers.llvm.clang.1_0.compiler (in target 'CcavenueIndiaSdkReactNativeExample' from project 'CcavenueIndiaSdkReactNativeExample')
    cd /Users/prathamesh/StudioProjects/ccavenue-india-sdk-react-native/example/ios
    
    Using response file: /Users/prathamesh/Library/Developer/Xcode/DerivedData/CCAvenueIndiaSdkReactNativeExample-dmeqaxpselaggkfhomgslbamujbl/Build/Intermediates.noindex/CcavenueIndiaSdkReactNativeExample.build/Debug-iphoneos/CcavenueIndiaSdkReactNativeExample.build/Objects-normal/arm64/7187679823f38a2a940e0043cdf9d637-common-args.resp
    
    /Applications/Xcode.app/Contents/Developer/Toolchains/XcodeDefault.xctoolchain/usr/bin/clang -x c -ivfsstatcache /Users/prathamesh/Library/Developer/Xcode/DerivedData/SDKStatCaches.noindex/iphoneos26.2-23C53-3794476bd08197c3e2abd9bb477ef7f7.sdkstatcache -fmessage-length\=0 -fdiagnostics-show-note-include-stack -fmacro-backtrace-limit\=0 -fno-color-diagnostics -fmodules-prune-interval\=86400 -fmodules-prune-after\=345600 -fbuild-session-file\=/Users/prathamesh/Library/Developer/Xcode/DerivedData/ModuleCache.noindex/Session.modulevalidation -fmodules-validate-once-per-build-session -Wnon-modular-include-in-framework-module -Werror\=non-modular-include-in-framework-module -Wno-trigraphs -Wno-missing-field-initializers -Wno-missing-prototypes -Werror\=return-type -Wunreachable-code -Werror\=deprecated-objc-isa-usage -Werror\=objc-root-class -Wno-missing-braces -Wparentheses -Wswitch -Wunused-function -Wno-unused-label -Wno-unused-parameter -Wunused-variable -Wunused-value -Wempty-body -Wuninitialized -Wconditional-uninitialized -Wno-unknown-pragmas -Wno-shadow -Wno-four-char-constants -Wno-conversion -Wconstant-conversion -Wint-conversion -Wbool-conversion -Wenum-conversion -Wno-float-conversion -Wnon-literal-null-conversion -Wobjc-literal-conversion -Wshorten-64-to-32 -Wpointer-sign -Wno-newline-eof -Wno-implicit-fallthrough -fstrict-aliasing -Wdeprecated-declarations -Wno-sign-conversion -Winfinite-recursion -Wcomma -Wblock-capture-autoreleasing -Wstrict-prototypes -Wno-semicolon-before-method-body -index-store-path /Users/prathamesh/Library/Developer/Xcode/DerivedData/CCAvenueIndiaSdkReactNativeExample-dmeqaxpselaggkfhomgslbamujbl/Index.noindex/DataStore @/Users/prathamesh/Library/Developer/Xcode/DerivedData/CCAvenueIndiaSdkReactNativeExample-dmeqaxpselaggkfhomgslbamujbl/Build/Intermediates.noindex/CcavenueIndiaSdkReactNativeExample.build/Debug-iphoneos/CcavenueIndiaSdkReactNativeExample.build/Objects-normal/arm64/7187679823f38a2a940e0043cdf9d637-common-args.resp -MMD -MT dependencies -MF /Users/prathamesh/Library/Developer/Xcode/DerivedData/CCAvenueIndiaSdkReactNativeExample-dmeqaxpselaggkfhomgslbamujbl/Build/Intermediates.noindex/CcavenueIndiaSdkReactNativeExample.build/Debug-iphoneos/CcavenueIndiaSdkReactNativeExample.build/Objects-normal/arm64/CcavenueIndiaSdkReactNativeExample_vers.d --serialize-diagnostics /Users/prathamesh/Library/Developer/Xcode/DerivedData/CCAvenueIndiaSdkReactNativeExample-dmeqaxpselaggkfhomgslbamujbl/Build/Intermediates.noindex/CcavenueIndiaSdkReactNativeExample.build/Debug-iphoneos/CcavenueIndiaSdkReactNativeExample.build/Objects-normal/arm64/CcavenueIndiaSdkReactNativeExample_vers.dia -c /Users/prathamesh/Library/Developer/Xcode/DerivedData/CCAvenueIndiaSdkReactNativeExample-dmeqaxpselaggkfhomgslbamujbl/Build/Intermediates.noindex/CcavenueIndiaSdkReactNativeExample.build/Debug-iphoneos/CcavenueIndiaSdkReactNativeExample.build/DerivedSources/CcavenueIndiaSdkReactNativeExample_vers.c -o /Users/prathamesh/Library/Developer/Xcode/DerivedData/CCAvenueIndiaSdkReactNativeExample-dmeqaxpselaggkfhomgslbamujbl/Build/Intermediates.noindex/CcavenueIndiaSdkReactNativeExample.build/Debug-iphoneos/CcavenueIndiaSdkReactNativeExample.build/Objects-normal/arm64/CcavenueIndiaSdkReactNativeExample_vers.o -index-unit-output-path /CcavenueIndiaSdkReactNativeExample.build/Debug-iphoneos/CcavenueIndiaSdkReactNativeExample.build/Objects-normal/arm64/CcavenueIndiaSdkReactNativeExample_vers.o

LinkStoryboards (in target 'CcavenueIndiaSdkReactNativeExample' from project 'CcavenueIndiaSdkReactNativeExample')
    cd /Users/prathamesh/StudioProjects/ccavenue-india-sdk-react-native/example/ios
    /Applications/Xcode.app/Contents/Developer/usr/bin/ibtool --errors --warnings --notices --module CcavenueIndiaSdkReactNativeExample --target-device iphone --minimum-deployment-target 15.1 --output-format human-readable-text --link /Users/prathamesh/Library/Developer/Xcode/DerivedData/CCAvenueIndiaSdkReactNativeExample-dmeqaxpselaggkfhomgslbamujbl/Build/Products/Debug-iphoneos/CcavenueIndiaSdkReactNativeExample.app /Users/prathamesh/Library/Developer/Xcode/DerivedData/CCAvenueIndiaSdkReactNativeExample-dmeqaxpselaggkfhomgslbamujbl/Build/Intermediates.noindex/CcavenueIndiaSdkReactNativeExample.build/Debug-iphoneos/CcavenueIndiaSdkReactNativeExample.build/LaunchScreen.storyboardc

ProcessInfoPlistFile /Users/prathamesh/Library/Developer/Xcode/DerivedData/CCAvenueIndiaSdkReactNativeExample-dmeqaxpselaggkfhomgslbamujbl/Build/Products/Debug-iphoneos/CcavenueIndiaSdkReactNativeExample.app/Info.plist /Users/prathamesh/StudioProjects/ccavenue-india-sdk-react-native/example/ios/CcavenueIndiaSdkReactNativeExample/Info.plist (in target 'CcavenueIndiaSdkReactNativeExample' from project 'CcavenueIndiaSdkReactNativeExample')
    cd /Users/prathamesh/StudioProjects/ccavenue-india-sdk-react-native/example/ios
    builtin-infoPlistUtility /Users/prathamesh/StudioProjects/ccavenue-india-sdk-react-native/example/ios/CcavenueIndiaSdkReactNativeExample/Info.plist -producttype com.apple.product-type.application -genpkginfo /Users/prathamesh/Library/Developer/Xcode/DerivedData/CCAvenueIndiaSdkReactNativeExample-dmeqaxpselaggkfhomgslbamujbl/Build/Products/Debug-iphoneos/CcavenueIndiaSdkReactNativeExample.app/PkgInfo -expandbuildsettings -format binary -platform iphoneos -additionalcontentfile /Users/prathamesh/Library/Developer/Xcode/DerivedData/CCAvenueIndiaSdkReactNativeExample-dmeqaxpselaggkfhomgslbamujbl/Build/Intermediates.noindex/CcavenueIndiaSdkReactNativeExample.build/Debug-iphoneos/CcavenueIndiaSdkReactNativeExample.build/LaunchScreen-SBPartialInfo.plist -additionalcontentfile /Users/prathamesh/Library/Developer/Xcode/DerivedData/CCAvenueIndiaSdkReactNativeExample-dmeqaxpselaggkfhomgslbamujbl/Build/Intermediates.noindex/CcavenueIndiaSdkReactNativeExample.build/Debug-iphoneos/CcavenueIndiaSdkReactNativeExample.build/assetcatalog_generated_info.plist -requiredArchitecture arm64 -o /Users/prathamesh/Library/Developer/Xcode/DerivedData/CCAvenueIndiaSdkReactNativeExample-dmeqaxpselaggkfhomgslbamujbl/Build/Products/Debug-iphoneos/CcavenueIndiaSdkReactNativeExample.app/Info.plist
warning: The value for NSLocationWhenInUseUsageDescription must be a non-empty string. (in target 'CcavenueIndiaSdkReactNativeExample' from project 'CcavenueIndiaSdkReactNativeExample')

SwiftDriverJobDiscovery normal arm64 Compiling GeneratedAssetSymbols.swift (in target 'CcavenueIndiaSdkReactNativeExample' from project 'CcavenueIndiaSdkReactNativeExample')

SwiftDriverJobDiscovery normal arm64 Compiling AppDelegate.swift (in target 'CcavenueIndiaSdkReactNativeExample' from project 'CcavenueIndiaSdkReactNativeExample')

SwiftDriver\ Compilation CcavenueIndiaSdkReactNativeExample normal arm64 com.apple.xcode.tools.swift.compiler (in target 'CcavenueIndiaSdkReactNativeExample' from project 'CcavenueIndiaSdkReactNativeExample')
    cd /Users/prathamesh/StudioProjects/ccavenue-india-sdk-react-native/example/ios
    builtin-Swift-Compilation -- /Applications/Xcode.app/Contents/Developer/Toolchains/XcodeDefault.xctoolchain/usr/bin/swiftc -module-name CcavenueIndiaSdkReactNativeExample -Onone -enforce-exclusivity\=checked @/Users/prathamesh/Library/Developer/Xcode/DerivedData/CCAvenueIndiaSdkReactNativeExample-dmeqaxpselaggkfhomgslbamujbl/Build/Intermediates.noindex/CcavenueIndiaSdkReactNativeExample.build/Debug-iphoneos/CcavenueIndiaSdkReactNativeExample.build/Objects-normal/arm64/CcavenueIndiaSdkReactNativeExample.SwiftFileList -DDEBUG -D COCOAPODS -Xcc -fmodule-map-file\=/Users/prathamesh/Library/Developer/Xcode/DerivedData/CCAvenueIndiaSdkReactNativeExample-dmeqaxpselaggkfhomgslbamujbl/Build/Products/Debug-iphoneos/RCTSwiftUI/RCTSwiftUI.modulemap -Xcc -fmodule-map-file\=/Users/prathamesh/Library/Developer/Xcode/DerivedData/CCAvenueIndiaSdkReactNativeExample-dmeqaxpselaggkfhomgslbamujbl/Build/Products/Debug-iphoneos/ccavenue-india-sdk-react-native/ccavenue_india_sdk_react_native.modulemap -Xcc -fmodule-map-file\=/Users/prathamesh/StudioProjects/ccavenue-india-sdk-react-native/example/ios/Pods/Headers/Public/DoubleConversion/DoubleConversion.modulemap -Xcc -fmodule-map-file\=/Users/prathamesh/StudioProjects/ccavenue-india-sdk-react-native/example/ios/Pods/Headers/Public/RCTDeprecation/RCTDeprecation.modulemap -Xcc -fmodule-map-file\=/Users/prathamesh/StudioProjects/ccavenue-india-sdk-react-native/example/ios/Pods/Headers/Public/RCTFabric/React-RCTFabric.modulemap -Xcc -fmodule-map-file\=/Users/prathamesh/StudioProjects/ccavenue-india-sdk-react-native/example/ios/Pods/Headers/Public/RCTImage/React-RCTImage.modulemap -Xcc -fmodule-map-file\=/Users/prathamesh/StudioProjects/ccavenue-india-sdk-react-native/example/ios/Pods/Headers/Public/RCTRuntime/React-RCTRuntime.modulemap -Xcc -fmodule-map-file\=/Users/prathamesh/StudioProjects/ccavenue-india-sdk-react-native/example/ios/Pods/Headers/Public/RCTTypeSafety/RCTTypeSafety.modulemap -Xcc -fmodule-map-file\=/Users/prathamesh/StudioProjects/ccavenue-india-sdk-react-native/example/ios/Pods/Headers/Public/React/React-Core.modulemap -Xcc -fmodule-map-file\=/Users/prathamesh/StudioProjects/ccavenue-india-sdk-react-native/example/ios/Pods/Headers/Public/ReactAppDependencyProvider/ReactAppDependencyProvider.modulemap -Xcc -fmodule-map-file\=/Users/prathamesh/StudioProjects/ccavenue-india-sdk-react-native/example/ios/Pods/Headers/Public/ReactCodegen/ReactCodegen.modulemap -Xcc -fmodule-map-file\=/Users/prathamesh/StudioProjects/ccavenue-india-sdk-react-native/example/ios/Pods/Headers/Public/ReactCommon/ReactCommon.modulemap -Xcc -fmodule-map-file\=/Users/prathamesh/StudioProjects/ccavenue-india-sdk-react-native/example/ios/Pods/Headers/Public/React_Fabric/React-Fabric.modulemap -Xcc -fmodule-map-file\=/Users/prathamesh/StudioProjects/ccavenue-india-sdk-react-native/example/ios/Pods/Headers/Public/React_FabricComponents/React-FabricComponents.modulemap -Xcc -fmodule-map-file\=/Users/prathamesh/StudioProjects/ccavenue-india-sdk-react-native/example/ios/Pods/Headers/Public/React_NativeModulesApple/React-NativeModulesApple.modulemap -Xcc -fmodule-map-file\=/Users/prathamesh/StudioProjects/ccavenue-india-sdk-react-native/example/ios/Pods/Headers/Public/React_RCTAppDelegate/React-RCTAppDelegate.modulemap -Xcc -fmodule-map-file\=/Users/prathamesh/StudioProjects/ccavenue-india-sdk-react-native/example/ios/Pods/Headers/Public/React_runtimeexecutor/React-runtimeexecutor.modulemap -Xcc -fmodule-map-file\=/Users/prathamesh/StudioProjects/ccavenue-india-sdk-react-native/example/ios/Pods/Headers/Public/SocketRocket/SocketRocket.modulemap -Xcc -fmodule-map-file\=/Users/prathamesh/StudioProjects/ccavenue-india-sdk-react-native/example/ios/Pods/Headers/Public/fmt/fmt.modulemap -Xcc -fmodule-map-file\=/Users/prathamesh/StudioProjects/ccavenue-india-sdk-react-native/example/ios/Pods/Headers/Public/folly/RCT-Folly.modulemap -Xcc -fmodule-map-file\=/Users/prathamesh/StudioProjects/ccavenue-india-sdk-react-native/example/ios/Pods/Headers/Public/glog/glog.modulemap -Xcc -fmodule-map-file\=/Users/prathamesh/StudioProjects/ccavenue-india-sdk-react-native/example/ios/Pods/Headers/Public/jsi/React-jsi.modulemap -Xcc -fmodule-map-file\=/Users/prathamesh/StudioProjects/ccavenue-india-sdk-react-native/example/ios/Pods/Headers/Public/jsinspector_modern/React-jsinspector.modulemap -Xcc -fmodule-map-file\=/Users/prathamesh/StudioProjects/ccavenue-india-sdk-react-native/example/ios/Pods/Headers/Public/jsinspector_modern_cdp/React-jsinspectorcdp.modulemap -Xcc -fmodule-map-file\=/Users/prathamesh/StudioProjects/ccavenue-india-sdk-react-native/example/ios/Pods/Headers/Public/jsinspector_modern_network/React-jsinspectornetwork.modulemap -Xcc -fmodule-map-file\=/Users/prathamesh/StudioProjects/ccavenue-india-sdk-react-native/example/ios/Pods/Headers/Public/jsinspector_modern_tracing/React-jsinspectortracing.modulemap -Xcc -fmodule-map-file\=/Users/prathamesh/StudioProjects/ccavenue-india-sdk-react-native/example/ios/Pods/Headers/Public/react_debug/React-debug.modulemap -Xcc -fmodule-map-file\=/Users/prathamesh/StudioProjects/ccavenue-india-sdk-react-native/example/ios/Pods/Headers/Public/react_featureflags/React-featureflags.modulemap -Xcc -fmodule-map-file\=/Users/prathamesh/StudioProjects/ccavenue-india-sdk-react-native/example/ios/Pods/Headers/Public/react_nativemodule_defaults/React-defaultsnativemodule.modulemap -Xcc -fmodule-map-file\=/Users/prathamesh/StudioProjects/ccavenue-india-sdk-react-native/example/ios/Pods/Headers/Public/react_nativemodule_dom/React-domnativemodule.modulemap -Xcc -fmodule-map-file\=/Users/prathamesh/StudioProjects/ccavenue-india-sdk-react-native/example/ios/Pods/Headers/Public/react_nativemodule_featureflags/React-featureflagsnativemodule.modulemap -Xcc -fmodule-map-file\=/Users/prathamesh/StudioProjects/ccavenue-india-sdk-react-native/example/ios/Pods/Headers/Public/react_nativemodule_idlecallbacks/React-idlecallbacksnativemodule.modulemap -Xcc -fmodule-map-file\=/Users/prathamesh/StudioProjects/ccavenue-india-sdk-react-native/example/ios/Pods/Headers/Public/react_nativemodule_intersectionobserver/React-intersectionobservernativemodule.modulemap -Xcc -fmodule-map-file\=/Users/prathamesh/StudioProjects/ccavenue-india-sdk-react-native/example/ios/Pods/Headers/Public/react_nativemodule_microtasks/React-microtasksnativemodule.modulemap -Xcc -fmodule-map-file\=/Users/prathamesh/StudioProjects/ccavenue-india-sdk-react-native/example/ios/Pods/Headers/Public/react_nativemodule_webperformance/React-webperformancenativemodule.modulemap -Xcc -fmodule-map-file\=/Users/prathamesh/StudioProjects/ccavenue-india-sdk-react-native/example/ios/Pods/Headers/Public/react_networking/React-networking.modulemap -Xcc -fmodule-map-file\=/Users/prathamesh/StudioProjects/ccavenue-india-sdk-react-native/example/ios/Pods/Headers/Public/react_renderer_css/React-renderercss.modulemap -Xcc -fmodule-map-file\=/Users/prathamesh/StudioProjects/ccavenue-india-sdk-react-native/example/ios/Pods/Headers/Public/react_renderer_debug/React-rendererdebug.modulemap -Xcc -fmodule-map-file\=/Users/prathamesh/StudioProjects/ccavenue-india-sdk-react-native/example/ios/Pods/Headers/Public/react_renderer_graphics/React-graphics.modulemap -Xcc -fmodule-map-file\=/Users/prathamesh/StudioProjects/ccavenue-india-sdk-react-native/example/ios/Pods/Headers/Public/react_renderer_imagemanager/React-ImageManager.modulemap -Xcc -fmodule-map-file\=/Users/prathamesh/StudioProjects/ccavenue-india-sdk-react-native/example/ios/Pods/Headers/Public/react_runtime/React-jsitooling.modulemap -Xcc -fmodule-map-file\=/Users/prathamesh/StudioProjects/ccavenue-india-sdk-react-native/example/ios/Pods/Headers/Public/react_utils/React-utils.modulemap -Xcc -fmodule-map-file\=/Users/prathamesh/StudioProjects/ccavenue-india-sdk-react-native/example/ios/Pods/Headers/Public/reacthermes/React-hermes.modulemap -Xcc -fmodule-map-file\=/Users/prathamesh/StudioProjects/ccavenue-india-sdk-react-native/example/ios/Pods/Headers/Public/yoga/Yoga.modulemap -enable-bare-slash-regex -enable-experimental-feature DebugDescriptionMacro -sdk /Applications/Xcode.app/Contents/Developer/Platforms/iPhoneOS.platform/Developer/SDKs/iPhoneOS26.2.sdk -target arm64-apple-ios15.1 -g -module-cache-path /Users/prathamesh/Library/Developer/Xcode/DerivedData/ModuleCache.noindex -Xfrontend -serialize-debugging-options -enable-testing -index-store-path /Users/prathamesh/Library/Developer/Xcode/DerivedData/CCAvenueIndiaSdkReactNativeExample-dmeqaxpselaggkfhomgslbamujbl/Index.noindex/DataStore -Xcc -D_LIBCPP_HARDENING_MODE\=_LIBCPP_HARDENING_MODE_DEBUG -swift-version 5 -I /Users/prathamesh/Library/Developer/Xcode/DerivedData/CCAvenueIndiaSdkReactNativeExample-dmeqaxpselaggkfhomgslbamujbl/Build/Products/Debug-iphoneos -I /Users/prathamesh/Library/Developer/Xcode/DerivedData/CCAvenueIndiaSdkReactNativeExample-dmeqaxpselaggkfhomgslbamujbl/Build/Products/Debug-iphoneos/RCTSwiftUI -I /Users/prathamesh/Library/Developer/Xcode/DerivedData/CCAvenueIndiaSdkReactNativeExample-dmeqaxpselaggkfhomgslbamujbl/Build/Products/Debug-iphoneos/ccavenue-india-sdk-react-native -F /Users/prathamesh/Library/Developer/Xcode/DerivedData/CCAvenueIndiaSdkReactNativeExample-dmeqaxpselaggkfhomgslbamujbl/Build/Products/Debug-iphoneos -F /Users/prathamesh/StudioProjects/ccavenue-india-sdk-react-native/ios -F /Users/prathamesh/StudioProjects/ccavenue-india-sdk-react-native/example/ios/Pods/hermes-engine/destroot/Library/Frameworks/universal -F /Users/prathamesh/Library/Developer/Xcode/DerivedData/CCAvenueIndiaSdkReactNativeExample-dmeqaxpselaggkfhomgslbamujbl/Build/Products/Debug-iphoneos/XCFrameworkIntermediates/ccavenue-india-sdk-react-native -F /Users/prathamesh/Library/Developer/Xcode/DerivedData/CCAvenueIndiaSdkReactNativeExample-dmeqaxpselaggkfhomgslbamujbl/Build/Products/Debug-iphoneos/XCFrameworkIntermediates/hermes-engine/Pre-built -c -j8 -enable-batch-mode -incremental -Xcc -ivfsstatcache -Xcc /Users/prathamesh/Library/Developer/Xcode/DerivedData/SDKStatCaches.noindex/iphoneos26.2-23C53-3794476bd08197c3e2abd9bb477ef7f7.sdkstatcache -output-file-map /Users/prathamesh/Library/Developer/Xcode/DerivedData/CCAvenueIndiaSdkReactNativeExample-dmeqaxpselaggkfhomgslbamujbl/Build/Intermediates.noindex/CcavenueIndiaSdkReactNativeExample.build/Debug-iphoneos/CcavenueIndiaSdkReactNativeExample.build/Objects-normal/arm64/CcavenueIndiaSdkReactNativeExample-OutputFileMap.json -use-frontend-parseable-output -save-temps -no-color-diagnostics -explicit-module-build -module-cache-path /Users/prathamesh/Library/Developer/Xcode/DerivedData/CCAvenueIndiaSdkReactNativeExample-dmeqaxpselaggkfhomgslbamujbl/Build/Intermediates.noindex/SwiftExplicitPrecompiledModules -clang-scanner-module-cache-path /Users/prathamesh/Library/Developer/Xcode/DerivedData/ModuleCache.noindex -sdk-module-cache-path /Users/prathamesh/Library/Developer/Xcode/DerivedData/ModuleCache.noindex -serialize-diagnostics -emit-dependencies -emit-module -emit-module-path /Users/prathamesh/Library/Developer/Xcode/DerivedData/CCAvenueIndiaSdkReactNativeExample-dmeqaxpselaggkfhomgslbamujbl/Build/Intermediates.noindex/CcavenueIndiaSdkReactNativeExample.build/Debug-iphoneos/CcavenueIndiaSdkReactNativeExample.build/Objects-normal/arm64/CcavenueIndiaSdkReactNativeExample.swiftmodule -validate-clang-modules-once -clang-build-session-file /Users/prathamesh/Library/Developer/Xcode/DerivedData/ModuleCache.noindex/Session.modulevalidation -Xcc -I/Users/prathamesh/Library/Developer/Xcode/DerivedData/CCAvenueIndiaSdkReactNativeExample-dmeqaxpselaggkfhomgslbamujbl/Build/Intermediates.noindex/CcavenueIndiaSdkReactNativeExample.build/Debug-iphoneos/CcavenueIndiaSdkReactNativeExample.build/swift-overrides.hmap -emit-const-values -Xfrontend -const-gather-protocols-file -Xfrontend /Users/prathamesh/Library/Developer/Xcode/DerivedData/CCAvenueIndiaSdkReactNativeExample-dmeqaxpselaggkfhomgslbamujbl/Build/Intermediates.noindex/CcavenueIndiaSdkReactNativeExample.build/Debug-iphoneos/CcavenueIndiaSdkReactNativeExample.build/Objects-normal/arm64/CcavenueIndiaSdkReactNativeExample_const_extract_protocols.json -Xcc -iquote -Xcc /Users/prathamesh/Library/Developer/Xcode/DerivedData/CCAvenueIndiaSdkReactNativeExample-dmeqaxpselaggkfhomgslbamujbl/Build/Intermediates.noindex/CcavenueIndiaSdkReactNativeExample.build/Debug-iphoneos/CcavenueIndiaSdkReactNativeExample.build/CcavenueIndiaSdkReactNativeExample-generated-files.hmap -Xcc -I/Users/prathamesh/Library/Developer/Xcode/DerivedData/CCAvenueIndiaSdkReactNativeExample-dmeqaxpselaggkfhomgslbamujbl/Build/Intermediates.noindex/CcavenueIndiaSdkReactNativeExample.build/Debug-iphoneos/CcavenueIndiaSdkReactNativeExample.build/CcavenueIndiaSdkReactNativeExample-own-target-headers.hmap -Xcc -I/Users/prathamesh/Library/Developer/Xcode/DerivedData/CCAvenueIndiaSdkReactNativeExample-dmeqaxpselaggkfhomgslbamujbl/Build/Intermediates.noindex/CcavenueIndiaSdkReactNativeExample.build/Debug-iphoneos/CcavenueIndiaSdkReactNativeExample.build/CcavenueIndiaSdkReactNativeExample-all-non-framework-target-headers.hmap -Xcc -ivfsoverlay -Xcc /Users/prathamesh/Library/Developer/Xcode/DerivedData/CCAvenueIndiaSdkReactNativeExample-dmeqaxpselaggkfhomgslbamujbl/Build/Intermediates.noindex/CcavenueIndiaSdkReactNativeExample.build/Debug-iphoneos/CcavenueIndiaSdkReactNativeExample-f4d0f83ddeebca4fac7f81a26516de9b-VFS-iphoneos/all-product-headers.yaml -Xcc -iquote -Xcc /Users/prathamesh/Library/Developer/Xcode/DerivedData/CCAvenueIndiaSdkReactNativeExample-dmeqaxpselaggkfhomgslbamujbl/Build/Intermediates.noindex/CcavenueIndiaSdkReactNativeExample.build/Debug-iphoneos/CcavenueIndiaSdkReactNativeExample.build/CcavenueIndiaSdkReactNativeExample-project-headers.hmap -Xcc -I/Users/prathamesh/Library/Developer/Xcode/DerivedData/CCAvenueIndiaSdkReactNativeExample-dmeqaxpselaggkfhomgslbamujbl/Build/Products/Debug-iphoneos/include -Xcc -I/Users/prathamesh/StudioProjects/ccavenue-india-sdk-react-native/example/ios/Pods/Headers/Public -Xcc -I/Users/prathamesh/StudioProjects/ccavenue-india-sdk-react-native/example/ios/Pods/Headers/Public/DoubleConversion -Xcc -I/Users/prathamesh/StudioProjects/ccavenue-india-sdk-react-native/example/ios/Pods/Headers/Public/FBLazyVector -Xcc -I/Users/prathamesh/StudioProjects/ccavenue-india-sdk-react-native/example/ios/Pods/Headers/Public/RCT-Folly -Xcc -I/Users/prathamesh/StudioProjects/ccavenue-india-sdk-react-native/example/ios/Pods/Headers/Public/RCTDeprecation -Xcc -I/Users/prathamesh/StudioProjects/ccavenue-india-sdk-react-native/example/ios/Pods/Headers/Public/RCTRequired -Xcc -I/Users/prathamesh/StudioProjects/ccavenue-india-sdk-react-native/example/ios/Pods/Headers/Public/RCTSwiftUIWrapper -Xcc -I/Users/prathamesh/StudioProjects/ccavenue-india-sdk-react-native/example/ios/Pods/Headers/Public/RCTTypeSafety -Xcc -I/Users/prathamesh/StudioProjects/ccavenue-india-sdk-react-native/example/ios/Pods/Headers/Public/React-Core -Xcc -I/Users/prathamesh/StudioProjects/ccavenue-india-sdk-react-native/example/ios/Pods/Headers/Public/React-Fabric -Xcc -I/Users/prathamesh/StudioProjects/ccavenue-india-sdk-react-native/example/ios/Pods/Headers/Public/React-FabricComponents -Xcc -I/Users/prathamesh/StudioProjects/ccavenue-india-sdk-react-native/example/ios/Pods/Headers/Public/React-FabricImage -Xcc -I/Users/prathamesh/StudioProjects/ccavenue-india-sdk-react-native/example/ios/Pods/Headers/Public/React-ImageManager -Xcc -I/Users/prathamesh/StudioProjects/ccavenue-india-sdk-react-native/example/ios/Pods/Headers/Public/React-Mapbuffer -Xcc -I/Users/prathamesh/StudioProjects/ccavenue-india-sdk-react-native/example/ios/Pods/Headers/Public/React-NativeModulesApple -Xcc -I/Users/prathamesh/StudioProjects/ccavenue-india-sdk-react-native/example/ios/Pods/Headers/Public/React-RCTAnimation -Xcc -I/Users/prathamesh/StudioProjects/ccavenue-india-sdk-react-native/example/ios/Pods/Headers/Public/React-RCTAppDelegate -Xcc -I/Users/prathamesh/StudioProjects/ccavenue-india-sdk-react-native/example/ios/Pods/Headers/Public/React-RCTBlob -Xcc -I/Users/prathamesh/StudioProjects/ccavenue-india-sdk-react-native/example/ios/Pods/Headers/Public/React-RCTFBReactNativeSpec -Xcc -I/Users/prathamesh/StudioProjects/ccavenue-india-sdk-react-native/example/ios/Pods/Headers/Public/React-RCTFabric -Xcc -I/Users/prathamesh/StudioProjects/ccavenue-india-sdk-react-native/example/ios/Pods/Headers/Public/React-RCTRuntime -Xcc -I/Users/prathamesh/StudioProjects/ccavenue-india-sdk-react-native/example/ios/Pods/Headers/Public/React-RCTText -Xcc -I/Users/prathamesh/StudioProjects/ccavenue-india-sdk-react-native/example/ios/Pods/Headers/Public/React-RuntimeApple -Xcc -I/Users/prathamesh/StudioProjects/ccavenue-india-sdk-react-native/example/ios/Pods/Headers/Public/React-RuntimeCore -Xcc -I/Users/prathamesh/StudioProjects/ccavenue-india-sdk-react-native/example/ios/Pods/Headers/Public/React-RuntimeHermes -Xcc -I/Users/prathamesh/StudioProjects/ccavenue-india-sdk-react-native/example/ios/Pods/Headers/Public/React-callinvoker -Xcc -I/Users/prathamesh/StudioProjects/ccavenue-india-sdk-react-native/example/ios/Pods/Headers/Public/React-cxxreact -Xcc -I/Users/prathamesh/StudioProjects/ccavenue-india-sdk-react-native/example/ios/Pods/Headers/Public/React-debug -Xcc -I/Users/prathamesh/StudioProjects/ccavenue-india-sdk-react-native/example/ios/Pods/Headers/Public/React-defaultsnativemodule -Xcc -I/Users/prathamesh/StudioProjects/ccavenue-india-sdk-react-native/example/ios/Pods/Headers/Public/React-domnativemodule -Xcc -I/Users/prathamesh/StudioProjects/ccavenue-india-sdk-react-native/example/ios/Pods/Headers/Public/React-featureflags -Xcc -I/Users/prathamesh/StudioProjects/ccavenue-india-sdk-react-native/example/ios/Pods/Headers/Public/React-featureflagsnativemodule -Xcc -I/Users/prathamesh/StudioProjects/ccavenue-india-sdk-react-native/example/ios/Pods/Headers/Public/React-graphics -Xcc -I/Users/prathamesh/StudioProjects/ccavenue-india-sdk-react-native/example/ios/Pods/Headers/Public/React-hermes -Xcc -I/Users/prathamesh/StudioProjects/ccavenue-india-sdk-react-native/example/ios/Pods/Headers/Public/React-idlecallbacksnativemodule -Xcc -I/Users/prathamesh/StudioProjects/ccavenue-india-sdk-react-native/example/ios/Pods/Headers/Public/React-intersectionobservernativemodule -Xcc -I/Users/prathamesh/StudioProjects/ccavenue-india-sdk-react-native/example/ios/Pods/Headers/Public/React-jserrorhandler -Xcc -I/Users/prathamesh/StudioProjects/ccavenue-india-sdk-react-native/example/ios/Pods/Headers/Public/React-jsi -Xcc -I/Users/prathamesh/StudioProjects/ccavenue-india-sdk-react-native/example/ios/Pods/Headers/Public/React-jsiexecutor -Xcc -I/Users/prathamesh/StudioProjects/ccavenue-india-sdk-react-native/example/ios/Pods/Headers/Public/React-jsinspector -Xcc -I/Users/prathamesh/StudioProjects/ccavenue-india-sdk-react-native/example/ios/Pods/Headers/Public/React-jsinspectorcdp -Xcc -I/Users/prathamesh/StudioProjects/ccavenue-india-sdk-react-native/example/ios/Pods/Headers/Public/React-jsinspectornetwork -Xcc -I/Users/prathamesh/StudioProjects/ccavenue-india-sdk-react-native/example/ios/Pods/Headers/Public/React-jsinspectortracing -Xcc -I/Users/prathamesh/StudioProjects/ccavenue-india-sdk-react-native/example/ios/Pods/Headers/Public/React-jsitooling -Xcc -I/Users/prathamesh/StudioProjects/ccavenue-india-sdk-react-native/example/ios/Pods/Headers/Public/React-logger -Xcc -I/Users/prathamesh/StudioProjects/ccavenue-india-sdk-react-native/example/ios/Pods/Headers/Public/React-microtasksnativemodule -Xcc -I/Users/prathamesh/StudioProjects/ccavenue-india-sdk-react-native/example/ios/Pods/Headers/Public/React-networking -Xcc -I/Users/prathamesh/StudioProjects/ccavenue-india-sdk-react-native/example/ios/Pods/Headers/Public/React-oscompat -Xcc -I/Users/prathamesh/StudioProjects/ccavenue-india-sdk-react-native/example/ios/Pods/Headers/Public/React-perflogger -Xcc -I/Users/prathamesh/StudioProjects/ccavenue-india-sdk-react-native/example/ios/Pods/Headers/Public/React-performancecdpmetrics -Xcc -I/Users/prathamesh/StudioProjects/ccavenue-india-sdk-react-native/example/ios/Pods/Headers/Public/React-performancetimeline -Xcc -I/Users/prathamesh/StudioProjects/ccavenue-india-sdk-react-native/example/ios/Pods/Headers/Public/React-rendererconsistency -Xcc -I/Users/prathamesh/StudioProjects/ccavenue-india-sdk-react-native/example/ios/Pods/Headers/Public/React-renderercss -Xcc -I/Users/prathamesh/StudioProjects/ccavenue-india-sdk-react-native/example/ios/Pods/Headers/Public/React-rendererdebug -Xcc -I/Users/prathamesh/StudioProjects/ccavenue-india-sdk-react-native/example/ios/Pods/Headers/Public/React-runtimeexecutor -Xcc -I/Users/prathamesh/StudioProjects/ccavenue-india-sdk-react-native/example/ios/Pods/Headers/Public/React-runtimescheduler -Xcc -I/Users/prathamesh/StudioProjects/ccavenue-india-sdk-react-native/example/ios/Pods/Headers/Public/React-timing -Xcc -I/Users/prathamesh/StudioProjects/ccavenue-india-sdk-react-native/example/ios/Pods/Headers/Public/React-utils -Xcc -I/Users/prathamesh/StudioProjects/ccavenue-india-sdk-react-native/example/ios/Pods/Headers/Public/React-webperformancenativemodule -Xcc -I/Users/prathamesh/StudioProjects/ccavenue-india-sdk-react-native/example/ios/Pods/Headers/Public/ReactAppDependencyProvider -Xcc -I/Users/prathamesh/StudioProjects/ccavenue-india-sdk-react-native/example/ios/Pods/Headers/Public/ReactCodegen -Xcc -I/Users/prathamesh/StudioProjects/ccavenue-india-sdk-react-native/example/ios/Pods/Headers/Public/ReactCommon -Xcc -I/Users/prathamesh/StudioProjects/ccavenue-india-sdk-react-native/example/ios/Pods/Headers/Public/SocketRocket -Xcc -I/Users/prathamesh/StudioProjects/ccavenue-india-sdk-react-native/example/ios/Pods/Headers/Public/Yoga -Xcc -I/Users/prathamesh/StudioProjects/ccavenue-india-sdk-react-native/example/ios/Pods/Headers/Public/boost -Xcc -I/Users/prathamesh/StudioProjects/ccavenue-india-sdk-react-native/example/ios/Pods/Headers/Public/fast_float -Xcc -I/Users/prathamesh/StudioProjects/ccavenue-india-sdk-react-native/example/ios/Pods/Headers/Public/fmt -Xcc -I/Users/prathamesh/StudioProjects/ccavenue-india-sdk-react-native/example/ios/Pods/Headers/Public/glog -Xcc -I/Users/prathamesh/StudioProjects/ccavenue-india-sdk-react-native/example/ios/Pods/Headers/Public/hermes-engine -Xcc -I/Users/prathamesh/StudioProjects/ccavenue-india-sdk-react-native/example/ios/Pods/DoubleConversion -Xcc -I/Users/prathamesh/StudioProjects/ccavenue-india-sdk-react-native/example/ios/Pods/boost -Xcc -I/Users/prathamesh/StudioProjects/ccavenue-india-sdk-react-native/example/ios/Pods/Headers/Private/React-Core -Xcc -I/Users/prathamesh/StudioProjects/ccavenue-india-sdk-react-native/example/ios/Pods/Headers/Private/React-Core -Xcc -I/Users/prathamesh/StudioProjects/ccavenue-india-sdk-react-native/example/ios/Pods/Headers/Private/Yoga -Xcc -I/Users/prathamesh/Library/Developer/Xcode/DerivedData/CCAvenueIndiaSdkReactNativeExample-dmeqaxpselaggkfhomgslbamujbl/Build/Intermediates.noindex/CcavenueIndiaSdkReactNativeExample.build/Debug-iphoneos/CcavenueIndiaSdkReactNativeExample.build/DerivedSources-normal/arm64 -Xcc -I/Users/prathamesh/Library/Developer/Xcode/DerivedData/CCAvenueIndiaSdkReactNativeExample-dmeqaxpselaggkfhomgslbamujbl/Build/Intermediates.noindex/CcavenueIndiaSdkReactNativeExample.build/Debug-iphoneos/CcavenueIndiaSdkReactNativeExample.build/DerivedSources/arm64 -Xcc -I/Users/prathamesh/Library/Developer/Xcode/DerivedData/CCAvenueIndiaSdkReactNativeExample-dmeqaxpselaggkfhomgslbamujbl/Build/Intermediates.noindex/CcavenueIndiaSdkReactNativeExample.build/Debug-iphoneos/CcavenueIndiaSdkReactNativeExample.build/DerivedSources -Xcc -DDEBUG\=1 -Xcc -DCOCOAPODS\=1 -emit-objc-header -emit-objc-header-path /Users/prathamesh/Library/Developer/Xcode/DerivedData/CCAvenueIndiaSdkReactNativeExample-dmeqaxpselaggkfhomgslbamujbl/Build/Intermediates.noindex/CcavenueIndiaSdkReactNativeExample.build/Debug-iphoneos/CcavenueIndiaSdkReactNativeExample.build/Objects-normal/arm64/CcavenueIndiaSdkReactNativeExample-Swift.h -working-directory /Users/prathamesh/StudioProjects/ccavenue-india-sdk-react-native/example/ios -experimental-emit-module-separately -disable-cmo

Ld /Users/prathamesh/Library/Developer/Xcode/DerivedData/CCAvenueIndiaSdkReactNativeExample-dmeqaxpselaggkfhomgslbamujbl/Build/Products/Debug-iphoneos/CcavenueIndiaSdkReactNativeExample.app/CcavenueIndiaSdkReactNativeExample.debug.dylib normal (in target 'CcavenueIndiaSdkReactNativeExample' from project 'CcavenueIndiaSdkReactNativeExample')
    cd /Users/prathamesh/StudioProjects/ccavenue-india-sdk-react-native/example/ios
    /Applications/Xcode.app/Contents/Developer/Toolchains/XcodeDefault.xctoolchain/usr/bin/clang -Xlinker -reproducible -target arm64-apple-ios15.1 -dynamiclib -isysroot /Applications/Xcode.app/Contents/Developer/Platforms/iPhoneOS.platform/Developer/SDKs/iPhoneOS26.2.sdk -O0 -L/Users/prathamesh/Library/Developer/Xcode/DerivedData/CCAvenueIndiaSdkReactNativeExample-dmeqaxpselaggkfhomgslbamujbl/Build/Intermediates.noindex/EagerLinkingTBDs/Debug-iphoneos -L/Users/prathamesh/Library/Developer/Xcode/DerivedData/CCAvenueIndiaSdkReactNativeExample-dmeqaxpselaggkfhomgslbamujbl/Build/Products/Debug-iphoneos -L/Applications/Xcode.app/Contents/Developer/Platforms/iPhoneOS.platform/Developer/SDKs/iPhoneOS26.2.sdk/usr/lib/swift -L/Applications/Xcode.app/Contents/Developer/Toolchains/XcodeDefault.xctoolchain/usr/lib/swift/iphoneos -L/Users/prathamesh/Library/Developer/Xcode/DerivedData/CCAvenueIndiaSdkReactNativeExample-dmeqaxpselaggkfhomgslbamujbl/Build/Products/Debug-iphoneos/DoubleConversion -L/Users/prathamesh/Library/Developer/Xcode/DerivedData/CCAvenueIndiaSdkReactNativeExample-dmeqaxpselaggkfhomgslbamujbl/Build/Products/Debug-iphoneos/RCT-Folly -L/Users/prathamesh/Library/Developer/Xcode/DerivedData/CCAvenueIndiaSdkReactNativeExample-dmeqaxpselaggkfhomgslbamujbl/Build/Products/Debug-iphoneos/RCTDeprecation -L/Users/prathamesh/Library/Developer/Xcode/DerivedData/CCAvenueIndiaSdkReactNativeExample-dmeqaxpselaggkfhomgslbamujbl/Build/Products/Debug-iphoneos/RCTSwiftUI -L/Users/prathamesh/Library/Developer/Xcode/DerivedData/CCAvenueIndiaSdkReactNativeExample-dmeqaxpselaggkfhomgslbamujbl/Build/Products/Debug-iphoneos/RCTSwiftUIWrapper -L/Users/prathamesh/Library/Developer/Xcode/DerivedData/CCAvenueIndiaSdkReactNativeExample-dmeqaxpselaggkfhomgslbamujbl/Build/Products/Debug-iphoneos/RCTTypeSafety -L/Users/prathamesh/Library/Developer/Xcode/DerivedData/CCAvenueIndiaSdkReactNativeExample-dmeqaxpselaggkfhomgslbamujbl/Build/Products/Debug-iphoneos/React-Core -L/Users/prathamesh/Library/Developer/Xcode/DerivedData/CCAvenueIndiaSdkReactNativeExample-dmeqaxpselaggkfhomgslbamujbl/Build/Products/Debug-iphoneos/React-CoreModules -L/Users/prathamesh/Library/Developer/Xcode/DerivedData/CCAvenueIndiaSdkReactNativeExample-dmeqaxpselaggkfhomgslbamujbl/Build/Products/Debug-iphoneos/React-Fabric -L/Users/prathamesh/Library/Developer/Xcode/DerivedData/CCAvenueIndiaSdkReactNativeExample-dmeqaxpselaggkfhomgslbamujbl/Build/Products/Debug-iphoneos/React-FabricComponents -L/Users/prathamesh/Library/Developer/Xcode/DerivedData/CCAvenueIndiaSdkReactNativeExample-dmeqaxpselaggkfhomgslbamujbl/Build/Products/Debug-iphoneos/React-FabricImage -L/Users/prathamesh/Library/Developer/Xcode/DerivedData/CCAvenueIndiaSdkReactNativeExample-dmeqaxpselaggkfhomgslbamujbl/Build/Products/Debug-iphoneos/React-ImageManager -L/Users/prathamesh/Library/Developer/Xcode/DerivedData/CCAvenueIndiaSdkReactNativeExample-dmeqaxpselaggkfhomgslbamujbl/Build/Products/Debug-iphoneos/React-Mapbuffer -L/Users/prathamesh/Library/Developer/Xcode/DerivedData/CCAvenueIndiaSdkReactNativeExample-dmeqaxpselaggkfhomgslbamujbl/Build/Products/Debug-iphoneos/React-NativeModulesApple -L/Users/prathamesh/Library/Developer/Xcode/DerivedData/CCAvenueIndiaSdkReactNativeExample-dmeqaxpselaggkfhomgslbamujbl/Build/Products/Debug-iphoneos/React-RCTAnimation -L/Users/prathamesh/Library/Developer/Xcode/DerivedData/CCAvenueIndiaSdkReactNativeExample-dmeqaxpselaggkfhomgslbamujbl/Build/Products/Debug-iphoneos/React-RCTAppDelegate -L/Users/prathamesh/Library/Developer/Xcode/DerivedData/CCAvenueIndiaSdkReactNativeExample-dmeqaxpselaggkfhomgslbamujbl/Build/Products/Debug-iphoneos/React-RCTBlob -L/Users/prathamesh/Library/Developer/Xcode/DerivedData/CCAvenueIndiaSdkReactNativeExample-dmeqaxpselaggkfhomgslbamujbl/Build/Products/Debug-iphoneos/React-RCTFBReactNativeSpec -L/Users/prathamesh/Library/Developer/Xcode/DerivedData/CCAvenueIndiaSdkReactNativeExample-dmeqaxpselaggkfhomgslbamujbl/Build/Products/Debug-iphoneos/React-RCTFabric -L/Users/prathamesh/Library/Developer/Xcode/DerivedData/CCAvenueIndiaSdkReactNativeExample-dmeqaxpselaggkfhomgslbamujbl/Build/Products/Debug-iphoneos/React-RCTImage -L/Users/prathamesh/Library/Developer/Xcode/DerivedData/CCAvenueIndiaSdkReactNativeExample-dmeqaxpselaggkfhomgslbamujbl/Build/Products/Debug-iphoneos/React-RCTLinking -L/Users/prathamesh/Library/Developer/Xcode/DerivedData/CCAvenueIndiaSdkReactNativeExample-dmeqaxpselaggkfhomgslbamujbl/Build/Products/Debug-iphoneos/React-RCTNetwork -L/Users/prathamesh/Library/Developer/Xcode/DerivedData/CCAvenueIndiaSdkReactNativeExample-dmeqaxpselaggkfhomgslbamujbl/Build/Products/Debug-iphoneos/React-RCTRuntime -L/Users/prathamesh/Library/Developer/Xcode/DerivedData/CCAvenueIndiaSdkReactNativeExample-dmeqaxpselaggkfhomgslbamujbl/Build/Products/Debug-iphoneos/React-RCTSettings -L/Users/prathamesh/Library/Developer/Xcode/DerivedData/CCAvenueIndiaSdkReactNativeExample-dmeqaxpselaggkfhomgslbamujbl/Build/Products/Debug-iphoneos/React-RCTText -L/Users/prathamesh/Library/Developer/Xcode/DerivedData/CCAvenueIndiaSdkReactNativeExample-dmeqaxpselaggkfhomgslbamujbl/Build/Products/Debug-iphoneos/React-RCTVibration -L/Users/prathamesh/Library/Developer/Xcode/DerivedData/CCAvenueIndiaSdkReactNativeExample-dmeqaxpselaggkfhomgslbamujbl/Build/Products/Debug-iphoneos/React-RuntimeApple -L/Users/prathamesh/Library/Developer/Xcode/DerivedData/CCAvenueIndiaSdkReactNativeExample-dmeqaxpselaggkfhomgslbamujbl/Build/Products/Debug-iphoneos/React-RuntimeCore -L/Users/prathamesh/Library/Developer/Xcode/DerivedData/CCAvenueIndiaSdkReactNativeExample-dmeqaxpselaggkfhomgslbamujbl/Build/Products/Debug-iphoneos/React-RuntimeHermes -L/Users/prathamesh/Library/Developer/Xcode/DerivedData/CCAvenueIndiaSdkReactNativeExample-dmeqaxpselaggkfhomgslbamujbl/Build/Products/Debug-iphoneos/React-cxxreact -L/Users/prathamesh/Library/Developer/Xcode/DerivedData/CCAvenueIndiaSdkReactNativeExample-dmeqaxpselaggkfhomgslbamujbl/Build/Products/Debug-iphoneos/React-debug -L/Users/prathamesh/Library/Developer/Xcode/DerivedData/CCAvenueIndiaSdkReactNativeExample-dmeqaxpselaggkfhomgslbamujbl/Build/Products/Debug-iphoneos/React-defaultsnativemodule -L/Users/prathamesh/Library/Developer/Xcode/DerivedData/CCAvenueIndiaSdkReactNativeExample-dmeqaxpselaggkfhomgslbamujbl/Build/Products/Debug-iphoneos/React-domnativemodule -L/Users/prathamesh/Library/Developer/Xcode/DerivedData/CCAvenueIndiaSdkReactNativeExample-dmeqaxpselaggkfhomgslbamujbl/Build/Products/Debug-iphoneos/React-featureflags -L/Users/prathamesh/Library/Developer/Xcode/DerivedData/CCAvenueIndiaSdkReactNativeExample-dmeqaxpselaggkfhomgslbamujbl/Build/Products/Debug-iphoneos/React-featureflagsnativemodule -L/Users/prathamesh/Library/Developer/Xcode/DerivedData/CCAvenueIndiaSdkReactNativeExample-dmeqaxpselaggkfhomgslbamujbl/Build/Products/Debug-iphoneos/React-graphics -L/Users/prathamesh/Library/Developer/Xcode/DerivedData/CCAvenueIndiaSdkReactNativeExample-dmeqaxpselaggkfhomgslbamujbl/Build/Products/Debug-iphoneos/React-hermes -L/Users/prathamesh/Library/Developer/Xcode/DerivedData/CCAvenueIndiaSdkReactNativeExample-dmeqaxpselaggkfhomgslbamujbl/Build/Products/Debug-iphoneos/React-idlecallbacksnativemodule -L/Users/prathamesh/Library/Developer/Xcode/DerivedData/CCAvenueIndiaSdkReactNativeExample-dmeqaxpselaggkfhomgslbamujbl/Build/Products/Debug-iphoneos/React-intersectionobservernativemodule -L/Users/prathamesh/Library/Developer/Xcode/DerivedData/CCAvenueIndiaSdkReactNativeExample-dmeqaxpselaggkfhomgslbamujbl/Build/Products/Debug-iphoneos/React-jserrorhandler -L/Users/prathamesh/Library/Developer/Xcode/DerivedData/CCAvenueIndiaSdkReactNativeExample-dmeqaxpselaggkfhomgslbamujbl/Build/Products/Debug-iphoneos/React-jsi -L/Users/prathamesh/Library/Developer/Xcode/DerivedData/CCAvenueIndiaSdkReactNativeExample-dmeqaxpselaggkfhomgslbamujbl/Build/Products/Debug-iphoneos/React-jsiexecutor -L/Users/prathamesh/Library/Developer/Xcode/DerivedData/CCAvenueIndiaSdkReactNativeExample-dmeqaxpselaggkfhomgslbamujbl/Build/Products/Debug-iphoneos/React-jsinspector -L/Users/prathamesh/Library/Developer/Xcode/DerivedData/CCAvenueIndiaSdkReactNativeExample-dmeqaxpselaggkfhomgslbamujbl/Build/Products/Debug-iphoneos/React-jsinspectorcdp -L/Users/prathamesh/Library/Developer/Xcode/DerivedData/CCAvenueIndiaSdkReactNativeExample-dmeqaxpselaggkfhomgslbamujbl/Build/Products/Debug-iphoneos/React-jsinspectornetwork -L/Users/prathamesh/Library/Developer/Xcode/DerivedData/CCAvenueIndiaSdkReactNativeExample-dmeqaxpselaggkfhomgslbamujbl/Build/Products/Debug-iphoneos/React-jsinspectortracing -L/Users/prathamesh/Library/Developer/Xcode/DerivedData/CCAvenueIndiaSdkReactNativeExample-dmeqaxpselaggkfhomgslbamujbl/Build/Products/Debug-iphoneos/React-jsitooling -L/Users/prathamesh/Library/Developer/Xcode/DerivedData/CCAvenueIndiaSdkReactNativeExample-dmeqaxpselaggkfhomgslbamujbl/Build/Products/Debug-iphoneos/React-logger -L/Users/prathamesh/Library/Developer/Xcode/DerivedData/CCAvenueIndiaSdkReactNativeExample-dmeqaxpselaggkfhomgslbamujbl/Build/Products/Debug-iphoneos/React-microtasksnativemodule -L/Users/prathamesh/Library/Developer/Xcode/DerivedData/CCAvenueIndiaSdkReactNativeExample-dmeqaxpselaggkfhomgslbamujbl/Build/Products/Debug-iphoneos/React-networking -L/Users/prathamesh/Library/Developer/Xcode/DerivedData/CCAvenueIndiaSdkReactNativeExample-dmeqaxpselaggkfhomgslbamujbl/Build/Products/Debug-iphoneos/React-oscompat -L/Users/prathamesh/Library/Developer/Xcode/DerivedData/CCAvenueIndiaSdkReactNativeExample-dmeqaxpselaggkfhomgslbamujbl/Build/Products/Debug-iphoneos/React-perflogger -L/Users/prathamesh/Library/Developer/Xcode/DerivedData/CCAvenueIndiaSdkReactNativeExample-dmeqaxpselaggkfhomgslbamujbl/Build/Products/Debug-iphoneos/React-performancecdpmetrics -L/Users/prathamesh/Library/Developer/Xcode/DerivedData/CCAvenueIndiaSdkReactNativeExample-dmeqaxpselaggkfhomgslbamujbl/Build/Products/Debug-iphoneos/React-performancetimeline -L/Users/prathamesh/Library/Developer/Xcode/DerivedData/CCAvenueIndiaSdkReactNativeExample-dmeqaxpselaggkfhomgslbamujbl/Build/Products/Debug-iphoneos/React-rendererconsistency -L/Users/prathamesh/Library/Developer/Xcode/DerivedData/CCAvenueIndiaSdkReactNativeExample-dmeqaxpselaggkfhomgslbamujbl/Build/Products/Debug-iphoneos/React-renderercss -L/Users/prathamesh/Library/Developer/Xcode/DerivedData/CCAvenueIndiaSdkReactNativeExample-dmeqaxpselaggkfhomgslbamujbl/Build/Products/Debug-iphoneos/React-rendererdebug -L/Users/prathamesh/Library/Developer/Xcode/DerivedData/CCAvenueIndiaSdkReactNativeExample-dmeqaxpselaggkfhomgslbamujbl/Build/Products/Debug-iphoneos/React-runtimeexecutor -L/Users/prathamesh/Library/Developer/Xcode/DerivedData/CCAvenueIndiaSdkReactNativeExample-dmeqaxpselaggkfhomgslbamujbl/Build/Products/Debug-iphoneos/React-runtimescheduler -L/Users/prathamesh/Library/Developer/Xcode/DerivedData/CCAvenueIndiaSdkReactNativeExample-dmeqaxpselaggkfhomgslbamujbl/Build/Products/Debug-iphoneos/React-utils -L/Users/prathamesh/Library/Developer/Xcode/DerivedData/CCAvenueIndiaSdkReactNativeExample-dmeqaxpselaggkfhomgslbamujbl/Build/Products/Debug-iphoneos/React-webperformancenativemodule -L/Users/prathamesh/Library/Developer/Xcode/DerivedData/CCAvenueIndiaSdkReactNativeExample-dmeqaxpselaggkfhomgslbamujbl/Build/Products/Debug-iphoneos/ReactAppDependencyProvider -L/Users/prathamesh/Library/Developer/Xcode/DerivedData/CCAvenueIndiaSdkReactNativeExample-dmeqaxpselaggkfhomgslbamujbl/Build/Products/Debug-iphoneos/ReactCodegen -L/Users/prathamesh/Library/Developer/Xcode/DerivedData/CCAvenueIndiaSdkReactNativeExample-dmeqaxpselaggkfhomgslbamujbl/Build/Products/Debug-iphoneos/ReactCommon -L/Users/prathamesh/Library/Developer/Xcode/DerivedData/CCAvenueIndiaSdkReactNativeExample-dmeqaxpselaggkfhomgslbamujbl/Build/Products/Debug-iphoneos/SocketRocket -L/Users/prathamesh/Library/Developer/Xcode/DerivedData/CCAvenueIndiaSdkReactNativeExample-dmeqaxpselaggkfhomgslbamujbl/Build/Products/Debug-iphoneos/Yoga -L/Users/prathamesh/Library/Developer/Xcode/DerivedData/CCAvenueIndiaSdkReactNativeExample-dmeqaxpselaggkfhomgslbamujbl/Build/Products/Debug-iphoneos/ccavenue-india-sdk-react-native -L/Users/prathamesh/Library/Developer/Xcode/DerivedData/CCAvenueIndiaSdkReactNativeExample-dmeqaxpselaggkfhomgslbamujbl/Build/Products/Debug-iphoneos/fmt -L/Users/prathamesh/Library/Developer/Xcode/DerivedData/CCAvenueIndiaSdkReactNativeExample-dmeqaxpselaggkfhomgslbamujbl/Build/Products/Debug-iphoneos/glog -L/Applications/Xcode.app/Contents/Developer/Toolchains/XcodeDefault.xctoolchain/usr/lib/swift/iphoneos -L/Applications/Xcode.app/Contents/Developer/Platforms/iPhoneOS.platform/Developer/SDKs/iPhoneOS26.2.sdk/usr/lib/swift -F/Users/prathamesh/Library/Developer/Xcode/DerivedData/CCAvenueIndiaSdkReactNativeExample-dmeqaxpselaggkfhomgslbamujbl/Build/Intermediates.noindex/EagerLinkingTBDs/Debug-iphoneos -F/Users/prathamesh/Library/Developer/Xcode/DerivedData/CCAvenueIndiaSdkReactNativeExample-dmeqaxpselaggkfhomgslbamujbl/Build/Products/Debug-iphoneos -F/Users/prathamesh/StudioProjects/ccavenue-india-sdk-react-native/ios -F/Users/prathamesh/StudioProjects/ccavenue-india-sdk-react-native/example/ios/Pods/hermes-engine/destroot/Library/Frameworks/universal -F/Users/prathamesh/Library/Developer/Xcode/DerivedData/CCAvenueIndiaSdkReactNativeExample-dmeqaxpselaggkfhomgslbamujbl/Build/Products/Debug-iphoneos/XCFrameworkIntermediates/ccavenue-india-sdk-react-native -F/Users/prathamesh/Library/Developer/Xcode/DerivedData/CCAvenueIndiaSdkReactNativeExample-dmeqaxpselaggkfhomgslbamujbl/Build/Products/Debug-iphoneos/XCFrameworkIntermediates/hermes-engine/Pre-built -filelist /Users/prathamesh/Library/Developer/Xcode/DerivedData/CCAvenueIndiaSdkReactNativeExample-dmeqaxpselaggkfhomgslbamujbl/Build/Intermediates.noindex/CcavenueIndiaSdkReactNativeExample.build/Debug-iphoneos/CcavenueIndiaSdkReactNativeExample.build/Objects-normal/arm64/CcavenueIndiaSdkReactNativeExample.LinkFileList -install_name @rpath/CcavenueIndiaSdkReactNativeExample.debug.dylib -Xlinker -rpath -Xlinker /usr/lib/swift -Xlinker -rpath -Xlinker @executable_path/Frameworks -Xlinker -rpath -Xlinker @loader_path/Frameworks -dead_strip -Xlinker -object_path_lto -Xlinker /Users/prathamesh/Library/Developer/Xcode/DerivedData/CCAvenueIndiaSdkReactNativeExample-dmeqaxpselaggkfhomgslbamujbl/Build/Intermediates.noindex/CcavenueIndiaSdkReactNativeExample.build/Debug-iphoneos/CcavenueIndiaSdkReactNativeExample.build/Objects-normal/arm64/CcavenueIndiaSdkReactNativeExample_lto.o -rdynamic -Xlinker -no_deduplicate -Xlinker -dependency_info -Xlinker /Users/prathamesh/Library/Developer/Xcode/DerivedData/CCAvenueIndiaSdkReactNativeExample-dmeqaxpselaggkfhomgslbamujbl/Build/Intermediates.noindex/CcavenueIndiaSdkReactNativeExample.build/Debug-iphoneos/CcavenueIndiaSdkReactNativeExample.build/Objects-normal/arm64/CcavenueIndiaSdkReactNativeExample_dependency_info.dat -fobjc-link-runtime -L/Applications/Xcode.app/Contents/Developer/Toolchains/XcodeDefault.xctoolchain/usr/lib/swift/iphoneos -L/usr/lib/swift -Xlinker -add_ast_path -Xlinker /Users/prathamesh/Library/Developer/Xcode/DerivedData/CCAvenueIndiaSdkReactNativeExample-dmeqaxpselaggkfhomgslbamujbl/Build/Intermediates.noindex/CcavenueIndiaSdkReactNativeExample.build/Debug-iphoneos/CcavenueIndiaSdkReactNativeExample.build/Objects-normal/arm64/CcavenueIndiaSdkReactNativeExample.swiftmodule @/Users/prathamesh/Library/Developer/Xcode/DerivedData/CCAvenueIndiaSdkReactNativeExample-dmeqaxpselaggkfhomgslbamujbl/Build/Intermediates.noindex/CcavenueIndiaSdkReactNativeExample.build/Debug-iphoneos/CcavenueIndiaSdkReactNativeExample.build/Objects-normal/arm64/CcavenueIndiaSdkReactNativeExample-linker-args.resp -ObjC -lDoubleConversion -lRCT-Folly -lRCTDeprecation -lRCTSwiftUI -lRCTSwiftUIWrapper -lRCTTypeSafety -lReact-Core -lReact-CoreModules -lReact-Fabric -lReact-FabricComponents -lReact-FabricImage -lReact-ImageManager -lReact-Mapbuffer -lReact-NativeModulesApple -lReact-RCTAnimation -lReact-RCTAppDelegate -lReact-RCTBlob -lReact-RCTFBReactNativeSpec -lReact-RCTFabric -lReact-RCTImage -lReact-RCTLinking -lReact-RCTNetwork -lReact-RCTRuntime -lReact-RCTSettings -lReact-RCTText -lReact-RCTVibration -lReact-RuntimeApple -lReact-RuntimeCore -lReact-RuntimeHermes -lReact-cxxreact -lReact-debug -lReact-defaultsnativemodule -lReact-domnativemodule -lReact-featureflags -lReact-featureflagsnativemodule -lReact-graphics -lReact-hermes -lReact-idlecallbacksnativemodule -lReact-intersectionobservernativemodule -lReact-jserrorhandler -lReact-jsi -lReact-jsiexecutor -lReact-jsinspector -lReact-jsinspectorcdp -lReact-jsinspectornetwork -lReact-jsinspectortracing -lReact-jsitooling -lReact-logger -lReact-microtasksnativemodule -lReact-networking -lReact-oscompat -lReact-perflogger -lReact-performancecdpmetrics -lReact-performancetimeline -lReact-rendererconsistency -lReact-renderercss -lReact-rendererdebug -lReact-runtimeexecutor -lReact-runtimescheduler -lReact-utils -lReact-webperformancenativemodule -lReactAppDependencyProvider -lReactCodegen -lReactCommon -lSocketRocket -lYoga -lc++ -lc++abi -lccavenue-india-sdk-react-native -lfmt -lglog -licucore -framework Accelerate -framework AudioToolbox -framework CCAvenueIndiaSDK -framework CFNetwork -framework CoreGraphics -framework ImageIO -framework MobileCoreServices -framework QuartzCore -framework Security -framework UIKit -framework hermesvm -weak_framework JavaScriptCore -ObjC -lc++ -Xlinker -alias -Xlinker _main -Xlinker ___debug_main_executable_dylib_entry_point -lPods-CcavenueIndiaSdkReactNativeExample -Xlinker -no_adhoc_codesign -o /Users/prathamesh/Library/Developer/Xcode/DerivedData/CCAvenueIndiaSdkReactNativeExample-dmeqaxpselaggkfhomgslbamujbl/Build/Products/Debug-iphoneos/CcavenueIndiaSdkReactNativeExample.app/CcavenueIndiaSdkReactNativeExample.debug.dylib
ld: warning: ignoring duplicate libraries: '-lc++'
ld: warning: building for iOS-15.1, but linking with dylib '@rpath/CCAvenueIndiaSDK.framework/CCAvenueIndiaSDK' which was built for newer version 15.6

ConstructStubExecutorLinkFileList /Users/prathamesh/Library/Developer/Xcode/DerivedData/CCAvenueIndiaSdkReactNativeExample-dmeqaxpselaggkfhomgslbamujbl/Build/Intermediates.noindex/CcavenueIndiaSdkReactNativeExample.build/Debug-iphoneos/CcavenueIndiaSdkReactNativeExample.build/CcavenueIndiaSdkReactNativeExample-ExecutorLinkFileList-normal-arm64.txt (in target 'CcavenueIndiaSdkReactNativeExample' from project 'CcavenueIndiaSdkReactNativeExample')
    cd /Users/prathamesh/StudioProjects/ccavenue-india-sdk-react-native/example/ios
    construct-stub-executor-link-file-list /Users/prathamesh/Library/Developer/Xcode/DerivedData/CCAvenueIndiaSdkReactNativeExample-dmeqaxpselaggkfhomgslbamujbl/Build/Products/Debug-iphoneos/CcavenueIndiaSdkReactNativeExample.app/CcavenueIndiaSdkReactNativeExample.debug.dylib /Applications/Xcode.app/Contents/Developer/Platforms/iPhoneOS.platform/Developer/usr/lib/libPreviewsJITStubExecutor_no_swift_entry_point.a /Applications/Xcode.app/Contents/Developer/Platforms/iPhoneOS.platform/Developer/usr/lib/libPreviewsJITStubExecutor.a --output /Users/prathamesh/Library/Developer/Xcode/DerivedData/CCAvenueIndiaSdkReactNativeExample-dmeqaxpselaggkfhomgslbamujbl/Build/Intermediates.noindex/CcavenueIndiaSdkReactNativeExample.build/Debug-iphoneos/CcavenueIndiaSdkReactNativeExample.build/CcavenueIndiaSdkReactNativeExample-ExecutorLinkFileList-normal-arm64.txt
note: Using stub executor library with Swift entry point. (in target 'CcavenueIndiaSdkReactNativeExample' from project 'CcavenueIndiaSdkReactNativeExample')

GenerateDSYMFile /Users/prathamesh/Library/Developer/Xcode/DerivedData/CCAvenueIndiaSdkReactNativeExample-dmeqaxpselaggkfhomgslbamujbl/Build/Products/Debug-iphoneos/CcavenueIndiaSdkReactNativeExample.app.dSYM /Users/prathamesh/Library/Developer/Xcode/DerivedData/CCAvenueIndiaSdkReactNativeExample-dmeqaxpselaggkfhomgslbamujbl/Build/Products/Debug-iphoneos/CcavenueIndiaSdkReactNativeExample.app/CcavenueIndiaSdkReactNativeExample.debug.dylib (in target 'CcavenueIndiaSdkReactNativeExample' from project 'CcavenueIndiaSdkReactNativeExample')
    cd /Users/prathamesh/StudioProjects/ccavenue-india-sdk-react-native/example/ios
    /Applications/Xcode.app/Contents/Developer/Toolchains/XcodeDefault.xctoolchain/usr/bin/dsymutil /Users/prathamesh/Library/Developer/Xcode/DerivedData/CCAvenueIndiaSdkReactNativeExample-dmeqaxpselaggkfhomgslbamujbl/Build/Products/Debug-iphoneos/CcavenueIndiaSdkReactNativeExample.app/CcavenueIndiaSdkReactNativeExample.debug.dylib -o /Users/prathamesh/Library/Developer/Xcode/DerivedData/CCAvenueIndiaSdkReactNativeExample-dmeqaxpselaggkfhomgslbamujbl/Build/Products/Debug-iphoneos/CcavenueIndiaSdkReactNativeExample.app.dSYM

Ld /Users/prathamesh/Library/Developer/Xcode/DerivedData/CCAvenueIndiaSdkReactNativeExample-dmeqaxpselaggkfhomgslbamujbl/Build/Products/Debug-iphoneos/CcavenueIndiaSdkReactNativeExample.app/CcavenueIndiaSdkReactNativeExample normal (in target 'CcavenueIndiaSdkReactNativeExample' from project 'CcavenueIndiaSdkReactNativeExample')
    cd /Users/prathamesh/StudioProjects/ccavenue-india-sdk-react-native/example/ios
    /Applications/Xcode.app/Contents/Developer/Toolchains/XcodeDefault.xctoolchain/usr/bin/clang -Xlinker -reproducible -target arm64-apple-ios15.1 -isysroot /Applications/Xcode.app/Contents/Developer/Platforms/iPhoneOS.platform/Developer/SDKs/iPhoneOS26.2.sdk -O0 -L/Users/prathamesh/Library/Developer/Xcode/DerivedData/CCAvenueIndiaSdkReactNativeExample-dmeqaxpselaggkfhomgslbamujbl/Build/Products/Debug-iphoneos -L/Applications/Xcode.app/Contents/Developer/Platforms/iPhoneOS.platform/Developer/SDKs/iPhoneOS26.2.sdk/usr/lib/swift -L/Applications/Xcode.app/Contents/Developer/Toolchains/XcodeDefault.xctoolchain/usr/lib/swift/iphoneos -L/Users/prathamesh/Library/Developer/Xcode/DerivedData/CCAvenueIndiaSdkReactNativeExample-dmeqaxpselaggkfhomgslbamujbl/Build/Products/Debug-iphoneos/DoubleConversion -L/Users/prathamesh/Library/Developer/Xcode/DerivedData/CCAvenueIndiaSdkReactNativeExample-dmeqaxpselaggkfhomgslbamujbl/Build/Products/Debug-iphoneos/RCT-Folly -L/Users/prathamesh/Library/Developer/Xcode/DerivedData/CCAvenueIndiaSdkReactNativeExample-dmeqaxpselaggkfhomgslbamujbl/Build/Products/Debug-iphoneos/RCTDeprecation -L/Users/prathamesh/Library/Developer/Xcode/DerivedData/CCAvenueIndiaSdkReactNativeExample-dmeqaxpselaggkfhomgslbamujbl/Build/Products/Debug-iphoneos/RCTSwiftUI -L/Users/prathamesh/Library/Developer/Xcode/DerivedData/CCAvenueIndiaSdkReactNativeExample-dmeqaxpselaggkfhomgslbamujbl/Build/Products/Debug-iphoneos/RCTSwiftUIWrapper -L/Users/prathamesh/Library/Developer/Xcode/DerivedData/CCAvenueIndiaSdkReactNativeExample-dmeqaxpselaggkfhomgslbamujbl/Build/Products/Debug-iphoneos/RCTTypeSafety -L/Users/prathamesh/Library/Developer/Xcode/DerivedData/CCAvenueIndiaSdkReactNativeExample-dmeqaxpselaggkfhomgslbamujbl/Build/Products/Debug-iphoneos/React-Core -L/Users/prathamesh/Library/Developer/Xcode/DerivedData/CCAvenueIndiaSdkReactNativeExample-dmeqaxpselaggkfhomgslbamujbl/Build/Products/Debug-iphoneos/React-CoreModules -L/Users/prathamesh/Library/Developer/Xcode/DerivedData/CCAvenueIndiaSdkReactNativeExample-dmeqaxpselaggkfhomgslbamujbl/Build/Products/Debug-iphoneos/React-Fabric -L/Users/prathamesh/Library/Developer/Xcode/DerivedData/CCAvenueIndiaSdkReactNativeExample-dmeqaxpselaggkfhomgslbamujbl/Build/Products/Debug-iphoneos/React-FabricComponents -L/Users/prathamesh/Library/Developer/Xcode/DerivedData/CCAvenueIndiaSdkReactNativeExample-dmeqaxpselaggkfhomgslbamujbl/Build/Products/Debug-iphoneos/React-FabricImage -L/Users/prathamesh/Library/Developer/Xcode/DerivedData/CCAvenueIndiaSdkReactNativeExample-dmeqaxpselaggkfhomgslbamujbl/Build/Products/Debug-iphoneos/React-ImageManager -L/Users/prathamesh/Library/Developer/Xcode/DerivedData/CCAvenueIndiaSdkReactNativeExample-dmeqaxpselaggkfhomgslbamujbl/Build/Products/Debug-iphoneos/React-Mapbuffer -L/Users/prathamesh/Library/Developer/Xcode/DerivedData/CCAvenueIndiaSdkReactNativeExample-dmeqaxpselaggkfhomgslbamujbl/Build/Products/Debug-iphoneos/React-NativeModulesApple -L/Users/prathamesh/Library/Developer/Xcode/DerivedData/CCAvenueIndiaSdkReactNativeExample-dmeqaxpselaggkfhomgslbamujbl/Build/Products/Debug-iphoneos/React-RCTAnimation -L/Users/prathamesh/Library/Developer/Xcode/DerivedData/CCAvenueIndiaSdkReactNativeExample-dmeqaxpselaggkfhomgslbamujbl/Build/Products/Debug-iphoneos/React-RCTAppDelegate -L/Users/prathamesh/Library/Developer/Xcode/DerivedData/CCAvenueIndiaSdkReactNativeExample-dmeqaxpselaggkfhomgslbamujbl/Build/Products/Debug-iphoneos/React-RCTBlob -L/Users/prathamesh/Library/Developer/Xcode/DerivedData/CCAvenueIndiaSdkReactNativeExample-dmeqaxpselaggkfhomgslbamujbl/Build/Products/Debug-iphoneos/React-RCTFBReactNativeSpec -L/Users/prathamesh/Library/Developer/Xcode/DerivedData/CCAvenueIndiaSdkReactNativeExample-dmeqaxpselaggkfhomgslbamujbl/Build/Products/Debug-iphoneos/React-RCTFabric -L/Users/prathamesh/Library/Developer/Xcode/DerivedData/CCAvenueIndiaSdkReactNativeExample-dmeqaxpselaggkfhomgslbamujbl/Build/Products/Debug-iphoneos/React-RCTImage -L/Users/prathamesh/Library/Developer/Xcode/DerivedData/CCAvenueIndiaSdkReactNativeExample-dmeqaxpselaggkfhomgslbamujbl/Build/Products/Debug-iphoneos/React-RCTLinking -L/Users/prathamesh/Library/Developer/Xcode/DerivedData/CCAvenueIndiaSdkReactNativeExample-dmeqaxpselaggkfhomgslbamujbl/Build/Products/Debug-iphoneos/React-RCTNetwork -L/Users/prathamesh/Library/Developer/Xcode/DerivedData/CCAvenueIndiaSdkReactNativeExample-dmeqaxpselaggkfhomgslbamujbl/Build/Products/Debug-iphoneos/React-RCTRuntime -L/Users/prathamesh/Library/Developer/Xcode/DerivedData/CCAvenueIndiaSdkReactNativeExample-dmeqaxpselaggkfhomgslbamujbl/Build/Products/Debug-iphoneos/React-RCTSettings -L/Users/prathamesh/Library/Developer/Xcode/DerivedData/CCAvenueIndiaSdkReactNativeExample-dmeqaxpselaggkfhomgslbamujbl/Build/Products/Debug-iphoneos/React-RCTText -L/Users/prathamesh/Library/Developer/Xcode/DerivedData/CCAvenueIndiaSdkReactNativeExample-dmeqaxpselaggkfhomgslbamujbl/Build/Products/Debug-iphoneos/React-RCTVibration -L/Users/prathamesh/Library/Developer/Xcode/DerivedData/CCAvenueIndiaSdkReactNativeExample-dmeqaxpselaggkfhomgslbamujbl/Build/Products/Debug-iphoneos/React-RuntimeApple -L/Users/prathamesh/Library/Developer/Xcode/DerivedData/CCAvenueIndiaSdkReactNativeExample-dmeqaxpselaggkfhomgslbamujbl/Build/Products/Debug-iphoneos/React-RuntimeCore -L/Users/prathamesh/Library/Developer/Xcode/DerivedData/CCAvenueIndiaSdkReactNativeExample-dmeqaxpselaggkfhomgslbamujbl/Build/Products/Debug-iphoneos/React-RuntimeHermes -L/Users/prathamesh/Library/Developer/Xcode/DerivedData/CCAvenueIndiaSdkReactNativeExample-dmeqaxpselaggkfhomgslbamujbl/Build/Products/Debug-iphoneos/React-cxxreact -L/Users/prathamesh/Library/Developer/Xcode/DerivedData/CCAvenueIndiaSdkReactNativeExample-dmeqaxpselaggkfhomgslbamujbl/Build/Products/Debug-iphoneos/React-debug -L/Users/prathamesh/Library/Developer/Xcode/DerivedData/CCAvenueIndiaSdkReactNativeExample-dmeqaxpselaggkfhomgslbamujbl/Build/Products/Debug-iphoneos/React-defaultsnativemodule -L/Users/prathamesh/Library/Developer/Xcode/DerivedData/CCAvenueIndiaSdkReactNativeExample-dmeqaxpselaggkfhomgslbamujbl/Build/Products/Debug-iphoneos/React-domnativemodule -L/Users/prathamesh/Library/Developer/Xcode/DerivedData/CCAvenueIndiaSdkReactNativeExample-dmeqaxpselaggkfhomgslbamujbl/Build/Products/Debug-iphoneos/React-featureflags -L/Users/prathamesh/Library/Developer/Xcode/DerivedData/CCAvenueIndiaSdkReactNativeExample-dmeqaxpselaggkfhomgslbamujbl/Build/Products/Debug-iphoneos/React-featureflagsnativemodule -L/Users/prathamesh/Library/Developer/Xcode/DerivedData/CCAvenueIndiaSdkReactNativeExample-dmeqaxpselaggkfhomgslbamujbl/Build/Products/Debug-iphoneos/React-graphics -L/Users/prathamesh/Library/Developer/Xcode/DerivedData/CCAvenueIndiaSdkReactNativeExample-dmeqaxpselaggkfhomgslbamujbl/Build/Products/Debug-iphoneos/React-hermes -L/Users/prathamesh/Library/Developer/Xcode/DerivedData/CCAvenueIndiaSdkReactNativeExample-dmeqaxpselaggkfhomgslbamujbl/Build/Products/Debug-iphoneos/React-idlecallbacksnativemodule -L/Users/prathamesh/Library/Developer/Xcode/DerivedData/CCAvenueIndiaSdkReactNativeExample-dmeqaxpselaggkfhomgslbamujbl/Build/Products/Debug-iphoneos/React-intersectionobservernativemodule -L/Users/prathamesh/Library/Developer/Xcode/DerivedData/CCAvenueIndiaSdkReactNativeExample-dmeqaxpselaggkfhomgslbamujbl/Build/Products/Debug-iphoneos/React-jserrorhandler -L/Users/prathamesh/Library/Developer/Xcode/DerivedData/CCAvenueIndiaSdkReactNativeExample-dmeqaxpselaggkfhomgslbamujbl/Build/Products/Debug-iphoneos/React-jsi -L/Users/prathamesh/Library/Developer/Xcode/DerivedData/CCAvenueIndiaSdkReactNativeExample-dmeqaxpselaggkfhomgslbamujbl/Build/Products/Debug-iphoneos/React-jsiexecutor -L/Users/prathamesh/Library/Developer/Xcode/DerivedData/CCAvenueIndiaSdkReactNativeExample-dmeqaxpselaggkfhomgslbamujbl/Build/Products/Debug-iphoneos/React-jsinspector -L/Users/prathamesh/Library/Developer/Xcode/DerivedData/CCAvenueIndiaSdkReactNativeExample-dmeqaxpselaggkfhomgslbamujbl/Build/Products/Debug-iphoneos/React-jsinspectorcdp -L/Users/prathamesh/Library/Developer/Xcode/DerivedData/CCAvenueIndiaSdkReactNativeExample-dmeqaxpselaggkfhomgslbamujbl/Build/Products/Debug-iphoneos/React-jsinspectornetwork -L/Users/prathamesh/Library/Developer/Xcode/DerivedData/CCAvenueIndiaSdkReactNativeExample-dmeqaxpselaggkfhomgslbamujbl/Build/Products/Debug-iphoneos/React-jsinspectortracing -L/Users/prathamesh/Library/Developer/Xcode/DerivedData/CCAvenueIndiaSdkReactNativeExample-dmeqaxpselaggkfhomgslbamujbl/Build/Products/Debug-iphoneos/React-jsitooling -L/Users/prathamesh/Library/Developer/Xcode/DerivedData/CCAvenueIndiaSdkReactNativeExample-dmeqaxpselaggkfhomgslbamujbl/Build/Products/Debug-iphoneos/React-logger -L/Users/prathamesh/Library/Developer/Xcode/DerivedData/CCAvenueIndiaSdkReactNativeExample-dmeqaxpselaggkfhomgslbamujbl/Build/Products/Debug-iphoneos/React-microtasksnativemodule -L/Users/prathamesh/Library/Developer/Xcode/DerivedData/CCAvenueIndiaSdkReactNativeExample-dmeqaxpselaggkfhomgslbamujbl/Build/Products/Debug-iphoneos/React-networking -L/Users/prathamesh/Library/Developer/Xcode/DerivedData/CCAvenueIndiaSdkReactNativeExample-dmeqaxpselaggkfhomgslbamujbl/Build/Products/Debug-iphoneos/React-oscompat -L/Users/prathamesh/Library/Developer/Xcode/DerivedData/CCAvenueIndiaSdkReactNativeExample-dmeqaxpselaggkfhomgslbamujbl/Build/Products/Debug-iphoneos/React-perflogger -L/Users/prathamesh/Library/Developer/Xcode/DerivedData/CCAvenueIndiaSdkReactNativeExample-dmeqaxpselaggkfhomgslbamujbl/Build/Products/Debug-iphoneos/React-performancecdpmetrics -L/Users/prathamesh/Library/Developer/Xcode/DerivedData/CCAvenueIndiaSdkReactNativeExample-dmeqaxpselaggkfhomgslbamujbl/Build/Products/Debug-iphoneos/React-performancetimeline -L/Users/prathamesh/Library/Developer/Xcode/DerivedData/CCAvenueIndiaSdkReactNativeExample-dmeqaxpselaggkfhomgslbamujbl/Build/Products/Debug-iphoneos/React-rendererconsistency -L/Users/prathamesh/Library/Developer/Xcode/DerivedData/CCAvenueIndiaSdkReactNativeExample-dmeqaxpselaggkfhomgslbamujbl/Build/Products/Debug-iphoneos/React-renderercss -L/Users/prathamesh/Library/Developer/Xcode/DerivedData/CCAvenueIndiaSdkReactNativeExample-dmeqaxpselaggkfhomgslbamujbl/Build/Products/Debug-iphoneos/React-rendererdebug -L/Users/prathamesh/Library/Developer/Xcode/DerivedData/CCAvenueIndiaSdkReactNativeExample-dmeqaxpselaggkfhomgslbamujbl/Build/Products/Debug-iphoneos/React-runtimeexecutor -L/Users/prathamesh/Library/Developer/Xcode/DerivedData/CCAvenueIndiaSdkReactNativeExample-dmeqaxpselaggkfhomgslbamujbl/Build/Products/Debug-iphoneos/React-runtimescheduler -L/Users/prathamesh/Library/Developer/Xcode/DerivedData/CCAvenueIndiaSdkReactNativeExample-dmeqaxpselaggkfhomgslbamujbl/Build/Products/Debug-iphoneos/React-utils -L/Users/prathamesh/Library/Developer/Xcode/DerivedData/CCAvenueIndiaSdkReactNativeExample-dmeqaxpselaggkfhomgslbamujbl/Build/Products/Debug-iphoneos/React-webperformancenativemodule -L/Users/prathamesh/Library/Developer/Xcode/DerivedData/CCAvenueIndiaSdkReactNativeExample-dmeqaxpselaggkfhomgslbamujbl/Build/Products/Debug-iphoneos/ReactAppDependencyProvider -L/Users/prathamesh/Library/Developer/Xcode/DerivedData/CCAvenueIndiaSdkReactNativeExample-dmeqaxpselaggkfhomgslbamujbl/Build/Products/Debug-iphoneos/ReactCodegen -L/Users/prathamesh/Library/Developer/Xcode/DerivedData/CCAvenueIndiaSdkReactNativeExample-dmeqaxpselaggkfhomgslbamujbl/Build/Products/Debug-iphoneos/ReactCommon -L/Users/prathamesh/Library/Developer/Xcode/DerivedData/CCAvenueIndiaSdkReactNativeExample-dmeqaxpselaggkfhomgslbamujbl/Build/Products/Debug-iphoneos/SocketRocket -L/Users/prathamesh/Library/Developer/Xcode/DerivedData/CCAvenueIndiaSdkReactNativeExample-dmeqaxpselaggkfhomgslbamujbl/Build/Products/Debug-iphoneos/Yoga -L/Users/prathamesh/Library/Developer/Xcode/DerivedData/CCAvenueIndiaSdkReactNativeExample-dmeqaxpselaggkfhomgslbamujbl/Build/Products/Debug-iphoneos/ccavenue-india-sdk-react-native -L/Users/prathamesh/Library/Developer/Xcode/DerivedData/CCAvenueIndiaSdkReactNativeExample-dmeqaxpselaggkfhomgslbamujbl/Build/Products/Debug-iphoneos/fmt -L/Users/prathamesh/Library/Developer/Xcode/DerivedData/CCAvenueIndiaSdkReactNativeExample-dmeqaxpselaggkfhomgslbamujbl/Build/Products/Debug-iphoneos/glog -L/Applications/Xcode.app/Contents/Developer/Toolchains/XcodeDefault.xctoolchain/usr/lib/swift/iphoneos -L/Applications/Xcode.app/Contents/Developer/Platforms/iPhoneOS.platform/Developer/SDKs/iPhoneOS26.2.sdk/usr/lib/swift -F/Users/prathamesh/Library/Developer/Xcode/DerivedData/CCAvenueIndiaSdkReactNativeExample-dmeqaxpselaggkfhomgslbamujbl/Build/Products/Debug-iphoneos -F/Users/prathamesh/StudioProjects/ccavenue-india-sdk-react-native/ios -F/Users/prathamesh/StudioProjects/ccavenue-india-sdk-react-native/example/ios/Pods/hermes-engine/destroot/Library/Frameworks/universal -F/Users/prathamesh/Library/Developer/Xcode/DerivedData/CCAvenueIndiaSdkReactNativeExample-dmeqaxpselaggkfhomgslbamujbl/Build/Products/Debug-iphoneos/XCFrameworkIntermediates/ccavenue-india-sdk-react-native -F/Users/prathamesh/Library/Developer/Xcode/DerivedData/CCAvenueIndiaSdkReactNativeExample-dmeqaxpselaggkfhomgslbamujbl/Build/Products/Debug-iphoneos/XCFrameworkIntermediates/hermes-engine/Pre-built -Xlinker -rpath -Xlinker @executable_path -Xlinker -rpath -Xlinker /usr/lib/swift -Xlinker -rpath -Xlinker @executable_path/Frameworks -Xlinker -rpath -Xlinker @loader_path/Frameworks -rdynamic -Xlinker -no_deduplicate -e ___debug_blank_executor_main -Xlinker -sectcreate -Xlinker __TEXT -Xlinker __debug_dylib -Xlinker /Users/prathamesh/Library/Developer/Xcode/DerivedData/CCAvenueIndiaSdkReactNativeExample-dmeqaxpselaggkfhomgslbamujbl/Build/Intermediates.noindex/CcavenueIndiaSdkReactNativeExample.build/Debug-iphoneos/CcavenueIndiaSdkReactNativeExample.build/CcavenueIndiaSdkReactNativeExample-DebugDylibPath-normal-arm64.txt -Xlinker -sectcreate -Xlinker __TEXT -Xlinker __debug_instlnm -Xlinker /Users/prathamesh/Library/Developer/Xcode/DerivedData/CCAvenueIndiaSdkReactNativeExample-dmeqaxpselaggkfhomgslbamujbl/Build/Intermediates.noindex/CcavenueIndiaSdkReactNativeExample.build/Debug-iphoneos/CcavenueIndiaSdkReactNativeExample.build/CcavenueIndiaSdkReactNativeExample-DebugDylibInstallName-normal-arm64.txt -Xlinker -filelist -Xlinker /Users/prathamesh/Library/Developer/Xcode/DerivedData/CCAvenueIndiaSdkReactNativeExample-dmeqaxpselaggkfhomgslbamujbl/Build/Intermediates.noindex/CcavenueIndiaSdkReactNativeExample.build/Debug-iphoneos/CcavenueIndiaSdkReactNativeExample.build/CcavenueIndiaSdkReactNativeExample-ExecutorLinkFileList-normal-arm64.txt /Users/prathamesh/Library/Developer/Xcode/DerivedData/CCAvenueIndiaSdkReactNativeExample-dmeqaxpselaggkfhomgslbamujbl/Build/Products/Debug-iphoneos/CcavenueIndiaSdkReactNativeExample.app/CcavenueIndiaSdkReactNativeExample.debug.dylib -Xlinker -no_adhoc_codesign -o /Users/prathamesh/Library/Developer/Xcode/DerivedData/CCAvenueIndiaSdkReactNativeExample-dmeqaxpselaggkfhomgslbamujbl/Build/Products/Debug-iphoneos/CcavenueIndiaSdkReactNativeExample.app/CcavenueIndiaSdkReactNativeExample

GenerateDSYMFile /Users/prathamesh/Library/Developer/Xcode/DerivedData/CCAvenueIndiaSdkReactNativeExample-dmeqaxpselaggkfhomgslbamujbl/Build/Products/Debug-iphoneos/CcavenueIndiaSdkReactNativeExample.app.dSYM /Users/prathamesh/Library/Developer/Xcode/DerivedData/CCAvenueIndiaSdkReactNativeExample-dmeqaxpselaggkfhomgslbamujbl/Build/Products/Debug-iphoneos/CcavenueIndiaSdkReactNativeExample.app/CcavenueIndiaSdkReactNativeExample (in target 'CcavenueIndiaSdkReactNativeExample' from project 'CcavenueIndiaSdkReactNativeExample')
    cd /Users/prathamesh/StudioProjects/ccavenue-india-sdk-react-native/example/ios
    /Applications/Xcode.app/Contents/Developer/Toolchains/XcodeDefault.xctoolchain/usr/bin/dsymutil -q /Users/prathamesh/Library/Developer/Xcode/DerivedData/CCAvenueIndiaSdkReactNativeExample-dmeqaxpselaggkfhomgslbamujbl/Build/Products/Debug-iphoneos/CcavenueIndiaSdkReactNativeExample.app/CcavenueIndiaSdkReactNativeExample -o /Users/prathamesh/Library/Developer/Xcode/DerivedData/CCAvenueIndiaSdkReactNativeExample-dmeqaxpselaggkfhomgslbamujbl/Build/Products/Debug-iphoneos/CcavenueIndiaSdkReactNativeExample.app.dSYM

PhaseScriptExecution Bundle\ React\ Native\ code\ and\ images /Users/prathamesh/Library/Developer/Xcode/DerivedData/CCAvenueIndiaSdkReactNativeExample-dmeqaxpselaggkfhomgslbamujbl/Build/Intermediates.noindex/CcavenueIndiaSdkReactNativeExample.build/Debug-iphoneos/CcavenueIndiaSdkReactNativeExample.build/Script-00DD1BFF1BD5951E006B06BC.sh (in target 'CcavenueIndiaSdkReactNativeExample' from project 'CcavenueIndiaSdkReactNativeExample')
    cd /Users/prathamesh/StudioProjects/ccavenue-india-sdk-react-native/example/ios
    export ACTION\=build
    export AD_HOC_CODE_SIGNING_ALLOWED\=NO
    export AGGREGATE_TRACKED_DOMAINS\=YES
    export ALLOW_BUILD_REQUEST_OVERRIDES\=NO
    export ALLOW_TARGET_PLATFORM_SPECIALIZATION\=NO
    export ALTERNATE_GROUP\=staff
    export ALTERNATE_MODE\=u+w,go-w,a+rX
    export ALTERNATE_OWNER\=prathamesh
    export ALTERNATIVE_DISTRIBUTION_WEB\=NO
    export ALWAYS_EMBED_SWIFT_STANDARD_LIBRARIES\=YES
    export ALWAYS_SEARCH_USER_PATHS\=NO
    export ALWAYS_USE_SEPARATE_HEADERMAPS\=NO
    export ANDROID_DEPLOYMENT_TARGET\=21.0
    export APPLICATION_EXTENSION_API_ONLY\=NO
    export APPLY_RULES_IN_COPY_FILES\=NO
    export APPLY_RULES_IN_COPY_HEADERS\=NO
    export APP_SHORTCUTS_ENABLE_FLEXIBLE_MATCHING\=YES
    export ARCHS\=arm64
    export ARCHS_STANDARD\=arm64
    export ARCHS_STANDARD_32_64_BIT\=armv7\ arm64
    export ARCHS_STANDARD_32_BIT\=armv7
    export ARCHS_STANDARD_64_BIT\=arm64
    export ARCHS_STANDARD_INCLUDING_64_BIT\=arm64
    export ARCHS_UNIVERSAL_IPHONE_OS\=armv7\ arm64
    export ASSETCATALOG_COMPILER_APPICON_NAME\=AppIcon
    export ASSETCATALOG_FILTER_FOR_DEVICE_MODEL\=iPhone12,1
    export ASSETCATALOG_FILTER_FOR_DEVICE_OS_VERSION\=26.3.1
    export ASSETCATALOG_FILTER_FOR_THINNING_DEVICE_CONFIGURATION\=iPhone12,1
    export AUTOMATICALLY_MERGE_DEPENDENCIES\=NO
    export AUTOMATION_APPLE_EVENTS\=NO
    export AVAILABLE_PLATFORMS\=android\ appletvos\ appletvsimulator\ driverkit\ iphoneos\ iphonesimulator\ macosx\ qnx\ watchos\ watchsimulator\ webassembly\ xros\ xrsimulator
    export AppIdentifierPrefix\=2BKAMVH68R.
    export BUILD_ACTIVE_RESOURCES_ONLY\=YES
    export BUILD_COMPONENTS\=headers\ build
    export BUILD_DIR\=/Users/prathamesh/Library/Developer/Xcode/DerivedData/CCAvenueIndiaSdkReactNativeExample-dmeqaxpselaggkfhomgslbamujbl/Build/Products
    export BUILD_LIBRARY_FOR_DISTRIBUTION\=NO
    export BUILD_ROOT\=/Users/prathamesh/Library/Developer/Xcode/DerivedData/CCAvenueIndiaSdkReactNativeExample-dmeqaxpselaggkfhomgslbamujbl/Build/Products
    export BUILD_STYLE\=
    export BUILD_VARIANTS\=normal
    export BUILT_PRODUCTS_DIR\=/Users/prathamesh/Library/Developer/Xcode/DerivedData/CCAvenueIndiaSdkReactNativeExample-dmeqaxpselaggkfhomgslbamujbl/Build/Products/Debug-iphoneos
    export BUNDLE_CONTENTS_FOLDER_PATH_deep\=Contents/
    export BUNDLE_EXECUTABLE_FOLDER_NAME_deep\=MacOS
    export BUNDLE_EXTENSIONS_FOLDER_PATH\=Extensions
    export BUNDLE_FORMAT\=shallow
    export BUNDLE_FRAMEWORKS_FOLDER_PATH\=Frameworks
    export BUNDLE_PLUGINS_FOLDER_PATH\=PlugIns
    export BUNDLE_PRIVATE_HEADERS_FOLDER_PATH\=PrivateHeaders
    export BUNDLE_PUBLIC_HEADERS_FOLDER_PATH\=Headers
    export CACHE_ROOT\=/var/folders/z3/c0yzqj1x10x401p6sk8hp0zm0000gp/C/com.apple.DeveloperTools/26.2-17C52/Xcode
    export CCHROOT\=/var/folders/z3/c0yzqj1x10x401p6sk8hp0zm0000gp/C/com.apple.DeveloperTools/26.2-17C52/Xcode
    export CHMOD\=/bin/chmod
    export CHOWN\=/usr/sbin/chown
    export CLANG_ANALYZER_LOCALIZABILITY_NONLOCALIZED\=YES
    export CLANG_CACHE_FINE_GRAINED_OUTPUTS\=YES
    export CLANG_CXX_LANGUAGE_STANDARD\=c++20
    export CLANG_CXX_LIBRARY\=libc++
    export CLANG_ENABLE_EXPLICIT_MODULES\=YES
    export CLANG_ENABLE_MODULES\=YES
    export CLANG_ENABLE_OBJC_ARC\=YES
    export CLANG_MODULES_BUILD_SESSION_FILE\=/Users/prathamesh/Library/Developer/Xcode/DerivedData/ModuleCache.noindex/Session.modulevalidation
    export CLANG_WARN_BLOCK_CAPTURE_AUTORELEASING\=YES
    export CLANG_WARN_BOOL_CONVERSION\=YES
    export CLANG_WARN_COMMA\=YES
    export CLANG_WARN_CONSTANT_CONVERSION\=YES
    export CLANG_WARN_DEPRECATED_OBJC_IMPLEMENTATIONS\=YES
    export CLANG_WARN_DIRECT_OBJC_ISA_USAGE\=YES_ERROR
    export CLANG_WARN_EMPTY_BODY\=YES
    export CLANG_WARN_ENUM_CONVERSION\=YES
    export CLANG_WARN_INFINITE_RECURSION\=YES
    export CLANG_WARN_INT_CONVERSION\=YES
    export CLANG_WARN_NON_LITERAL_NULL_CONVERSION\=YES
    export CLANG_WARN_OBJC_IMPLICIT_RETAIN_SELF\=YES
    export CLANG_WARN_OBJC_LITERAL_CONVERSION\=YES
    export CLANG_WARN_OBJC_ROOT_CLASS\=YES_ERROR
    export CLANG_WARN_QUOTED_INCLUDE_IN_FRAMEWORK_HEADER\=NO
    export CLANG_WARN_RANGE_LOOP_ANALYSIS\=YES
    export CLANG_WARN_STRICT_PROTOTYPES\=YES
    export CLANG_WARN_SUSPICIOUS_MOVE\=YES
    export CLANG_WARN_UNREACHABLE_CODE\=YES
    export CLANG_WARN__DUPLICATE_METHOD_MATCH\=YES
    export CLASS_FILE_DIR\=/Users/prathamesh/Library/Developer/Xcode/DerivedData/CCAvenueIndiaSdkReactNativeExample-dmeqaxpselaggkfhomgslbamujbl/Build/Intermediates.noindex/CcavenueIndiaSdkReactNativeExample.build/Debug-iphoneos/CcavenueIndiaSdkReactNativeExample.build/JavaClasses
    export CLEAN_PRECOMPS\=YES
    export CLONE_HEADERS\=NO
    export CODESIGNING_FOLDER_PATH\=/Users/prathamesh/Library/Developer/Xcode/DerivedData/CCAvenueIndiaSdkReactNativeExample-dmeqaxpselaggkfhomgslbamujbl/Build/Products/Debug-iphoneos/CcavenueIndiaSdkReactNativeExample.app
    export CODE_SIGNING_ALLOWED\=YES
    export CODE_SIGNING_REQUIRED\=YES
    export CODE_SIGN_CONTEXT_CLASS\=XCiPhoneOSCodeSignContext
    export CODE_SIGN_IDENTITY\=iPhone\ Developer
    export CODE_SIGN_INJECT_BASE_ENTITLEMENTS\=YES
    export COLOR_DIAGNOSTICS\=NO
    export COMBINE_HIDPI_IMAGES\=NO
    export COMPILATION_CACHE_CAS_PATH\=/Users/prathamesh/Library/Developer/Xcode/DerivedData/CompilationCache.noindex
    export COMPILATION_CACHE_KEEP_CAS_DIRECTORY\=YES
    export COMPILER_INDEX_STORE_ENABLE\=Default
    export COMPOSITE_SDK_DIRS\=/Users/prathamesh/Library/Developer/Xcode/DerivedData/CCAvenueIndiaSdkReactNativeExample-dmeqaxpselaggkfhomgslbamujbl/Build/Intermediates.noindex/CompositeSDKs
    export COMPRESS_PNG_FILES\=YES
    export CONFIGURATION\=Debug
    export CONFIGURATION_BUILD_DIR\=/Users/prathamesh/Library/Developer/Xcode/DerivedData/CCAvenueIndiaSdkReactNativeExample-dmeqaxpselaggkfhomgslbamujbl/Build/Products/Debug-iphoneos
    export CONFIGURATION_TEMP_DIR\=/Users/prathamesh/Library/Developer/Xcode/DerivedData/CCAvenueIndiaSdkReactNativeExample-dmeqaxpselaggkfhomgslbamujbl/Build/Intermediates.noindex/CcavenueIndiaSdkReactNativeExample.build/Debug-iphoneos
    export CONTENTS_FOLDER_PATH\=CcavenueIndiaSdkReactNativeExample.app
    export CONTENTS_FOLDER_PATH_SHALLOW_BUNDLE_NO\=CcavenueIndiaSdkReactNativeExample.app/Contents
    export CONTENTS_FOLDER_PATH_SHALLOW_BUNDLE_YES\=CcavenueIndiaSdkReactNativeExample.app
    export COPYING_PRESERVES_HFS_DATA\=NO
    export COPY_HEADERS_RUN_UNIFDEF\=NO
    export COPY_PHASE_STRIP\=NO
    export CORRESPONDING_SIMULATOR_PLATFORM_DIR\=/Applications/Xcode.app/Contents/Developer/Platforms/iPhoneSimulator.platform
    export CORRESPONDING_SIMULATOR_PLATFORM_NAME\=iphonesimulator
    export CORRESPONDING_SIMULATOR_SDK_DIR\=/Applications/Xcode.app/Contents/Developer/Platforms/iPhoneSimulator.platform/Developer/SDKs/iPhoneSimulator26.2.sdk
    export CORRESPONDING_SIMULATOR_SDK_NAME\=iphonesimulator26.2
    export CP\=/bin/cp
    export CREATE_INFOPLIST_SECTION_IN_BINARY\=NO
    export CURRENT_ARCH\=undefined_arch
    export CURRENT_PROJECT_VERSION\=1
    export CURRENT_VARIANT\=normal
    export DEAD_CODE_STRIPPING\=YES
    export DEBUGGING_SYMBOLS\=YES
    export DEBUG_INFORMATION_FORMAT\=dwarf-with-dsym
    export DEBUG_INFORMATION_VERSION\=compiler-default
    export DEFAULT_COMPILER\=com.apple.compilers.llvm.clang.1_0
    export DEFAULT_DEXT_INSTALL_PATH\=/System/Library/DriverExtensions
    export DEFAULT_KEXT_INSTALL_PATH\=/System/Library/Extensions
    export DEFINES_MODULE\=NO
    export DEPLOYMENT_LOCATION\=NO
    export DEPLOYMENT_POSTPROCESSING\=NO
    export DEPLOYMENT_TARGET_SETTING_NAME\=IPHONEOS_DEPLOYMENT_TARGET
    export DEPLOYMENT_TARGET_SUGGESTED_VALUES\=12.0\ 12.1\ 12.2\ 12.3\ 12.4\ 13.0\ 13.1\ 13.2\ 13.3\ 13.4\ 13.5\ 13.6\ 14.0\ 14.1\ 14.2\ 14.3\ 14.4\ 14.5\ 14.6\ 14.7\ 15.0\ 15.1\ 15.2\ 15.3\ 15.4\ 15.5\ 15.6\ 16.0\ 16.1\ 16.2\ 16.3\ 16.4\ 16.5\ 16.6\ 17.0\ 17.1\ 17.2\ 17.3\ 17.4\ 17.5\ 17.6\ 18.0\ 18.1\ 18.2\ 18.3\ 18.4\ 18.5\ 18.6\ 26.0\ 26.1\ 26.2
    export DERIVED_FILES_DIR\=/Users/prathamesh/Library/Developer/Xcode/DerivedData/CCAvenueIndiaSdkReactNativeExample-dmeqaxpselaggkfhomgslbamujbl/Build/Intermediates.noindex/CcavenueIndiaSdkReactNativeExample.build/Debug-iphoneos/CcavenueIndiaSdkReactNativeExample.build/DerivedSources
    export DERIVED_FILE_DIR\=/Users/prathamesh/Library/Developer/Xcode/DerivedData/CCAvenueIndiaSdkReactNativeExample-dmeqaxpselaggkfhomgslbamujbl/Build/Intermediates.noindex/CcavenueIndiaSdkReactNativeExample.build/Debug-iphoneos/CcavenueIndiaSdkReactNativeExample.build/DerivedSources
    export DERIVED_SOURCES_DIR\=/Users/prathamesh/Library/Developer/Xcode/DerivedData/CCAvenueIndiaSdkReactNativeExample-dmeqaxpselaggkfhomgslbamujbl/Build/Intermediates.noindex/CcavenueIndiaSdkReactNativeExample.build/Debug-iphoneos/CcavenueIndiaSdkReactNativeExample.build/DerivedSources
    export DERIVE_MACCATALYST_PRODUCT_BUNDLE_IDENTIFIER\=NO
    export DEVELOPER_APPLICATIONS_DIR\=/Applications/Xcode.app/Contents/Developer/Applications
    export DEVELOPER_BIN_DIR\=/Applications/Xcode.app/Contents/Developer/usr/bin
    export DEVELOPER_DIR\=/Applications/Xcode.app/Contents/Developer
    export DEVELOPER_FRAMEWORKS_DIR\=/Applications/Xcode.app/Contents/Developer/Library/Frameworks
    export DEVELOPER_FRAMEWORKS_DIR_QUOTED\=/Applications/Xcode.app/Contents/Developer/Library/Frameworks
    export DEVELOPER_LIBRARY_DIR\=/Applications/Xcode.app/Contents/Developer/Library
    export DEVELOPER_SDK_DIR\=/Applications/Xcode.app/Contents/Developer/Platforms/MacOSX.platform/Developer/SDKs
    export DEVELOPER_TOOLS_DIR\=/Applications/Xcode.app/Contents/Developer/Tools
    export DEVELOPER_USR_DIR\=/Applications/Xcode.app/Contents/Developer/usr
    export DEVELOPMENT_LANGUAGE\=en
    export DEVELOPMENT_TEAM\=2BKAMVH68R
    export DIAGNOSE_MISSING_TARGET_DEPENDENCIES\=YES
    export DIFF\=/usr/bin/diff
    export DOCUMENTATION_FOLDER_PATH\=CcavenueIndiaSdkReactNativeExample.app/en.lproj/Documentation
    export DONT_GENERATE_INFOPLIST_FILE\=NO
    export DSTROOT\=/tmp/CcavenueIndiaSdkReactNativeExample.dst
    export DT_TOOLCHAIN_DIR\=/Applications/Xcode.app/Contents/Developer/Toolchains/XcodeDefault.xctoolchain
    export DWARF_DSYM_FILE_NAME\=CcavenueIndiaSdkReactNativeExample.app.dSYM
    export DWARF_DSYM_FILE_SHOULD_ACCOMPANY_PRODUCT\=NO
    export DWARF_DSYM_FOLDER_PATH\=/Users/prathamesh/Library/Developer/Xcode/DerivedData/CCAvenueIndiaSdkReactNativeExample-dmeqaxpselaggkfhomgslbamujbl/Build/Products/Debug-iphoneos
    export DYNAMIC_LIBRARY_EXTENSION\=dylib
    export EAGER_COMPILATION_ALLOW_SCRIPTS\=NO
    export EAGER_LINKING\=NO
    export EFFECTIVE_PLATFORM_NAME\=-iphoneos
    export EMBEDDED_CONTENT_CONTAINS_SWIFT\=NO
    export EMBEDDED_PROFILE_NAME\=embedded.mobileprovision
    export EMBED_ASSET_PACKS_IN_PRODUCT_BUNDLE\=NO
    export ENABLE_APP_SANDBOX\=NO
    export ENABLE_BITCODE\=NO
    export ENABLE_CODE_COVERAGE\=YES
    export ENABLE_CPLUSPLUS_BOUNDS_SAFE_BUFFERS\=NO
    export ENABLE_C_BOUNDS_SAFETY\=NO
    export ENABLE_DEBUG_DYLIB\=YES
    export ENABLE_DEFAULT_HEADER_SEARCH_PATHS\=YES
    export ENABLE_DEFAULT_SEARCH_PATHS\=YES
    export ENABLE_ENHANCED_SECURITY\=NO
    export ENABLE_HARDENED_RUNTIME\=NO
    export ENABLE_HEADER_DEPENDENCIES\=YES
    export ENABLE_INCOMING_NETWORK_CONNECTIONS\=NO
    export ENABLE_ON_DEMAND_RESOURCES\=YES
    export ENABLE_OUTGOING_NETWORK_CONNECTIONS\=NO
    export ENABLE_POINTER_AUTHENTICATION\=NO
    export ENABLE_PREVIEWS\=NO
    export ENABLE_RESOURCE_ACCESS_AUDIO_INPUT\=NO
    export ENABLE_RESOURCE_ACCESS_BLUETOOTH\=NO
    export ENABLE_RESOURCE_ACCESS_CALENDARS\=NO
    export ENABLE_RESOURCE_ACCESS_CAMERA\=NO
    export ENABLE_RESOURCE_ACCESS_CONTACTS\=NO
    export ENABLE_RESOURCE_ACCESS_LOCATION\=NO
    export ENABLE_RESOURCE_ACCESS_PHOTO_LIBRARY\=NO
    export ENABLE_RESOURCE_ACCESS_PRINTING\=NO
    export ENABLE_RESOURCE_ACCESS_USB\=NO
    export ENABLE_SDK_IMPORTS\=NO
    export ENABLE_SECURITY_COMPILER_WARNINGS\=NO
    export ENABLE_STRICT_OBJC_MSGSEND\=YES
    export ENABLE_TESTABILITY\=YES
    export ENABLE_TESTING_SEARCH_PATHS\=NO
    export ENABLE_USER_SCRIPT_SANDBOXING\=NO
    export ENABLE_XOJIT_PREVIEWS\=YES
    export ENFORCE_VALID_ARCHS\=YES
    export ENTITLEMENTS_ALLOWED\=YES
    export ENTITLEMENTS_DESTINATION\=Signature
    export ENTITLEMENTS_REQUIRED\=NO
    export EXCLUDED_INSTALLSRC_SUBDIRECTORY_PATTERNS\=.DS_Store\ .svn\ .git\ .hg\ CVS
    export EXCLUDED_RECURSIVE_SEARCH_PATH_SUBDIRECTORIES\=\*.nib\ \*.lproj\ \*.framework\ \*.gch\ \*.xcode\*\ \*.xcassets\ \*.icon\ \(\*\)\ .DS_Store\ CVS\ .svn\ .git\ .hg\ \*.pbproj\ \*.pbxproj
    export EXECUTABLES_FOLDER_PATH\=CcavenueIndiaSdkReactNativeExample.app/Executables
    export EXECUTABLE_BLANK_INJECTION_DYLIB_PATH\=CcavenueIndiaSdkReactNativeExample.app/__preview.dylib
    export EXECUTABLE_DEBUG_DYLIB_INSTALL_NAME\=@rpath/CcavenueIndiaSdkReactNativeExample.debug.dylib
    export EXECUTABLE_DEBUG_DYLIB_PATH\=CcavenueIndiaSdkReactNativeExample.app/CcavenueIndiaSdkReactNativeExample.debug.dylib
    export EXECUTABLE_FOLDER_PATH\=CcavenueIndiaSdkReactNativeExample.app
    export EXECUTABLE_FOLDER_PATH_SHALLOW_BUNDLE_NO\=CcavenueIndiaSdkReactNativeExample.app/MacOS
    export EXECUTABLE_FOLDER_PATH_SHALLOW_BUNDLE_YES\=CcavenueIndiaSdkReactNativeExample.app
    export EXECUTABLE_NAME\=CcavenueIndiaSdkReactNativeExample
    export EXECUTABLE_PATH\=CcavenueIndiaSdkReactNativeExample.app/CcavenueIndiaSdkReactNativeExample
    export EXPANDED_CODE_SIGN_IDENTITY\=3F5BE4CF5F9EE698FF8CAB4FC0DE8B47E88AABFE
    export EXPANDED_CODE_SIGN_IDENTITY_NAME\=Apple\ Development:\ Prathamesh\ Saraf\ \(2V26QZJ426\)
    export EXPANDED_PROVISIONING_PROFILE\=63914ca4-dbb2-4ea9-b2a7-ccf20a8e1787
    export EXTENSIONS_FOLDER_PATH\=CcavenueIndiaSdkReactNativeExample.app/Extensions
    export FILE_LIST\=/Users/prathamesh/Library/Developer/Xcode/DerivedData/CCAvenueIndiaSdkReactNativeExample-dmeqaxpselaggkfhomgslbamujbl/Build/Intermediates.noindex/CcavenueIndiaSdkReactNativeExample.build/Debug-iphoneos/CcavenueIndiaSdkReactNativeExample.build/Objects/LinkFileList
    export FIXED_FILES_DIR\=/Users/prathamesh/Library/Developer/Xcode/DerivedData/CCAvenueIndiaSdkReactNativeExample-dmeqaxpselaggkfhomgslbamujbl/Build/Intermediates.noindex/CcavenueIndiaSdkReactNativeExample.build/Debug-iphoneos/CcavenueIndiaSdkReactNativeExample.build/FixedFiles
    export FRAMEWORKS_FOLDER_PATH\=CcavenueIndiaSdkReactNativeExample.app/Frameworks
    export FRAMEWORK_FLAG_PREFIX\=-framework
    export FRAMEWORK_SEARCH_PATHS\=/Users/prathamesh/Library/Developer/Xcode/DerivedData/CCAvenueIndiaSdkReactNativeExample-dmeqaxpselaggkfhomgslbamujbl/Build/Products/Debug-iphoneos\ \ \"/Users/prathamesh/StudioProjects/ccavenue-india-sdk-react-native/example/ios/Pods/../../../ios\"\ \"/Users/prathamesh/StudioProjects/ccavenue-india-sdk-react-native/example/ios/Pods/hermes-engine/destroot/Library/Frameworks/universal\"\ \"/Users/prathamesh/Library/Developer/Xcode/DerivedData/CCAvenueIndiaSdkReactNativeExample-dmeqaxpselaggkfhomgslbamujbl/Build/Products/Debug-iphoneos/XCFrameworkIntermediates/ccavenue-india-sdk-react-native\"\ \"/Users/prathamesh/Library/Developer/Xcode/DerivedData/CCAvenueIndiaSdkReactNativeExample-dmeqaxpselaggkfhomgslbamujbl/Build/Products/Debug-iphoneos/XCFrameworkIntermediates/hermes-engine/Pre-built\"
    export FRAMEWORK_VERSION\=A
    export FULL_PRODUCT_NAME\=CcavenueIndiaSdkReactNativeExample.app
    export FUSE_BUILD_PHASES\=YES
    export FUSE_BUILD_SCRIPT_PHASES\=NO
    export GCC3_VERSION\=3.3
    export GCC_C_LANGUAGE_STANDARD\=gnu99
    export GCC_DYNAMIC_NO_PIC\=NO
    export GCC_INLINES_ARE_PRIVATE_EXTERN\=YES
    export GCC_NO_COMMON_BLOCKS\=YES
    export GCC_OPTIMIZATION_LEVEL\=0
    export GCC_PFE_FILE_C_DIALECTS\=c\ objective-c\ c++\ objective-c++
    export GCC_PREPROCESSOR_DEFINITIONS\=DEBUG\=1\ \ COCOAPODS\=1
    export GCC_SYMBOLS_PRIVATE_EXTERN\=NO
    export GCC_THUMB_SUPPORT\=YES
    export GCC_TREAT_WARNINGS_AS_ERRORS\=NO
    export GCC_VERSION\=com.apple.compilers.llvm.clang.1_0
    export GCC_VERSION_IDENTIFIER\=com_apple_compilers_llvm_clang_1_0
    export GCC_WARN_64_TO_32_BIT_CONVERSION\=YES
    export GCC_WARN_ABOUT_RETURN_TYPE\=YES_ERROR
    export GCC_WARN_UNDECLARED_SELECTOR\=YES
    export GCC_WARN_UNINITIALIZED_AUTOS\=YES_AGGRESSIVE
    export GCC_WARN_UNUSED_FUNCTION\=YES
    export GCC_WARN_UNUSED_VARIABLE\=YES
    export GENERATED_MODULEMAP_DIR\=/Users/prathamesh/Library/Developer/Xcode/DerivedData/CCAvenueIndiaSdkReactNativeExample-dmeqaxpselaggkfhomgslbamujbl/Build/Intermediates.noindex/GeneratedModuleMaps-iphoneos
    export GENERATE_INFOPLIST_FILE\=NO
    export GENERATE_INTERMEDIATE_TEXT_BASED_STUBS\=YES
    export GENERATE_PKGINFO_FILE\=YES
    export GENERATE_PRELINK_OBJECT_FILE\=NO
    export GENERATE_PROFILING_CODE\=NO
    export GENERATE_TEXT_BASED_STUBS\=NO
    export GID\=20
    export GROUP\=staff
    export HEADERMAP_INCLUDES_FLAT_ENTRIES_FOR_TARGET_BEING_BUILT\=YES
    export HEADERMAP_INCLUDES_FRAMEWORK_ENTRIES_FOR_ALL_PRODUCT_TYPES\=YES
    export HEADERMAP_INCLUDES_FRAMEWORK_ENTRIES_FOR_TARGETS_NOT_BEING_BUILT\=YES
    export HEADERMAP_INCLUDES_NONPUBLIC_NONPRIVATE_HEADERS\=YES
    export HEADERMAP_INCLUDES_PROJECT_HEADERS\=YES
    export HEADERMAP_USES_FRAMEWORK_PREFIX_ENTRIES\=YES
    export HEADERMAP_USES_VFS\=NO
    export HEADER_SEARCH_PATHS\=/Users/prathamesh/Library/Developer/Xcode/DerivedData/CCAvenueIndiaSdkReactNativeExample-dmeqaxpselaggkfhomgslbamujbl/Build/Products/Debug-iphoneos/include\ \ \"/Users/prathamesh/StudioProjects/ccavenue-india-sdk-react-native/example/ios/Pods/Headers/Public\"\ \"/Users/prathamesh/StudioProjects/ccavenue-india-sdk-react-native/example/ios/Pods/Headers/Public/DoubleConversion\"\ \"/Users/prathamesh/StudioProjects/ccavenue-india-sdk-react-native/example/ios/Pods/Headers/Public/FBLazyVector\"\ \"/Users/prathamesh/StudioProjects/ccavenue-india-sdk-react-native/example/ios/Pods/Headers/Public/RCT-Folly\"\ \"/Users/prathamesh/StudioProjects/ccavenue-india-sdk-react-native/example/ios/Pods/Headers/Public/RCTDeprecation\"\ \"/Users/prathamesh/StudioProjects/ccavenue-india-sdk-react-native/example/ios/Pods/Headers/Public/RCTRequired\"\ \"/Users/prathamesh/StudioProjects/ccavenue-india-sdk-react-native/example/ios/Pods/Headers/Public/RCTSwiftUIWrapper\"\ \"/Users/prathamesh/StudioProjects/ccavenue-india-sdk-react-native/example/ios/Pods/Headers/Public/RCTTypeSafety\"\ \"/Users/prathamesh/StudioProjects/ccavenue-india-sdk-react-native/example/ios/Pods/Headers/Public/React-Core\"\ \"/Users/prathamesh/StudioProjects/ccavenue-india-sdk-react-native/example/ios/Pods/Headers/Public/React-Fabric\"\ \"/Users/prathamesh/StudioProjects/ccavenue-india-sdk-react-native/example/ios/Pods/Headers/Public/React-FabricComponents\"\ \"/Users/prathamesh/StudioProjects/ccavenue-india-sdk-react-native/example/ios/Pods/Headers/Public/React-FabricImage\"\ \"/Users/prathamesh/StudioProjects/ccavenue-india-sdk-react-native/example/ios/Pods/Headers/Public/React-ImageManager\"\ \"/Users/prathamesh/StudioProjects/ccavenue-india-sdk-react-native/example/ios/Pods/Headers/Public/React-Mapbuffer\"\ \"/Users/prathamesh/StudioProjects/ccavenue-india-sdk-react-native/example/ios/Pods/Headers/Public/React-NativeModulesApple\"\ \"/Users/prathamesh/StudioProjects/ccavenue-india-sdk-react-native/example/ios/Pods/Headers/Public/React-RCTAnimation\"\ \"/Users/prathamesh/StudioProjects/ccavenue-india-sdk-react-native/example/ios/Pods/Headers/Public/React-RCTAppDelegate\"\ \"/Users/prathamesh/StudioProjects/ccavenue-india-sdk-react-native/example/ios/Pods/Headers/Public/React-RCTBlob\"\ \"/Users/prathamesh/StudioProjects/ccavenue-india-sdk-react-native/example/ios/Pods/Headers/Public/React-RCTFBReactNativeSpec\"\ \"/Users/prathamesh/StudioProjects/ccavenue-india-sdk-react-native/example/ios/Pods/Headers/Public/React-RCTFabric\"\ \"/Users/prathamesh/StudioProjects/ccavenue-india-sdk-react-native/example/ios/Pods/Headers/Public/React-RCTRuntime\"\ \"/Users/prathamesh/StudioProjects/ccavenue-india-sdk-react-native/example/ios/Pods/Headers/Public/React-RCTText\"\ \"/Users/prathamesh/StudioProjects/ccavenue-india-sdk-react-native/example/ios/Pods/Headers/Public/React-RuntimeApple\"\ \"/Users/prathamesh/StudioProjects/ccavenue-india-sdk-react-native/example/ios/Pods/Headers/Public/React-RuntimeCore\"\ \"/Users/prathamesh/StudioProjects/ccavenue-india-sdk-react-native/example/ios/Pods/Headers/Public/React-RuntimeHermes\"\ \"/Users/prathamesh/StudioProjects/ccavenue-india-sdk-react-native/example/ios/Pods/Headers/Public/React-callinvoker\"\ \"/Users/prathamesh/StudioProjects/ccavenue-india-sdk-react-native/example/ios/Pods/Headers/Public/React-cxxreact\"\ \"/Users/prathamesh/StudioProjects/ccavenue-india-sdk-react-native/example/ios/Pods/Headers/Public/React-debug\"\ \"/Users/prathamesh/StudioProjects/ccavenue-india-sdk-react-native/example/ios/Pods/Headers/Public/React-defaultsnativemodule\"\ \"/Users/prathamesh/StudioProjects/ccavenue-india-sdk-react-native/example/ios/Pods/Headers/Public/React-domnativemodule\"\ \"/Users/prathamesh/StudioProjects/ccavenue-india-sdk-react-native/example/ios/Pods/Headers/Public/React-featureflags\"\ \"/Users/prathamesh/StudioProjects/ccavenue-india-sdk-react-native/example/ios/Pods/Headers/Public/React-featureflagsnativemodule\"\ \"/Users/prathamesh/StudioProjects/ccavenue-india-sdk-react-native/example/ios/Pods/Headers/Public/React-graphics\"\ \"/Users/prathamesh/StudioProjects/ccavenue-india-sdk-react-native/example/ios/Pods/Headers/Public/React-hermes\"\ \"/Users/prathamesh/StudioProjects/ccavenue-india-sdk-react-native/example/ios/Pods/Headers/Public/React-idlecallbacksnativemodule\"\ \"/Users/prathamesh/StudioProjects/ccavenue-india-sdk-react-native/example/ios/Pods/Headers/Public/React-intersectionobservernativemodule\"\ \"/Users/prathamesh/StudioProjects/ccavenue-india-sdk-react-native/example/ios/Pods/Headers/Public/React-jserrorhandler\"\ \"/Users/prathamesh/StudioProjects/ccavenue-india-sdk-react-native/example/ios/Pods/Headers/Public/React-jsi\"\ \"/Users/prathamesh/StudioProjects/ccavenue-india-sdk-react-native/example/ios/Pods/Headers/Public/React-jsiexecutor\"\ \"/Users/prathamesh/StudioProjects/ccavenue-india-sdk-react-native/example/ios/Pods/Headers/Public/React-jsinspector\"\ \"/Users/prathamesh/StudioProjects/ccavenue-india-sdk-react-native/example/ios/Pods/Headers/Public/React-jsinspectorcdp\"\ \"/Users/prathamesh/StudioProjects/ccavenue-india-sdk-react-native/example/ios/Pods/Headers/Public/React-jsinspectornetwork\"\ \"/Users/prathamesh/StudioProjects/ccavenue-india-sdk-react-native/example/ios/Pods/Headers/Public/React-jsinspectortracing\"\ \"/Users/prathamesh/StudioProjects/ccavenue-india-sdk-react-native/example/ios/Pods/Headers/Public/React-jsitooling\"\ \"/Users/prathamesh/StudioProjects/ccavenue-india-sdk-react-native/example/ios/Pods/Headers/Public/React-logger\"\ \"/Users/prathamesh/StudioProjects/ccavenue-india-sdk-react-native/example/ios/Pods/Headers/Public/React-microtasksnativemodule\"\ \"/Users/prathamesh/StudioProjects/ccavenue-india-sdk-react-native/example/ios/Pods/Headers/Public/React-networking\"\ \"/Users/prathamesh/StudioProjects/ccavenue-india-sdk-react-native/example/ios/Pods/Headers/Public/React-oscompat\"\ \"/Users/prathamesh/StudioProjects/ccavenue-india-sdk-react-native/example/ios/Pods/Headers/Public/React-perflogger\"\ \"/Users/prathamesh/StudioProjects/ccavenue-india-sdk-react-native/example/ios/Pods/Headers/Public/React-performancecdpmetrics\"\ \"/Users/prathamesh/StudioProjects/ccavenue-india-sdk-react-native/example/ios/Pods/Headers/Public/React-performancetimeline\"\ \"/Users/prathamesh/StudioProjects/ccavenue-india-sdk-react-native/example/ios/Pods/Headers/Public/React-rendererconsistency\"\ \"/Users/prathamesh/StudioProjects/ccavenue-india-sdk-react-native/example/ios/Pods/Headers/Public/React-renderercss\"\ \"/Users/prathamesh/StudioProjects/ccavenue-india-sdk-react-native/example/ios/Pods/Headers/Public/React-rendererdebug\"\ \"/Users/prathamesh/StudioProjects/ccavenue-india-sdk-react-native/example/ios/Pods/Headers/Public/React-runtimeexecutor\"\ \"/Users/prathamesh/StudioProjects/ccavenue-india-sdk-react-native/example/ios/Pods/Headers/Public/React-runtimescheduler\"\ \"/Users/prathamesh/StudioProjects/ccavenue-india-sdk-react-native/example/ios/Pods/Headers/Public/React-timing\"\ \"/Users/prathamesh/StudioProjects/ccavenue-india-sdk-react-native/example/ios/Pods/Headers/Public/React-utils\"\ \"/Users/prathamesh/StudioProjects/ccavenue-india-sdk-react-native/example/ios/Pods/Headers/Public/React-webperformancenativemodule\"\ \"/Users/prathamesh/StudioProjects/ccavenue-india-sdk-react-native/example/ios/Pods/Headers/Public/ReactAppDependencyProvider\"\ \"/Users/prathamesh/StudioProjects/ccavenue-india-sdk-react-native/example/ios/Pods/Headers/Public/ReactCodegen\"\ \"/Users/prathamesh/StudioProjects/ccavenue-india-sdk-react-native/example/ios/Pods/Headers/Public/ReactCommon\"\ \"/Users/prathamesh/StudioProjects/ccavenue-india-sdk-react-native/example/ios/Pods/Headers/Public/SocketRocket\"\ \"/Users/prathamesh/StudioProjects/ccavenue-india-sdk-react-native/example/ios/Pods/Headers/Public/Yoga\"\ \"/Users/prathamesh/StudioProjects/ccavenue-india-sdk-react-native/example/ios/Pods/Headers/Public/boost\"\ \"/Users/prathamesh/StudioProjects/ccavenue-india-sdk-react-native/example/ios/Pods/Headers/Public/fast_float\"\ \"/Users/prathamesh/StudioProjects/ccavenue-india-sdk-react-native/example/ios/Pods/Headers/Public/fmt\"\ \"/Users/prathamesh/StudioProjects/ccavenue-india-sdk-react-native/example/ios/Pods/Headers/Public/glog\"\ \"/Users/prathamesh/StudioProjects/ccavenue-india-sdk-react-native/example/ios/Pods/Headers/Public/hermes-engine\"\ \"/Users/prathamesh/StudioProjects/ccavenue-india-sdk-react-native/example/ios/Pods/DoubleConversion\"\ \"/Users/prathamesh/StudioProjects/ccavenue-india-sdk-react-native/example/ios/Pods/boost\"\ \"/Users/prathamesh/StudioProjects/ccavenue-india-sdk-react-native/example/ios/Pods/Headers/Private/React-Core\"\ \"/Users/prathamesh/StudioProjects/ccavenue-india-sdk-react-native/example/ios/Pods/Headers/Private/React-Core\"\ \"/Users/prathamesh/StudioProjects/ccavenue-india-sdk-react-native/example/ios/Pods/Headers/Private/Yoga\"
    export HERMES_CLI_PATH\=/Users/prathamesh/StudioProjects/ccavenue-india-sdk-react-native/example/node_modules/hermes-compiler/hermesc/osx-bin/hermesc
    export HOME\=/Users/prathamesh
    export HOST_ARCH\=arm64
    export HOST_PLATFORM\=macosx
    export ICONV\=/usr/bin/iconv
    export IMPLICIT_DEPENDENCY_DOMAIN\=default
    export INFOPLIST_ENABLE_CFBUNDLEICONS_MERGE\=YES
    export INFOPLIST_EXPAND_BUILD_SETTINGS\=YES
    export INFOPLIST_FILE\=CcavenueIndiaSdkReactNativeExample/Info.plist
    export INFOPLIST_OUTPUT_FORMAT\=binary
    export INFOPLIST_PATH\=CcavenueIndiaSdkReactNativeExample.app/Info.plist
    export INFOPLIST_PREPROCESS\=NO
    export INFOSTRINGS_PATH\=CcavenueIndiaSdkReactNativeExample.app/en.lproj/InfoPlist.strings
    export INLINE_PRIVATE_FRAMEWORKS\=NO
    export INSTALLAPI_IGNORE_SKIP_INSTALL\=YES
    export INSTALLHDRS_COPY_PHASE\=NO
    export INSTALLHDRS_SCRIPT_PHASE\=NO
    export INSTALL_DIR\=/tmp/CcavenueIndiaSdkReactNativeExample.dst/Applications
    export INSTALL_GROUP\=staff
    export INSTALL_MODE_FLAG\=u+w,go-w,a+rX
    export INSTALL_OWNER\=prathamesh
    export INSTALL_PATH\=/Applications
    export INSTALL_ROOT\=/tmp/CcavenueIndiaSdkReactNativeExample.dst
    export IPHONEOS_DEPLOYMENT_TARGET\=15.1
    export IS_UNOPTIMIZED_BUILD\=YES
    export JAVAC_DEFAULT_FLAGS\=-J-Xms64m\ -J-XX:NewSize\=4M\ -J-Dfile.encoding\=UTF8
    export JAVA_APP_STUB\=/System/Library/Frameworks/JavaVM.framework/Resources/MacOS/JavaApplicationStub
    export JAVA_ARCHIVE_CLASSES\=YES
    export JAVA_ARCHIVE_TYPE\=JAR
    export JAVA_COMPILER\=/usr/bin/javac
    export JAVA_FOLDER_PATH\=CcavenueIndiaSdkReactNativeExample.app/Java
    export JAVA_FRAMEWORK_RESOURCES_DIRS\=Resources
    export JAVA_JAR_FLAGS\=cv
    export JAVA_SOURCE_SUBDIR\=.
    export JAVA_USE_DEPENDENCIES\=YES
    export JAVA_ZIP_FLAGS\=-urg
    export JIKES_DEFAULT_FLAGS\=+E\ +OLDCSO
    export KASAN_CFLAGS_CLASSIC\=-DKASAN\=1\ -DKASAN_CLASSIC\=1\ -fsanitize\=address\ -mllvm\ -asan-globals-live-support\ -mllvm\ -asan-force-dynamic-shadow
    export KASAN_CFLAGS_TBI\=-DKASAN\=1\ -DKASAN_TBI\=1\ -fsanitize\=kernel-hwaddress\ -mllvm\ -hwasan-recover\=0\ -mllvm\ -hwasan-instrument-atomics\=0\ -mllvm\ -hwasan-instrument-stack\=1\ -mllvm\ -hwasan-generate-tags-with-calls\=1\ -mllvm\ -hwasan-instrument-with-calls\=1\ -mllvm\ -hwasan-use-short-granules\=0\ -mllvm\ -hwasan-memory-access-callback-prefix\=__asan_
    export KASAN_DEFAULT_CFLAGS\=-DKASAN\=1\ -DKASAN_CLASSIC\=1\ -fsanitize\=address\ -mllvm\ -asan-globals-live-support\ -mllvm\ -asan-force-dynamic-shadow
    export KEEP_PRIVATE_EXTERNS\=NO
    export LD_DEPENDENCY_INFO_FILE\=/Users/prathamesh/Library/Developer/Xcode/DerivedData/CCAvenueIndiaSdkReactNativeExample-dmeqaxpselaggkfhomgslbamujbl/Build/Intermediates.noindex/CcavenueIndiaSdkReactNativeExample.build/Debug-iphoneos/CcavenueIndiaSdkReactNativeExample.build/Objects-normal/undefined_arch/CcavenueIndiaSdkReactNativeExample_dependency_info.dat
    export LD_EXPORT_SYMBOLS\=YES
    export LD_GENERATE_MAP_FILE\=NO
    export LD_MAP_FILE_PATH\=/Users/prathamesh/Library/Developer/Xcode/DerivedData/CCAvenueIndiaSdkReactNativeExample-dmeqaxpselaggkfhomgslbamujbl/Build/Intermediates.noindex/CcavenueIndiaSdkReactNativeExample.build/Debug-iphoneos/CcavenueIndiaSdkReactNativeExample.build/CcavenueIndiaSdkReactNativeExample-LinkMap-normal-undefined_arch.txt
    export LD_NO_PIE\=NO
    export LD_QUOTE_LINKER_ARGUMENTS_FOR_COMPILER_DRIVER\=YES
    export LD_RUNPATH_SEARCH_PATHS\=/usr/lib/swift\ \ /usr/lib/swift\ \'@executable_path/Frameworks\'\ \'@loader_path/Frameworks\'\ @executable_path/Frameworks
    export LD_RUNPATH_SEARCH_PATHS_YES\=@loader_path/../Frameworks
    export LD_SHARED_CACHE_ELIGIBLE\=Automatic
    export LD_WARN_DUPLICATE_LIBRARIES\=NO
    export LD_WARN_UNUSED_DYLIBS\=NO
    export LEGACY_DEVELOPER_DIR\=/Applications/Xcode.app/Contents/PlugIns/Xcode3Core.ideplugin/Contents/SharedSupport/Developer
    export LEX\=lex
    export LIBRARY_DEXT_INSTALL_PATH\=/Library/DriverExtensions
    export LIBRARY_FLAG_NOSPACE\=YES
    export LIBRARY_FLAG_PREFIX\=-l
    export LIBRARY_KEXT_INSTALL_PATH\=/Library/Extensions
    export LIBRARY_SEARCH_PATHS\=/Users/prathamesh/Library/Developer/Xcode/DerivedData/CCAvenueIndiaSdkReactNativeExample-dmeqaxpselaggkfhomgslbamujbl/Build/Products/Debug-iphoneos\ /Applications/Xcode.app/Contents/Developer/Platforms/iPhoneOS.platform/Developer/SDKs/iPhoneOS26.2.sdk/usr/lib/swift\ /Applications/Xcode.app/Contents/Developer/Toolchains/XcodeDefault.xctoolchain/usr/lib/swift/iphoneos\ /Users/prathamesh/Library/Developer/Xcode/DerivedData/CCAvenueIndiaSdkReactNativeExample-dmeqaxpselaggkfhomgslbamujbl/Build/Products/Debug-iphoneos/DoubleConversion\ /Users/prathamesh/Library/Developer/Xcode/DerivedData/CCAvenueIndiaSdkReactNativeExample-dmeqaxpselaggkfhomgslbamujbl/Build/Products/Debug-iphoneos/RCT-Folly\ /Users/prathamesh/Library/Developer/Xcode/DerivedData/CCAvenueIndiaSdkReactNativeExample-dmeqaxpselaggkfhomgslbamujbl/Build/Products/Debug-iphoneos/RCTDeprecation\ /Users/prathamesh/Library/Developer/Xcode/DerivedData/CCAvenueIndiaSdkReactNativeExample-dmeqaxpselaggkfhomgslbamujbl/Build/Products/Debug-iphoneos/RCTSwiftUI\ /Users/prathamesh/Library/Developer/Xcode/DerivedData/CCAvenueIndiaSdkReactNativeExample-dmeqaxpselaggkfhomgslbamujbl/Build/Products/Debug-iphoneos/RCTSwiftUIWrapper\ /Users/prathamesh/Library/Developer/Xcode/DerivedData/CCAvenueIndiaSdkReactNativeExample-dmeqaxpselaggkfhomgslbamujbl/Build/Products/Debug-iphoneos/RCTTypeSafety\ /Users/prathamesh/Library/Developer/Xcode/DerivedData/CCAvenueIndiaSdkReactNativeExample-dmeqaxpselaggkfhomgslbamujbl/Build/Products/Debug-iphoneos/React-Core\ /Users/prathamesh/Library/Developer/Xcode/DerivedData/CCAvenueIndiaSdkReactNativeExample-dmeqaxpselaggkfhomgslbamujbl/Build/Products/Debug-iphoneos/React-CoreModules\ /Users/prathamesh/Library/Developer/Xcode/DerivedData/CCAvenueIndiaSdkReactNativeExample-dmeqaxpselaggkfhomgslbamujbl/Build/Products/Debug-iphoneos/React-Fabric\ /Users/prathamesh/Library/Developer/Xcode/DerivedData/CCAvenueIndiaSdkReactNativeExample-dmeqaxpselaggkfhomgslbamujbl/Build/Products/Debug-iphoneos/React-FabricComponents\ /Users/prathamesh/Library/Developer/Xcode/DerivedData/CCAvenueIndiaSdkReactNativeExample-dmeqaxpselaggkfhomgslbamujbl/Build/Products/Debug-iphoneos/React-FabricImage\ /Users/prathamesh/Library/Developer/Xcode/DerivedData/CCAvenueIndiaSdkReactNativeExample-dmeqaxpselaggkfhomgslbamujbl/Build/Products/Debug-iphoneos/React-ImageManager\ /Users/prathamesh/Library/Developer/Xcode/DerivedData/CCAvenueIndiaSdkReactNativeExample-dmeqaxpselaggkfhomgslbamujbl/Build/Products/Debug-iphoneos/React-Mapbuffer\ /Users/prathamesh/Library/Developer/Xcode/DerivedData/CCAvenueIndiaSdkReactNativeExample-dmeqaxpselaggkfhomgslbamujbl/Build/Products/Debug-iphoneos/React-NativeModulesApple\ /Users/prathamesh/Library/Developer/Xcode/DerivedData/CCAvenueIndiaSdkReactNativeExample-dmeqaxpselaggkfhomgslbamujbl/Build/Products/Debug-iphoneos/React-RCTAnimation\ /Users/prathamesh/Library/Developer/Xcode/DerivedData/CCAvenueIndiaSdkReactNativeExample-dmeqaxpselaggkfhomgslbamujbl/Build/Products/Debug-iphoneos/React-RCTAppDelegate\ /Users/prathamesh/Library/Developer/Xcode/DerivedData/CCAvenueIndiaSdkReactNativeExample-dmeqaxpselaggkfhomgslbamujbl/Build/Products/Debug-iphoneos/React-RCTBlob\ /Users/prathamesh/Library/Developer/Xcode/DerivedData/CCAvenueIndiaSdkReactNativeExample-dmeqaxpselaggkfhomgslbamujbl/Build/Products/Debug-iphoneos/React-RCTFBReactNativeSpec\ /Users/prathamesh/Library/Developer/Xcode/DerivedData/CCAvenueIndiaSdkReactNativeExample-dmeqaxpselaggkfhomgslbamujbl/Build/Products/Debug-iphoneos/React-RCTFabric\ /Users/prathamesh/Library/Developer/Xcode/DerivedData/CCAvenueIndiaSdkReactNativeExample-dmeqaxpselaggkfhomgslbamujbl/Build/Products/Debug-iphoneos/React-RCTImage\ /Users/prathamesh/Library/Developer/Xcode/DerivedData/CCAvenueIndiaSdkReactNativeExample-dmeqaxpselaggkfhomgslbamujbl/Build/Products/Debug-iphoneos/React-RCTLinking\ /Users/prathamesh/Library/Developer/Xcode/DerivedData/CCAvenueIndiaSdkReactNativeExample-dmeqaxpselaggkfhomgslbamujbl/Build/Products/Debug-iphoneos/React-RCTNetwork\ /Users/prathamesh/Library/Developer/Xcode/DerivedData/CCAvenueIndiaSdkReactNativeExample-dmeqaxpselaggkfhomgslbamujbl/Build/Products/Debug-iphoneos/React-RCTRuntime\ /Users/prathamesh/Library/Developer/Xcode/DerivedData/CCAvenueIndiaSdkReactNativeExample-dmeqaxpselaggkfhomgslbamujbl/Build/Products/Debug-iphoneos/React-RCTSettings\ /Users/prathamesh/Library/Developer/Xcode/DerivedData/CCAvenueIndiaSdkReactNativeExample-dmeqaxpselaggkfhomgslbamujbl/Build/Products/Debug-iphoneos/React-RCTText\ /Users/prathamesh/Library/Developer/Xcode/DerivedData/CCAvenueIndiaSdkReactNativeExample-dmeqaxpselaggkfhomgslbamujbl/Build/Products/Debug-iphoneos/React-RCTVibration\ /Users/prathamesh/Library/Developer/Xcode/DerivedData/CCAvenueIndiaSdkReactNativeExample-dmeqaxpselaggkfhomgslbamujbl/Build/Products/Debug-iphoneos/React-RuntimeApple\ /Users/prathamesh/Library/Developer/Xcode/DerivedData/CCAvenueIndiaSdkReactNativeExample-dmeqaxpselaggkfhomgslbamujbl/Build/Products/Debug-iphoneos/React-RuntimeCore\ /Users/prathamesh/Library/Developer/Xcode/DerivedData/CCAvenueIndiaSdkReactNativeExample-dmeqaxpselaggkfhomgslbamujbl/Build/Products/Debug-iphoneos/React-RuntimeHermes\ /Users/prathamesh/Library/Developer/Xcode/DerivedData/CCAvenueIndiaSdkReactNativeExample-dmeqaxpselaggkfhomgslbamujbl/Build/Products/Debug-iphoneos/React-cxxreact\ /Users/prathamesh/Library/Developer/Xcode/DerivedData/CCAvenueIndiaSdkReactNativeExample-dmeqaxpselaggkfhomgslbamujbl/Build/Products/Debug-iphoneos/React-debug\ /Users/prathamesh/Library/Developer/Xcode/DerivedData/CCAvenueIndiaSdkReactNativeExample-dmeqaxpselaggkfhomgslbamujbl/Build/Products/Debug-iphoneos/React-defaultsnativemodule\ /Users/prathamesh/Library/Developer/Xcode/DerivedData/CCAvenueIndiaSdkReactNativeExample-dmeqaxpselaggkfhomgslbamujbl/Build/Products/Debug-iphoneos/React-domnativemodule\ /Users/prathamesh/Library/Developer/Xcode/DerivedData/CCAvenueIndiaSdkReactNativeExample-dmeqaxpselaggkfhomgslbamujbl/Build/Products/Debug-iphoneos/React-featureflags\ /Users/prathamesh/Library/Developer/Xcode/DerivedData/CCAvenueIndiaSdkReactNativeExample-dmeqaxpselaggkfhomgslbamujbl/Build/Products/Debug-iphoneos/React-featureflagsnativemodule\ /Users/prathamesh/Library/Developer/Xcode/DerivedData/CCAvenueIndiaSdkReactNativeExample-dmeqaxpselaggkfhomgslbamujbl/Build/Products/Debug-iphoneos/React-graphics\ /Users/prathamesh/Library/Developer/Xcode/DerivedData/CCAvenueIndiaSdkReactNativeExample-dmeqaxpselaggkfhomgslbamujbl/Build/Products/Debug-iphoneos/React-hermes\ /Users/prathamesh/Library/Developer/Xcode/DerivedData/CCAvenueIndiaSdkReactNativeExample-dmeqaxpselaggkfhomgslbamujbl/Build/Products/Debug-iphoneos/React-idlecallbacksnativemodule\ /Users/prathamesh/Library/Developer/Xcode/DerivedData/CCAvenueIndiaSdkReactNativeExample-dmeqaxpselaggkfhomgslbamujbl/Build/Products/Debug-iphoneos/React-intersectionobservernativemodule\ /Users/prathamesh/Library/Developer/Xcode/DerivedData/CCAvenueIndiaSdkReactNativeExample-dmeqaxpselaggkfhomgslbamujbl/Build/Products/Debug-iphoneos/React-jserrorhandler\ /Users/prathamesh/Library/Developer/Xcode/DerivedData/CCAvenueIndiaSdkReactNativeExample-dmeqaxpselaggkfhomgslbamujbl/Build/Products/Debug-iphoneos/React-jsi\ /Users/prathamesh/Library/Developer/Xcode/DerivedData/CCAvenueIndiaSdkReactNativeExample-dmeqaxpselaggkfhomgslbamujbl/Build/Products/Debug-iphoneos/React-jsiexecutor\ /Users/prathamesh/Library/Developer/Xcode/DerivedData/CCAvenueIndiaSdkReactNativeExample-dmeqaxpselaggkfhomgslbamujbl/Build/Products/Debug-iphoneos/React-jsinspector\ /Users/prathamesh/Library/Developer/Xcode/DerivedData/CCAvenueIndiaSdkReactNativeExample-dmeqaxpselaggkfhomgslbamujbl/Build/Products/Debug-iphoneos/React-jsinspectorcdp\ /Users/prathamesh/Library/Developer/Xcode/DerivedData/CCAvenueIndiaSdkReactNativeExample-dmeqaxpselaggkfhomgslbamujbl/Build/Products/Debug-iphoneos/React-jsinspectornetwork\ /Users/prathamesh/Library/Developer/Xcode/DerivedData/CCAvenueIndiaSdkReactNativeExample-dmeqaxpselaggkfhomgslbamujbl/Build/Products/Debug-iphoneos/React-jsinspectortracing\ /Users/prathamesh/Library/Developer/Xcode/DerivedData/CCAvenueIndiaSdkReactNativeExample-dmeqaxpselaggkfhomgslbamujbl/Build/Products/Debug-iphoneos/React-jsitooling\ /Users/prathamesh/Library/Developer/Xcode/DerivedData/CCAvenueIndiaSdkReactNativeExample-dmeqaxpselaggkfhomgslbamujbl/Build/Products/Debug-iphoneos/React-logger\ /Users/prathamesh/Library/Developer/Xcode/DerivedData/CCAvenueIndiaSdkReactNativeExample-dmeqaxpselaggkfhomgslbamujbl/Build/Products/Debug-iphoneos/React-microtasksnativemodule\ /Users/prathamesh/Library/Developer/Xcode/DerivedData/CCAvenueIndiaSdkReactNativeExample-dmeqaxpselaggkfhomgslbamujbl/Build/Products/Debug-iphoneos/React-networking\ /Users/prathamesh/Library/Developer/Xcode/DerivedData/CCAvenueIndiaSdkReactNativeExample-dmeqaxpselaggkfhomgslbamujbl/Build/Products/Debug-iphoneos/React-oscompat\ /Users/prathamesh/Library/Developer/Xcode/DerivedData/CCAvenueIndiaSdkReactNativeExample-dmeqaxpselaggkfhomgslbamujbl/Build/Products/Debug-iphoneos/React-perflogger\ /Users/prathamesh/Library/Developer/Xcode/DerivedData/CCAvenueIndiaSdkReactNativeExample-dmeqaxpselaggkfhomgslbamujbl/Build/Products/Debug-iphoneos/React-performancecdpmetrics\ /Users/prathamesh/Library/Developer/Xcode/DerivedData/CCAvenueIndiaSdkReactNativeExample-dmeqaxpselaggkfhomgslbamujbl/Build/Products/Debug-iphoneos/React-performancetimeline\ /Users/prathamesh/Library/Developer/Xcode/DerivedData/CCAvenueIndiaSdkReactNativeExample-dmeqaxpselaggkfhomgslbamujbl/Build/Products/Debug-iphoneos/React-rendererconsistency\ /Users/prathamesh/Library/Developer/Xcode/DerivedData/CCAvenueIndiaSdkReactNativeExample-dmeqaxpselaggkfhomgslbamujbl/Build/Products/Debug-iphoneos/React-renderercss\ /Users/prathamesh/Library/Developer/Xcode/DerivedData/CCAvenueIndiaSdkReactNativeExample-dmeqaxpselaggkfhomgslbamujbl/Build/Products/Debug-iphoneos/React-rendererdebug\ /Users/prathamesh/Library/Developer/Xcode/DerivedData/CCAvenueIndiaSdkReactNativeExample-dmeqaxpselaggkfhomgslbamujbl/Build/Products/Debug-iphoneos/React-runtimeexecutor\ /Users/prathamesh/Library/Developer/Xcode/DerivedData/CCAvenueIndiaSdkReactNativeExample-dmeqaxpselaggkfhomgslbamujbl/Build/Products/Debug-iphoneos/React-runtimescheduler\ /Users/prathamesh/Library/Developer/Xcode/DerivedData/CCAvenueIndiaSdkReactNativeExample-dmeqaxpselaggkfhomgslbamujbl/Build/Products/Debug-iphoneos/React-utils\ /Users/prathamesh/Library/Developer/Xcode/DerivedData/CCAvenueIndiaSdkReactNativeExample-dmeqaxpselaggkfhomgslbamujbl/Build/Products/Debug-iphoneos/React-webperformancenativemodule\ /Users/prathamesh/Library/Developer/Xcode/DerivedData/CCAvenueIndiaSdkReactNativeExample-dmeqaxpselaggkfhomgslbamujbl/Build/Products/Debug-iphoneos/ReactAppDependencyProvider\ /Users/prathamesh/Library/Developer/Xcode/DerivedData/CCAvenueIndiaSdkReactNativeExample-dmeqaxpselaggkfhomgslbamujbl/Build/Products/Debug-iphoneos/ReactCodegen\ /Users/prathamesh/Library/Developer/Xcode/DerivedData/CCAvenueIndiaSdkReactNativeExample-dmeqaxpselaggkfhomgslbamujbl/Build/Products/Debug-iphoneos/ReactCommon\ /Users/prathamesh/Library/Developer/Xcode/DerivedData/CCAvenueIndiaSdkReactNativeExample-dmeqaxpselaggkfhomgslbamujbl/Build/Products/Debug-iphoneos/SocketRocket\ /Users/prathamesh/Library/Developer/Xcode/DerivedData/CCAvenueIndiaSdkReactNativeExample-dmeqaxpselaggkfhomgslbamujbl/Build/Products/Debug-iphoneos/Yoga\ /Users/prathamesh/Library/Developer/Xcode/DerivedData/CCAvenueIndiaSdkReactNativeExample-dmeqaxpselaggkfhomgslbamujbl/Build/Products/Debug-iphoneos/ccavenue-india-sdk-react-native\ /Users/prathamesh/Library/Developer/Xcode/DerivedData/CCAvenueIndiaSdkReactNativeExample-dmeqaxpselaggkfhomgslbamujbl/Build/Products/Debug-iphoneos/fmt\ /Users/prathamesh/Library/Developer/Xcode/DerivedData/CCAvenueIndiaSdkReactNativeExample-dmeqaxpselaggkfhomgslbamujbl/Build/Products/Debug-iphoneos/glog\ /Applications/Xcode.app/Contents/Developer/Toolchains/XcodeDefault.xctoolchain/usr/lib/swift/iphoneos\ /Applications/Xcode.app/Contents/Developer/Platforms/iPhoneOS.platform/Developer/SDKs/iPhoneOS26.2.sdk/usr/lib/swift
    export LINKER_DISPLAYS_MANGLED_NAMES\=NO
    export LINK_FILE_LIST_normal_arm64\=/Users/prathamesh/Library/Developer/Xcode/DerivedData/CCAvenueIndiaSdkReactNativeExample-dmeqaxpselaggkfhomgslbamujbl/Build/Intermediates.noindex/CcavenueIndiaSdkReactNativeExample.build/Debug-iphoneos/CcavenueIndiaSdkReactNativeExample.build/Objects-normal/arm64/CcavenueIndiaSdkReactNativeExample.LinkFileList
    export LINK_OBJC_RUNTIME\=YES
    export LINK_WITH_STANDARD_LIBRARIES\=YES
    export LLVM_TARGET_TRIPLE_OS_VERSION\=ios15.1
    export LLVM_TARGET_TRIPLE_VENDOR\=apple
    export LM_AUX_CONST_METADATA_LIST_PATH_normal_arm64\=/Users/prathamesh/Library/Developer/Xcode/DerivedData/CCAvenueIndiaSdkReactNativeExample-dmeqaxpselaggkfhomgslbamujbl/Build/Intermediates.noindex/CcavenueIndiaSdkReactNativeExample.build/Debug-iphoneos/CcavenueIndiaSdkReactNativeExample.build/Objects-normal/arm64/CcavenueIndiaSdkReactNativeExample.SwiftConstValuesFileList
    export LOCALIZATION_EXPORT_SUPPORTED\=YES
    export LOCALIZATION_PREFERS_STRING_CATALOGS\=NO
    export LOCALIZED_RESOURCES_FOLDER_PATH\=CcavenueIndiaSdkReactNativeExample.app/en.lproj
    export LOCALIZED_STRING_MACRO_NAMES\=NSLocalizedString\ CFCopyLocalizedString
    export LOCALIZED_STRING_SWIFTUI_SUPPORT\=YES
    export LOCAL_ADMIN_APPS_DIR\=/Applications/Utilities
    export LOCAL_APPS_DIR\=/Applications
    export LOCAL_DEVELOPER_DIR\=/Library/Developer
    export LOCAL_LIBRARY_DIR\=/Library
    export LOCROOT\=/Users/prathamesh/StudioProjects/ccavenue-india-sdk-react-native/example/ios
    export LOCSYMROOT\=/Users/prathamesh/StudioProjects/ccavenue-india-sdk-react-native/example/ios
    export MACH_O_TYPE\=mh_execute
    export MAC_OS_X_PRODUCT_BUILD_VERSION\=25E253
    export MAC_OS_X_VERSION_ACTUAL\=260401
    export MAC_OS_X_VERSION_MAJOR\=260000
    export MAC_OS_X_VERSION_MINOR\=260400
    export MAKE_MERGEABLE\=NO
    export MARKETING_VERSION\=1.0
    export MERGEABLE_LIBRARY\=NO
    export MERGED_BINARY_TYPE\=none
    export MERGE_LINKED_LIBRARIES\=NO
    export METAL_LIBRARY_FILE_BASE\=default
    export METAL_LIBRARY_OUTPUT_DIR\=/Users/prathamesh/Library/Developer/Xcode/DerivedData/CCAvenueIndiaSdkReactNativeExample-dmeqaxpselaggkfhomgslbamujbl/Build/Products/Debug-iphoneos/CcavenueIndiaSdkReactNativeExample.app
    export MODULES_FOLDER_PATH\=CcavenueIndiaSdkReactNativeExample.app/Modules
    export MODULE_CACHE_DIR\=/Users/prathamesh/Library/Developer/Xcode/DerivedData/ModuleCache.noindex
    export MTL_ENABLE_DEBUG_INFO\=YES
    export NATIVE_ARCH\=arm64
    export NATIVE_ARCH_32_BIT\=arm
    export NATIVE_ARCH_64_BIT\=arm64
    export NATIVE_ARCH_ACTUAL\=arm64
    export NO_COMMON\=YES
    export OBJECT_FILE_DIR\=/Users/prathamesh/Library/Developer/Xcode/DerivedData/CCAvenueIndiaSdkReactNativeExample-dmeqaxpselaggkfhomgslbamujbl/Build/Intermediates.noindex/CcavenueIndiaSdkReactNativeExample.build/Debug-iphoneos/CcavenueIndiaSdkReactNativeExample.build/Objects
    export OBJECT_FILE_DIR_normal\=/Users/prathamesh/Library/Developer/Xcode/DerivedData/CCAvenueIndiaSdkReactNativeExample-dmeqaxpselaggkfhomgslbamujbl/Build/Intermediates.noindex/CcavenueIndiaSdkReactNativeExample.build/Debug-iphoneos/CcavenueIndiaSdkReactNativeExample.build/Objects-normal
    export OBJROOT\=/Users/prathamesh/Library/Developer/Xcode/DerivedData/CCAvenueIndiaSdkReactNativeExample-dmeqaxpselaggkfhomgslbamujbl/Build/Intermediates.noindex
    export ONLY_ACTIVE_ARCH\=YES
    export OS\=MACOS
    export OSAC\=/usr/bin/osacompile
    export OTHER_CFLAGS\=\ -fmodule-map-file\=\"/Users/prathamesh/Library/Developer/Xcode/DerivedData/CCAvenueIndiaSdkReactNativeExample-dmeqaxpselaggkfhomgslbamujbl/Build/Products/Debug-iphoneos/RCTSwiftUI/RCTSwiftUI.modulemap\"\ -fmodule-map-file\=\"/Users/prathamesh/Library/Developer/Xcode/DerivedData/CCAvenueIndiaSdkReactNativeExample-dmeqaxpselaggkfhomgslbamujbl/Build/Products/Debug-iphoneos/ccavenue-india-sdk-react-native/ccavenue_india_sdk_react_native.modulemap\"\ -fmodule-map-file\=\"/Users/prathamesh/StudioProjects/ccavenue-india-sdk-react-native/example/ios/Pods/Headers/Public/DoubleConversion/DoubleConversion.modulemap\"\ -fmodule-map-file\=\"/Users/prathamesh/StudioProjects/ccavenue-india-sdk-react-native/example/ios/Pods/Headers/Public/RCTDeprecation/RCTDeprecation.modulemap\"\ -fmodule-map-file\=\"/Users/prathamesh/StudioProjects/ccavenue-india-sdk-react-native/example/ios/Pods/Headers/Public/RCTFabric/React-RCTFabric.modulemap\"\ -fmodule-map-file\=\"/Users/prathamesh/StudioProjects/ccavenue-india-sdk-react-native/example/ios/Pods/Headers/Public/RCTImage/React-RCTImage.modulemap\"\ -fmodule-map-file\=\"/Users/prathamesh/StudioProjects/ccavenue-india-sdk-react-native/example/ios/Pods/Headers/Public/RCTRuntime/React-RCTRuntime.modulemap\"\ -fmodule-map-file\=\"/Users/prathamesh/StudioProjects/ccavenue-india-sdk-react-native/example/ios/Pods/Headers/Public/RCTTypeSafety/RCTTypeSafety.modulemap\"\ -fmodule-map-file\=\"/Users/prathamesh/StudioProjects/ccavenue-india-sdk-react-native/example/ios/Pods/Headers/Public/React/React-Core.modulemap\"\ -fmodule-map-file\=\"/Users/prathamesh/StudioProjects/ccavenue-india-sdk-react-native/example/ios/Pods/Headers/Public/ReactAppDependencyProvider/ReactAppDependencyProvider.modulemap\"\ -fmodule-map-file\=\"/Users/prathamesh/StudioProjects/ccavenue-india-sdk-react-native/example/ios/Pods/Headers/Public/ReactCodegen/ReactCodegen.modulemap\"\ -fmodule-map-file\=\"/Users/prathamesh/StudioProjects/ccavenue-india-sdk-react-native/example/ios/Pods/Headers/Public/ReactCommon/ReactCommon.modulemap\"\ -fmodule-map-file\=\"/Users/prathamesh/StudioProjects/ccavenue-india-sdk-react-native/example/ios/Pods/Headers/Public/React_Fabric/React-Fabric.modulemap\"\ -fmodule-map-file\=\"/Users/prathamesh/StudioProjects/ccavenue-india-sdk-react-native/example/ios/Pods/Headers/Public/React_FabricComponents/React-FabricComponents.modulemap\"\ -fmodule-map-file\=\"/Users/prathamesh/StudioProjects/ccavenue-india-sdk-react-native/example/ios/Pods/Headers/Public/React_NativeModulesApple/React-NativeModulesApple.modulemap\"\ -fmodule-map-file\=\"/Users/prathamesh/StudioProjects/ccavenue-india-sdk-react-native/example/ios/Pods/Headers/Public/React_RCTAppDelegate/React-RCTAppDelegate.modulemap\"\ -fmodule-map-file\=\"/Users/prathamesh/StudioProjects/ccavenue-india-sdk-react-native/example/ios/Pods/Headers/Public/React_runtimeexecutor/React-runtimeexecutor.modulemap\"\ -fmodule-map-file\=\"/Users/prathamesh/StudioProjects/ccavenue-india-sdk-react-native/example/ios/Pods/Headers/Public/SocketRocket/SocketRocket.modulemap\"\ -fmodule-map-file\=\"/Users/prathamesh/StudioProjects/ccavenue-india-sdk-react-native/example/ios/Pods/Headers/Public/fmt/fmt.modulemap\"\ -fmodule-map-file\=\"/Users/prathamesh/StudioProjects/ccavenue-india-sdk-react-native/example/ios/Pods/Headers/Public/folly/RCT-Folly.modulemap\"\ -fmodule-map-file\=\"/Users/prathamesh/StudioProjects/ccavenue-india-sdk-react-native/example/ios/Pods/Headers/Public/glog/glog.modulemap\"\ -fmodule-map-file\=\"/Users/prathamesh/StudioProjects/ccavenue-india-sdk-react-native/example/ios/Pods/Headers/Public/jsi/React-jsi.modulemap\"\ -fmodule-map-file\=\"/Users/prathamesh/StudioProjects/ccavenue-india-sdk-react-native/example/ios/Pods/Headers/Public/jsinspector_modern/React-jsinspector.modulemap\"\ -fmodule-map-file\=\"/Users/prathamesh/StudioProjects/ccavenue-india-sdk-react-native/example/ios/Pods/Headers/Public/jsinspector_modern_cdp/React-jsinspectorcdp.modulemap\"\ -fmodule-map-file\=\"/Users/prathamesh/StudioProjects/ccavenue-india-sdk-react-native/example/ios/Pods/Headers/Public/jsinspector_modern_network/React-jsinspectornetwork.modulemap\"\ -fmodule-map-file\=\"/Users/prathamesh/StudioProjects/ccavenue-india-sdk-react-native/example/ios/Pods/Headers/Public/jsinspector_modern_tracing/React-jsinspectortracing.modulemap\"\ -fmodule-map-file\=\"/Users/prathamesh/StudioProjects/ccavenue-india-sdk-react-native/example/ios/Pods/Headers/Public/react_debug/React-debug.modulemap\"\ -fmodule-map-file\=\"/Users/prathamesh/StudioProjects/ccavenue-india-sdk-react-native/example/ios/Pods/Headers/Public/react_featureflags/React-featureflags.modulemap\"\ -fmodule-map-file\=\"/Users/prathamesh/StudioProjects/ccavenue-india-sdk-react-native/example/ios/Pods/Headers/Public/react_nativemodule_defaults/React-defaultsnativemodule.modulemap\"\ -fmodule-map-file\=\"/Users/prathamesh/StudioProjects/ccavenue-india-sdk-react-native/example/ios/Pods/Headers/Public/react_nativemodule_dom/React-domnativemodule.modulemap\"\ -fmodule-map-file\=\"/Users/prathamesh/StudioProjects/ccavenue-india-sdk-react-native/example/ios/Pods/Headers/Public/react_nativemodule_featureflags/React-featureflagsnativemodule.modulemap\"\ -fmodule-map-file\=\"/Users/prathamesh/StudioProjects/ccavenue-india-sdk-react-native/example/ios/Pods/Headers/Public/react_nativemodule_idlecallbacks/React-idlecallbacksnativemodule.modulemap\"\ -fmodule-map-file\=\"/Users/prathamesh/StudioProjects/ccavenue-india-sdk-react-native/example/ios/Pods/Headers/Public/react_nativemodule_intersectionobserver/React-intersectionobservernativemodule.modulemap\"\ -fmodule-map-file\=\"/Users/prathamesh/StudioProjects/ccavenue-india-sdk-react-native/example/ios/Pods/Headers/Public/react_nativemodule_microtasks/React-microtasksnativemodule.modulemap\"\ -fmodule-map-file\=\"/Users/prathamesh/StudioProjects/ccavenue-india-sdk-react-native/example/ios/Pods/Headers/Public/react_nativemodule_webperformance/React-webperformancenativemodule.modulemap\"\ -fmodule-map-file\=\"/Users/prathamesh/StudioProjects/ccavenue-india-sdk-react-native/example/ios/Pods/Headers/Public/react_networking/React-networking.modulemap\"\ -fmodule-map-file\=\"/Users/prathamesh/StudioProjects/ccavenue-india-sdk-react-native/example/ios/Pods/Headers/Public/react_renderer_css/React-renderercss.modulemap\"\ -fmodule-map-file\=\"/Users/prathamesh/StudioProjects/ccavenue-india-sdk-react-native/example/ios/Pods/Headers/Public/react_renderer_debug/React-rendererdebug.modulemap\"\ -fmodule-map-file\=\"/Users/prathamesh/StudioProjects/ccavenue-india-sdk-react-native/example/ios/Pods/Headers/Public/react_renderer_graphics/React-graphics.modulemap\"\ -fmodule-map-file\=\"/Users/prathamesh/StudioProjects/ccavenue-india-sdk-react-native/example/ios/Pods/Headers/Public/react_renderer_imagemanager/React-ImageManager.modulemap\"\ -fmodule-map-file\=\"/Users/prathamesh/StudioProjects/ccavenue-india-sdk-react-native/example/ios/Pods/Headers/Public/react_runtime/React-jsitooling.modulemap\"\ -fmodule-map-file\=\"/Users/prathamesh/StudioProjects/ccavenue-india-sdk-react-native/example/ios/Pods/Headers/Public/react_utils/React-utils.modulemap\"\ -fmodule-map-file\=\"/Users/prathamesh/StudioProjects/ccavenue-india-sdk-react-native/example/ios/Pods/Headers/Public/reacthermes/React-hermes.modulemap\"\ -fmodule-map-file\=\"/Users/prathamesh/StudioProjects/ccavenue-india-sdk-react-native/example/ios/Pods/Headers/Public/yoga/Yoga.modulemap\"
    export OTHER_CPLUSPLUSFLAGS\=\ -fmodule-map-file\=\"/Users/prathamesh/Library/Developer/Xcode/DerivedData/CCAvenueIndiaSdkReactNativeExample-dmeqaxpselaggkfhomgslbamujbl/Build/Products/Debug-iphoneos/RCTSwiftUI/RCTSwiftUI.modulemap\"\ -fmodule-map-file\=\"/Users/prathamesh/Library/Developer/Xcode/DerivedData/CCAvenueIndiaSdkReactNativeExample-dmeqaxpselaggkfhomgslbamujbl/Build/Products/Debug-iphoneos/ccavenue-india-sdk-react-native/ccavenue_india_sdk_react_native.modulemap\"\ -fmodule-map-file\=\"/Users/prathamesh/StudioProjects/ccavenue-india-sdk-react-native/example/ios/Pods/Headers/Public/DoubleConversion/DoubleConversion.modulemap\"\ -fmodule-map-file\=\"/Users/prathamesh/StudioProjects/ccavenue-india-sdk-react-native/example/ios/Pods/Headers/Public/RCTDeprecation/RCTDeprecation.modulemap\"\ -fmodule-map-file\=\"/Users/prathamesh/StudioProjects/ccavenue-india-sdk-react-native/example/ios/Pods/Headers/Public/RCTFabric/React-RCTFabric.modulemap\"\ -fmodule-map-file\=\"/Users/prathamesh/StudioProjects/ccavenue-india-sdk-react-native/example/ios/Pods/Headers/Public/RCTImage/React-RCTImage.modulemap\"\ -fmodule-map-file\=\"/Users/prathamesh/StudioProjects/ccavenue-india-sdk-react-native/example/ios/Pods/Headers/Public/RCTRuntime/React-RCTRuntime.modulemap\"\ -fmodule-map-file\=\"/Users/prathamesh/StudioProjects/ccavenue-india-sdk-react-native/example/ios/Pods/Headers/Public/RCTTypeSafety/RCTTypeSafety.modulemap\"\ -fmodule-map-file\=\"/Users/prathamesh/StudioProjects/ccavenue-india-sdk-react-native/example/ios/Pods/Headers/Public/React/React-Core.modulemap\"\ -fmodule-map-file\=\"/Users/prathamesh/StudioProjects/ccavenue-india-sdk-react-native/example/ios/Pods/Headers/Public/ReactAppDependencyProvider/ReactAppDependencyProvider.modulemap\"\ -fmodule-map-file\=\"/Users/prathamesh/StudioProjects/ccavenue-india-sdk-react-native/example/ios/Pods/Headers/Public/ReactCodegen/ReactCodegen.modulemap\"\ -fmodule-map-file\=\"/Users/prathamesh/StudioProjects/ccavenue-india-sdk-react-native/example/ios/Pods/Headers/Public/ReactCommon/ReactCommon.modulemap\"\ -fmodule-map-file\=\"/Users/prathamesh/StudioProjects/ccavenue-india-sdk-react-native/example/ios/Pods/Headers/Public/React_Fabric/React-Fabric.modulemap\"\ -fmodule-map-file\=\"/Users/prathamesh/StudioProjects/ccavenue-india-sdk-react-native/example/ios/Pods/Headers/Public/React_FabricComponents/React-FabricComponents.modulemap\"\ -fmodule-map-file\=\"/Users/prathamesh/StudioProjects/ccavenue-india-sdk-react-native/example/ios/Pods/Headers/Public/React_NativeModulesApple/React-NativeModulesApple.modulemap\"\ -fmodule-map-file\=\"/Users/prathamesh/StudioProjects/ccavenue-india-sdk-react-native/example/ios/Pods/Headers/Public/React_RCTAppDelegate/React-RCTAppDelegate.modulemap\"\ -fmodule-map-file\=\"/Users/prathamesh/StudioProjects/ccavenue-india-sdk-react-native/example/ios/Pods/Headers/Public/React_runtimeexecutor/React-runtimeexecutor.modulemap\"\ -fmodule-map-file\=\"/Users/prathamesh/StudioProjects/ccavenue-india-sdk-react-native/example/ios/Pods/Headers/Public/SocketRocket/SocketRocket.modulemap\"\ -fmodule-map-file\=\"/Users/prathamesh/StudioProjects/ccavenue-india-sdk-react-native/example/ios/Pods/Headers/Public/fmt/fmt.modulemap\"\ -fmodule-map-file\=\"/Users/prathamesh/StudioProjects/ccavenue-india-sdk-react-native/example/ios/Pods/Headers/Public/folly/RCT-Folly.modulemap\"\ -fmodule-map-file\=\"/Users/prathamesh/StudioProjects/ccavenue-india-sdk-react-native/example/ios/Pods/Headers/Public/glog/glog.modulemap\"\ -fmodule-map-file\=\"/Users/prathamesh/StudioProjects/ccavenue-india-sdk-react-native/example/ios/Pods/Headers/Public/jsi/React-jsi.modulemap\"\ -fmodule-map-file\=\"/Users/prathamesh/StudioProjects/ccavenue-india-sdk-react-native/example/ios/Pods/Headers/Public/jsinspector_modern/React-jsinspector.modulemap\"\ -fmodule-map-file\=\"/Users/prathamesh/StudioProjects/ccavenue-india-sdk-react-native/example/ios/Pods/Headers/Public/jsinspector_modern_cdp/React-jsinspectorcdp.modulemap\"\ -fmodule-map-file\=\"/Users/prathamesh/StudioProjects/ccavenue-india-sdk-react-native/example/ios/Pods/Headers/Public/jsinspector_modern_network/React-jsinspectornetwork.modulemap\"\ -fmodule-map-file\=\"/Users/prathamesh/StudioProjects/ccavenue-india-sdk-react-native/example/ios/Pods/Headers/Public/jsinspector_modern_tracing/React-jsinspectortracing.modulemap\"\ -fmodule-map-file\=\"/Users/prathamesh/StudioProjects/ccavenue-india-sdk-react-native/example/ios/Pods/Headers/Public/react_debug/React-debug.modulemap\"\ -fmodule-map-file\=\"/Users/prathamesh/StudioProjects/ccavenue-india-sdk-react-native/example/ios/Pods/Headers/Public/react_featureflags/React-featureflags.modulemap\"\ -fmodule-map-file\=\"/Users/prathamesh/StudioProjects/ccavenue-india-sdk-react-native/example/ios/Pods/Headers/Public/react_nativemodule_defaults/React-defaultsnativemodule.modulemap\"\ -fmodule-map-file\=\"/Users/prathamesh/StudioProjects/ccavenue-india-sdk-react-native/example/ios/Pods/Headers/Public/react_nativemodule_dom/React-domnativemodule.modulemap\"\ -fmodule-map-file\=\"/Users/prathamesh/StudioProjects/ccavenue-india-sdk-react-native/example/ios/Pods/Headers/Public/react_nativemodule_featureflags/React-featureflagsnativemodule.modulemap\"\ -fmodule-map-file\=\"/Users/prathamesh/StudioProjects/ccavenue-india-sdk-react-native/example/ios/Pods/Headers/Public/react_nativemodule_idlecallbacks/React-idlecallbacksnativemodule.modulemap\"\ -fmodule-map-file\=\"/Users/prathamesh/StudioProjects/ccavenue-india-sdk-react-native/example/ios/Pods/Headers/Public/react_nativemodule_intersectionobserver/React-intersectionobservernativemodule.modulemap\"\ -fmodule-map-file\=\"/Users/prathamesh/StudioProjects/ccavenue-india-sdk-react-native/example/ios/Pods/Headers/Public/react_nativemodule_microtasks/React-microtasksnativemodule.modulemap\"\ -fmodule-map-file\=\"/Users/prathamesh/StudioProjects/ccavenue-india-sdk-react-native/example/ios/Pods/Headers/Public/react_nativemodule_webperformance/React-webperformancenativemodule.modulemap\"\ -fmodule-map-file\=\"/Users/prathamesh/StudioProjects/ccavenue-india-sdk-react-native/example/ios/Pods/Headers/Public/react_networking/React-networking.modulemap\"\ -fmodule-map-file\=\"/Users/prathamesh/StudioProjects/ccavenue-india-sdk-react-native/example/ios/Pods/Headers/Public/react_renderer_css/React-renderercss.modulemap\"\ -fmodule-map-file\=\"/Users/prathamesh/StudioProjects/ccavenue-india-sdk-react-native/example/ios/Pods/Headers/Public/react_renderer_debug/React-rendererdebug.modulemap\"\ -fmodule-map-file\=\"/Users/prathamesh/StudioProjects/ccavenue-india-sdk-react-native/example/ios/Pods/Headers/Public/react_renderer_graphics/React-graphics.modulemap\"\ -fmodule-map-file\=\"/Users/prathamesh/StudioProjects/ccavenue-india-sdk-react-native/example/ios/Pods/Headers/Public/react_renderer_imagemanager/React-ImageManager.modulemap\"\ -fmodule-map-file\=\"/Users/prathamesh/StudioProjects/ccavenue-india-sdk-react-native/example/ios/Pods/Headers/Public/react_runtime/React-jsitooling.modulemap\"\ -fmodule-map-file\=\"/Users/prathamesh/StudioProjects/ccavenue-india-sdk-react-native/example/ios/Pods/Headers/Public/react_utils/React-utils.modulemap\"\ -fmodule-map-file\=\"/Users/prathamesh/StudioProjects/ccavenue-india-sdk-react-native/example/ios/Pods/Headers/Public/reacthermes/React-hermes.modulemap\"\ -fmodule-map-file\=\"/Users/prathamesh/StudioProjects/ccavenue-india-sdk-react-native/example/ios/Pods/Headers/Public/yoga/Yoga.modulemap\"\ -DFOLLY_NO_CONFIG\ -DFOLLY_MOBILE\=1\ -DFOLLY_USE_LIBCPP\=1\ -DFOLLY_CFG_NO_COROUTINES\=1\ -DFOLLY_HAVE_CLOCK_GETTIME\=1\ -DRCT_NEW_ARCH_ENABLED\=1
    export OTHER_LDFLAGS\=\ -ObjC\ -l\"DoubleConversion\"\ -l\"RCT-Folly\"\ -l\"RCTDeprecation\"\ -l\"RCTSwiftUI\"\ -l\"RCTSwiftUIWrapper\"\ -l\"RCTTypeSafety\"\ -l\"React-Core\"\ -l\"React-CoreModules\"\ -l\"React-Fabric\"\ -l\"React-FabricComponents\"\ -l\"React-FabricImage\"\ -l\"React-ImageManager\"\ -l\"React-Mapbuffer\"\ -l\"React-NativeModulesApple\"\ -l\"React-RCTAnimation\"\ -l\"React-RCTAppDelegate\"\ -l\"React-RCTBlob\"\ -l\"React-RCTFBReactNativeSpec\"\ -l\"React-RCTFabric\"\ -l\"React-RCTImage\"\ -l\"React-RCTLinking\"\ -l\"React-RCTNetwork\"\ -l\"React-RCTRuntime\"\ -l\"React-RCTSettings\"\ -l\"React-RCTText\"\ -l\"React-RCTVibration\"\ -l\"React-RuntimeApple\"\ -l\"React-RuntimeCore\"\ -l\"React-RuntimeHermes\"\ -l\"React-cxxreact\"\ -l\"React-debug\"\ -l\"React-defaultsnativemodule\"\ -l\"React-domnativemodule\"\ -l\"React-featureflags\"\ -l\"React-featureflagsnativemodule\"\ -l\"React-graphics\"\ -l\"React-hermes\"\ -l\"React-idlecallbacksnativemodule\"\ -l\"React-intersectionobservernativemodule\"\ -l\"React-jserrorhandler\"\ -l\"React-jsi\"\ -l\"React-jsiexecutor\"\ -l\"React-jsinspector\"\ -l\"React-jsinspectorcdp\"\ -l\"React-jsinspectornetwork\"\ -l\"React-jsinspectortracing\"\ -l\"React-jsitooling\"\ -l\"React-logger\"\ -l\"React-microtasksnativemodule\"\ -l\"React-networking\"\ -l\"React-oscompat\"\ -l\"React-perflogger\"\ -l\"React-performancecdpmetrics\"\ -l\"React-performancetimeline\"\ -l\"React-rendererconsistency\"\ -l\"React-renderercss\"\ -l\"React-rendererdebug\"\ -l\"React-runtimeexecutor\"\ -l\"React-runtimescheduler\"\ -l\"React-utils\"\ -l\"React-webperformancenativemodule\"\ -l\"ReactAppDependencyProvider\"\ -l\"ReactCodegen\"\ -l\"ReactCommon\"\ -l\"SocketRocket\"\ -l\"Yoga\"\ -l\"c++\"\ -l\"c++abi\"\ -l\"ccavenue-india-sdk-react-native\"\ -l\"fmt\"\ -l\"glog\"\ -l\"icucore\"\ -framework\ \"Accelerate\"\ -framework\ \"AudioToolbox\"\ -framework\ \"CCAvenueIndiaSDK\"\ -framework\ \"CFNetwork\"\ -framework\ \"CoreGraphics\"\ -framework\ \"ImageIO\"\ -framework\ \"MobileCoreServices\"\ -framework\ \"QuartzCore\"\ -framework\ \"Security\"\ -framework\ \"UIKit\"\ -framework\ \"hermesvm\"\ -weak_framework\ \"JavaScriptCore\"\ -ObjC\ -lc++
    export OTHER_MODULE_VERIFIER_FLAGS\=\ \"-F/Users/prathamesh/Library/Developer/Xcode/DerivedData/CCAvenueIndiaSdkReactNativeExample-dmeqaxpselaggkfhomgslbamujbl/Build/Products/Debug-iphoneos/DoubleConversion\"\ \"-F/Users/prathamesh/Library/Developer/Xcode/DerivedData/CCAvenueIndiaSdkReactNativeExample-dmeqaxpselaggkfhomgslbamujbl/Build/Products/Debug-iphoneos/FBLazyVector\"\ \"-F/Users/prathamesh/Library/Developer/Xcode/DerivedData/CCAvenueIndiaSdkReactNativeExample-dmeqaxpselaggkfhomgslbamujbl/Build/Products/Debug-iphoneos/RCT-Folly\"\ \"-F/Users/prathamesh/Library/Developer/Xcode/DerivedData/CCAvenueIndiaSdkReactNativeExample-dmeqaxpselaggkfhomgslbamujbl/Build/Products/Debug-iphoneos/RCTDeprecation\"\ \"-F/Users/prathamesh/Library/Developer/Xcode/DerivedData/CCAvenueIndiaSdkReactNativeExample-dmeqaxpselaggkfhomgslbamujbl/Build/Products/Debug-iphoneos/RCTRequired\"\ \"-F/Users/prathamesh/Library/Developer/Xcode/DerivedData/CCAvenueIndiaSdkReactNativeExample-dmeqaxpselaggkfhomgslbamujbl/Build/Products/Debug-iphoneos/RCTSwiftUI\"\ \"-F/Users/prathamesh/Library/Developer/Xcode/DerivedData/CCAvenueIndiaSdkReactNativeExample-dmeqaxpselaggkfhomgslbamujbl/Build/Products/Debug-iphoneos/RCTSwiftUIWrapper\"\ \"-F/Users/prathamesh/Library/Developer/Xcode/DerivedData/CCAvenueIndiaSdkReactNativeExample-dmeqaxpselaggkfhomgslbamujbl/Build/Products/Debug-iphoneos/RCTTypeSafety\"\ \"-F/Users/prathamesh/Library/Developer/Xcode/DerivedData/CCAvenueIndiaSdkReactNativeExample-dmeqaxpselaggkfhomgslbamujbl/Build/Products/Debug-iphoneos/React\"\ \"-F/Users/prathamesh/Library/Developer/Xcode/DerivedData/CCAvenueIndiaSdkReactNativeExample-dmeqaxpselaggkfhomgslbamujbl/Build/Products/Debug-iphoneos/React-Core\"\ \"-F/Users/prathamesh/Library/Developer/Xcode/DerivedData/CCAvenueIndiaSdkReactNativeExample-dmeqaxpselaggkfhomgslbamujbl/Build/Products/Debug-iphoneos/React-CoreModules\"\ \"-F/Users/prathamesh/Library/Developer/Xcode/DerivedData/CCAvenueIndiaSdkReactNativeExample-dmeqaxpselaggkfhomgslbamujbl/Build/Products/Debug-iphoneos/React-Fabric\"\ \"-F/Users/prathamesh/Library/Developer/Xcode/DerivedData/CCAvenueIndiaSdkReactNativeExample-dmeqaxpselaggkfhomgslbamujbl/Build/Products/Debug-iphoneos/React-FabricComponents\"\ \"-F/Users/prathamesh/Library/Developer/Xcode/DerivedData/CCAvenueIndiaSdkReactNativeExample-dmeqaxpselaggkfhomgslbamujbl/Build/Products/Debug-iphoneos/React-FabricImage\"\ \"-F/Users/prathamesh/Library/Developer/Xcode/DerivedData/CCAvenueIndiaSdkReactNativeExample-dmeqaxpselaggkfhomgslbamujbl/Build/Products/Debug-iphoneos/React-ImageManager\"\ \"-F/Users/prathamesh/Library/Developer/Xcode/DerivedData/CCAvenueIndiaSdkReactNativeExample-dmeqaxpselaggkfhomgslbamujbl/Build/Products/Debug-iphoneos/React-Mapbuffer\"\ \"-F/Users/prathamesh/Library/Developer/Xcode/DerivedData/CCAvenueIndiaSdkReactNativeExample-dmeqaxpselaggkfhomgslbamujbl/Build/Products/Debug-iphoneos/React-NativeModulesApple\"\ \"-F/Users/prathamesh/Library/Developer/Xcode/DerivedData/CCAvenueIndiaSdkReactNativeExample-dmeqaxpselaggkfhomgslbamujbl/Build/Products/Debug-iphoneos/React-RCTActionSheet\"\ \"-F/Users/prathamesh/Library/Developer/Xcode/DerivedData/CCAvenueIndiaSdkReactNativeExample-dmeqaxpselaggkfhomgslbamujbl/Build/Products/Debug-iphoneos/React-RCTAnimation\"\ \"-F/Users/prathamesh/Library/Developer/Xcode/DerivedData/CCAvenueIndiaSdkReactNativeExample-dmeqaxpselaggkfhomgslbamujbl/Build/Products/Debug-iphoneos/React-RCTAppDelegate\"\ \"-F/Users/prathamesh/Library/Developer/Xcode/DerivedData/CCAvenueIndiaSdkReactNativeExample-dmeqaxpselaggkfhomgslbamujbl/Build/Products/Debug-iphoneos/React-RCTBlob\"\ \"-F/Users/prathamesh/Library/Developer/Xcode/DerivedData/CCAvenueIndiaSdkReactNativeExample-dmeqaxpselaggkfhomgslbamujbl/Build/Products/Debug-iphoneos/React-RCTFBReactNativeSpec\"\ \"-F/Users/prathamesh/Library/Developer/Xcode/DerivedData/CCAvenueIndiaSdkReactNativeExample-dmeqaxpselaggkfhomgslbamujbl/Build/Products/Debug-iphoneos/React-RCTFabric\"\ \"-F/Users/prathamesh/Library/Developer/Xcode/DerivedData/CCAvenueIndiaSdkReactNativeExample-dmeqaxpselaggkfhomgslbamujbl/Build/Products/Debug-iphoneos/React-RCTImage\"\ \"-F/Users/prathamesh/Library/Developer/Xcode/DerivedData/CCAvenueIndiaSdkReactNativeExample-dmeqaxpselaggkfhomgslbamujbl/Build/Products/Debug-iphoneos/React-RCTLinking\"\ \"-F/Users/prathamesh/Library/Developer/Xcode/DerivedData/CCAvenueIndiaSdkReactNativeExample-dmeqaxpselaggkfhomgslbamujbl/Build/Products/Debug-iphoneos/React-RCTNetwork\"\ \"-F/Users/prathamesh/Library/Developer/Xcode/DerivedData/CCAvenueIndiaSdkReactNativeExample-dmeqaxpselaggkfhomgslbamujbl/Build/Products/Debug-iphoneos/React-RCTRuntime\"\ \"-F/Users/prathamesh/Library/Developer/Xcode/DerivedData/CCAvenueIndiaSdkReactNativeExample-dmeqaxpselaggkfhomgslbamujbl/Build/Products/Debug-iphoneos/React-RCTSettings\"\ \"-F/Users/prathamesh/Library/Developer/Xcode/DerivedData/CCAvenueIndiaSdkReactNativeExample-dmeqaxpselaggkfhomgslbamujbl/Build/Products/Debug-iphoneos/React-RCTText\"\ \"-F/Users/prathamesh/Library/Developer/Xcode/DerivedData/CCAvenueIndiaSdkReactNativeExample-dmeqaxpselaggkfhomgslbamujbl/Build/Products/Debug-iphoneos/React-RCTVibration\"\ \"-F/Users/prathamesh/Library/Developer/Xcode/DerivedData/CCAvenueIndiaSdkReactNativeExample-dmeqaxpselaggkfhomgslbamujbl/Build/Products/Debug-iphoneos/React-RuntimeApple\"\ \"-F/Users/prathamesh/Library/Developer/Xcode/DerivedData/CCAvenueIndiaSdkReactNativeExample-dmeqaxpselaggkfhomgslbamujbl/Build/Products/Debug-iphoneos/React-RuntimeCore\"\ \"-F/Users/prathamesh/Library/Developer/Xcode/DerivedData/CCAvenueIndiaSdkReactNativeExample-dmeqaxpselaggkfhomgslbamujbl/Build/Products/Debug-iphoneos/React-RuntimeHermes\"\ \"-F/Users/prathamesh/Library/Developer/Xcode/DerivedData/CCAvenueIndiaSdkReactNativeExample-dmeqaxpselaggkfhomgslbamujbl/Build/Products/Debug-iphoneos/React-callinvoker\"\ \"-F/Users/prathamesh/Library/Developer/Xcode/DerivedData/CCAvenueIndiaSdkReactNativeExample-dmeqaxpselaggkfhomgslbamujbl/Build/Products/Debug-iphoneos/React-cxxreact\"\ \"-F/Users/prathamesh/Library/Developer/Xcode/DerivedData/CCAvenueIndiaSdkReactNativeExample-dmeqaxpselaggkfhomgslbamujbl/Build/Products/Debug-iphoneos/React-debug\"\ \"-F/Users/prathamesh/Library/Developer/Xcode/DerivedData/CCAvenueIndiaSdkReactNativeExample-dmeqaxpselaggkfhomgslbamujbl/Build/Products/Debug-iphoneos/React-defaultsnativemodule\"\ \"-F/Users/prathamesh/Library/Developer/Xcode/DerivedData/CCAvenueIndiaSdkReactNativeExample-dmeqaxpselaggkfhomgslbamujbl/Build/Products/Debug-iphoneos/React-domnativemodule\"\ \"-F/Users/prathamesh/Library/Developer/Xcode/DerivedData/CCAvenueIndiaSdkReactNativeExample-dmeqaxpselaggkfhomgslbamujbl/Build/Products/Debug-iphoneos/React-featureflags\"\ \"-F/Users/prathamesh/Library/Developer/Xcode/DerivedData/CCAvenueIndiaSdkReactNativeExample-dmeqaxpselaggkfhomgslbamujbl/Build/Products/Debug-iphoneos/React-featureflagsnativemodule\"\ \"-F/Users/prathamesh/Library/Developer/Xcode/DerivedData/CCAvenueIndiaSdkReactNativeExample-dmeqaxpselaggkfhomgslbamujbl/Build/Products/Debug-iphoneos/React-graphics\"\ \"-F/Users/prathamesh/Library/Developer/Xcode/DerivedData/CCAvenueIndiaSdkReactNativeExample-dmeqaxpselaggkfhomgslbamujbl/Build/Products/Debug-iphoneos/React-hermes\"\ \"-F/Users/prathamesh/Library/Developer/Xcode/DerivedData/CCAvenueIndiaSdkReactNativeExample-dmeqaxpselaggkfhomgslbamujbl/Build/Products/Debug-iphoneos/React-idlecallbacksnativemodule\"\ \"-F/Users/prathamesh/Library/Developer/Xcode/DerivedData/CCAvenueIndiaSdkReactNativeExample-dmeqaxpselaggkfhomgslbamujbl/Build/Products/Debug-iphoneos/React-intersectionobservernativemodule\"\ \"-F/Users/prathamesh/Library/Developer/Xcode/DerivedData/CCAvenueIndiaSdkReactNativeExample-dmeqaxpselaggkfhomgslbamujbl/Build/Products/Debug-iphoneos/React-jserrorhandler\"\ \"-F/Users/prathamesh/Library/Developer/Xcode/DerivedData/CCAvenueIndiaSdkReactNativeExample-dmeqaxpselaggkfhomgslbamujbl/Build/Products/Debug-iphoneos/React-jsi\"\ \"-F/Users/prathamesh/Library/Developer/Xcode/DerivedData/CCAvenueIndiaSdkReactNativeExample-dmeqaxpselaggkfhomgslbamujbl/Build/Products/Debug-iphoneos/React-jsiexecutor\"\ \"-F/Users/prathamesh/Library/Developer/Xcode/DerivedData/CCAvenueIndiaSdkReactNativeExample-dmeqaxpselaggkfhomgslbamujbl/Build/Products/Debug-iphoneos/React-jsinspector\"\ \"-F/Users/prathamesh/Library/Developer/Xcode/DerivedData/CCAvenueIndiaSdkReactNativeExample-dmeqaxpselaggkfhomgslbamujbl/Build/Products/Debug-iphoneos/React-jsinspectorcdp\"\ \"-F/Users/prathamesh/Library/Developer/Xcode/DerivedData/CCAvenueIndiaSdkReactNativeExample-dmeqaxpselaggkfhomgslbamujbl/Build/Products/Debug-iphoneos/React-jsinspectornetwork\"\ \"-F/Users/prathamesh/Library/Developer/Xcode/DerivedData/CCAvenueIndiaSdkReactNativeExample-dmeqaxpselaggkfhomgslbamujbl/Build/Products/Debug-iphoneos/React-jsinspectortracing\"\ \"-F/Users/prathamesh/Library/Developer/Xcode/DerivedData/CCAvenueIndiaSdkReactNativeExample-dmeqaxpselaggkfhomgslbamujbl/Build/Products/Debug-iphoneos/React-jsitooling\"\ \"-F/Users/prathamesh/Library/Developer/Xcode/DerivedData/CCAvenueIndiaSdkReactNativeExample-dmeqaxpselaggkfhomgslbamujbl/Build/Products/Debug-iphoneos/React-jsitracing\"\ \"-F/Users/prathamesh/Library/Developer/Xcode/DerivedData/CCAvenueIndiaSdkReactNativeExample-dmeqaxpselaggkfhomgslbamujbl/Build/Products/Debug-iphoneos/React-logger\"\ \"-F/Users/prathamesh/Library/Developer/Xcode/DerivedData/CCAvenueIndiaSdkReactNativeExample-dmeqaxpselaggkfhomgslbamujbl/Build/Products/Debug-iphoneos/React-microtasksnativemodule\"\ \"-F/Users/prathamesh/Library/Developer/Xcode/DerivedData/CCAvenueIndiaSdkReactNativeExample-dmeqaxpselaggkfhomgslbamujbl/Build/Products/Debug-iphoneos/React-networking\"\ \"-F/Users/prathamesh/Library/Developer/Xcode/DerivedData/CCAvenueIndiaSdkReactNativeExample-dmeqaxpselaggkfhomgslbamujbl/Build/Products/Debug-iphoneos/React-oscompat\"\ \"-F/Users/prathamesh/Library/Developer/Xcode/DerivedData/CCAvenueIndiaSdkReactNativeExample-dmeqaxpselaggkfhomgslbamujbl/Build/Products/Debug-iphoneos/React-perflogger\"\ \"-F/Users/prathamesh/Library/Developer/Xcode/DerivedData/CCAvenueIndiaSdkReactNativeExample-dmeqaxpselaggkfhomgslbamujbl/Build/Products/Debug-iphoneos/React-performancecdpmetrics\"\ \"-F/Users/prathamesh/Library/Developer/Xcode/DerivedData/CCAvenueIndiaSdkReactNativeExample-dmeqaxpselaggkfhomgslbamujbl/Build/Products/Debug-iphoneos/React-performancetimeline\"\ \"-F/Users/prathamesh/Library/Developer/Xcode/DerivedData/CCAvenueIndiaSdkReactNativeExample-dmeqaxpselaggkfhomgslbamujbl/Build/Products/Debug-iphoneos/React-rendererconsistency\"\ \"-F/Users/prathamesh/Library/Developer/Xcode/DerivedData/CCAvenueIndiaSdkReactNativeExample-dmeqaxpselaggkfhomgslbamujbl/Build/Products/Debug-iphoneos/React-renderercss\"\ \"-F/Users/prathamesh/Library/Developer/Xcode/DerivedData/CCAvenueIndiaSdkReactNativeExample-dmeqaxpselaggkfhomgslbamujbl/Build/Products/Debug-iphoneos/React-rendererdebug\"\ \"-F/Users/prathamesh/Library/Developer/Xcode/DerivedData/CCAvenueIndiaSdkReactNativeExample-dmeqaxpselaggkfhomgslbamujbl/Build/Products/Debug-iphoneos/React-runtimeexecutor\"\ \"-F/Users/prathamesh/Library/Developer/Xcode/DerivedData/CCAvenueIndiaSdkReactNativeExample-dmeqaxpselaggkfhomgslbamujbl/Build/Products/Debug-iphoneos/React-runtimescheduler\"\ \"-F/Users/prathamesh/Library/Developer/Xcode/DerivedData/CCAvenueIndiaSdkReactNativeExample-dmeqaxpselaggkfhomgslbamujbl/Build/Products/Debug-iphoneos/React-timing\"\ \"-F/Users/prathamesh/Library/Developer/Xcode/DerivedData/CCAvenueIndiaSdkReactNativeExample-dmeqaxpselaggkfhomgslbamujbl/Build/Products/Debug-iphoneos/React-utils\"\ \"-F/Users/prathamesh/Library/Developer/Xcode/DerivedData/CCAvenueIndiaSdkReactNativeExample-dmeqaxpselaggkfhomgslbamujbl/Build/Products/Debug-iphoneos/React-webperformancenativemodule\"\ \"-F/Users/prathamesh/Library/Developer/Xcode/DerivedData/CCAvenueIndiaSdkReactNativeExample-dmeqaxpselaggkfhomgslbamujbl/Build/Products/Debug-iphoneos/ReactAppDependencyProvider\"\ \"-F/Users/prathamesh/Library/Developer/Xcode/DerivedData/CCAvenueIndiaSdkReactNativeExample-dmeqaxpselaggkfhomgslbamujbl/Build/Products/Debug-iphoneos/ReactCodegen\"\ \"-F/Users/prathamesh/Library/Developer/Xcode/DerivedData/CCAvenueIndiaSdkReactNativeExample-dmeqaxpselaggkfhomgslbamujbl/Build/Products/Debug-iphoneos/ReactCommon\"\ \"-F/Users/prathamesh/Library/Developer/Xcode/DerivedData/CCAvenueIndiaSdkReactNativeExample-dmeqaxpselaggkfhomgslbamujbl/Build/Products/Debug-iphoneos/SocketRocket\"\ \"-F/Users/prathamesh/Library/Developer/Xcode/DerivedData/CCAvenueIndiaSdkReactNativeExample-dmeqaxpselaggkfhomgslbamujbl/Build/Products/Debug-iphoneos/Yoga\"\ \"-F/Users/prathamesh/Library/Developer/Xcode/DerivedData/CCAvenueIndiaSdkReactNativeExample-dmeqaxpselaggkfhomgslbamujbl/Build/Products/Debug-iphoneos/boost\"\ \"-F/Users/prathamesh/Library/Developer/Xcode/DerivedData/CCAvenueIndiaSdkReactNativeExample-dmeqaxpselaggkfhomgslbamujbl/Build/Products/Debug-iphoneos/ccavenue-india-sdk-react-native\"\ \"-F/Users/prathamesh/Library/Developer/Xcode/DerivedData/CCAvenueIndiaSdkReactNativeExample-dmeqaxpselaggkfhomgslbamujbl/Build/Products/Debug-iphoneos/fast_float\"\ \"-F/Users/prathamesh/Library/Developer/Xcode/DerivedData/CCAvenueIndiaSdkReactNativeExample-dmeqaxpselaggkfhomgslbamujbl/Build/Products/Debug-iphoneos/fmt\"\ \"-F/Users/prathamesh/Library/Developer/Xcode/DerivedData/CCAvenueIndiaSdkReactNativeExample-dmeqaxpselaggkfhomgslbamujbl/Build/Products/Debug-iphoneos/glog\"\ \"-F/Users/prathamesh/Library/Developer/Xcode/DerivedData/CCAvenueIndiaSdkReactNativeExample-dmeqaxpselaggkfhomgslbamujbl/Build/Products/Debug-iphoneos/hermes-engine\"
    export OTHER_SWIFT_FLAGS\=\ -D\ COCOAPODS\ -Xcc\ -fmodule-map-file\=\"/Users/prathamesh/Library/Developer/Xcode/DerivedData/CCAvenueIndiaSdkReactNativeExample-dmeqaxpselaggkfhomgslbamujbl/Build/Products/Debug-iphoneos/RCTSwiftUI/RCTSwiftUI.modulemap\"\ -Xcc\ -fmodule-map-file\=\"/Users/prathamesh/Library/Developer/Xcode/DerivedData/CCAvenueIndiaSdkReactNativeExample-dmeqaxpselaggkfhomgslbamujbl/Build/Products/Debug-iphoneos/ccavenue-india-sdk-react-native/ccavenue_india_sdk_react_native.modulemap\"\ -Xcc\ -fmodule-map-file\=\"/Users/prathamesh/StudioProjects/ccavenue-india-sdk-react-native/example/ios/Pods/Headers/Public/DoubleConversion/DoubleConversion.modulemap\"\ -Xcc\ -fmodule-map-file\=\"/Users/prathamesh/StudioProjects/ccavenue-india-sdk-react-native/example/ios/Pods/Headers/Public/RCTDeprecation/RCTDeprecation.modulemap\"\ -Xcc\ -fmodule-map-file\=\"/Users/prathamesh/StudioProjects/ccavenue-india-sdk-react-native/example/ios/Pods/Headers/Public/RCTFabric/React-RCTFabric.modulemap\"\ -Xcc\ -fmodule-map-file\=\"/Users/prathamesh/StudioProjects/ccavenue-india-sdk-react-native/example/ios/Pods/Headers/Public/RCTImage/React-RCTImage.modulemap\"\ -Xcc\ -fmodule-map-file\=\"/Users/prathamesh/StudioProjects/ccavenue-india-sdk-react-native/example/ios/Pods/Headers/Public/RCTRuntime/React-RCTRuntime.modulemap\"\ -Xcc\ -fmodule-map-file\=\"/Users/prathamesh/StudioProjects/ccavenue-india-sdk-react-native/example/ios/Pods/Headers/Public/RCTTypeSafety/RCTTypeSafety.modulemap\"\ -Xcc\ -fmodule-map-file\=\"/Users/prathamesh/StudioProjects/ccavenue-india-sdk-react-native/example/ios/Pods/Headers/Public/React/React-Core.modulemap\"\ -Xcc\ -fmodule-map-file\=\"/Users/prathamesh/StudioProjects/ccavenue-india-sdk-react-native/example/ios/Pods/Headers/Public/ReactAppDependencyProvider/ReactAppDependencyProvider.modulemap\"\ -Xcc\ -fmodule-map-file\=\"/Users/prathamesh/StudioProjects/ccavenue-india-sdk-react-native/example/ios/Pods/Headers/Public/ReactCodegen/ReactCodegen.modulemap\"\ -Xcc\ -fmodule-map-file\=\"/Users/prathamesh/StudioProjects/ccavenue-india-sdk-react-native/example/ios/Pods/Headers/Public/ReactCommon/ReactCommon.modulemap\"\ -Xcc\ -fmodule-map-file\=\"/Users/prathamesh/StudioProjects/ccavenue-india-sdk-react-native/example/ios/Pods/Headers/Public/React_Fabric/React-Fabric.modulemap\"\ -Xcc\ -fmodule-map-file\=\"/Users/prathamesh/StudioProjects/ccavenue-india-sdk-react-native/example/ios/Pods/Headers/Public/React_FabricComponents/React-FabricComponents.modulemap\"\ -Xcc\ -fmodule-map-file\=\"/Users/prathamesh/StudioProjects/ccavenue-india-sdk-react-native/example/ios/Pods/Headers/Public/React_NativeModulesApple/React-NativeModulesApple.modulemap\"\ -Xcc\ -fmodule-map-file\=\"/Users/prathamesh/StudioProjects/ccavenue-india-sdk-react-native/example/ios/Pods/Headers/Public/React_RCTAppDelegate/React-RCTAppDelegate.modulemap\"\ -Xcc\ -fmodule-map-file\=\"/Users/prathamesh/StudioProjects/ccavenue-india-sdk-react-native/example/ios/Pods/Headers/Public/React_runtimeexecutor/React-runtimeexecutor.modulemap\"\ -Xcc\ -fmodule-map-file\=\"/Users/prathamesh/StudioProjects/ccavenue-india-sdk-react-native/example/ios/Pods/Headers/Public/SocketRocket/SocketRocket.modulemap\"\ -Xcc\ -fmodule-map-file\=\"/Users/prathamesh/StudioProjects/ccavenue-india-sdk-react-native/example/ios/Pods/Headers/Public/fmt/fmt.modulemap\"\ -Xcc\ -fmodule-map-file\=\"/Users/prathamesh/StudioProjects/ccavenue-india-sdk-react-native/example/ios/Pods/Headers/Public/folly/RCT-Folly.modulemap\"\ -Xcc\ -fmodule-map-file\=\"/Users/prathamesh/StudioProjects/ccavenue-india-sdk-react-native/example/ios/Pods/Headers/Public/glog/glog.modulemap\"\ -Xcc\ -fmodule-map-file\=\"/Users/prathamesh/StudioProjects/ccavenue-india-sdk-react-native/example/ios/Pods/Headers/Public/jsi/React-jsi.modulemap\"\ -Xcc\ -fmodule-map-file\=\"/Users/prathamesh/StudioProjects/ccavenue-india-sdk-react-native/example/ios/Pods/Headers/Public/jsinspector_modern/React-jsinspector.modulemap\"\ -Xcc\ -fmodule-map-file\=\"/Users/prathamesh/StudioProjects/ccavenue-india-sdk-react-native/example/ios/Pods/Headers/Public/jsinspector_modern_cdp/React-jsinspectorcdp.modulemap\"\ -Xcc\ -fmodule-map-file\=\"/Users/prathamesh/StudioProjects/ccavenue-india-sdk-react-native/example/ios/Pods/Headers/Public/jsinspector_modern_network/React-jsinspectornetwork.modulemap\"\ -Xcc\ -fmodule-map-file\=\"/Users/prathamesh/StudioProjects/ccavenue-india-sdk-react-native/example/ios/Pods/Headers/Public/jsinspector_modern_tracing/React-jsinspectortracing.modulemap\"\ -Xcc\ -fmodule-map-file\=\"/Users/prathamesh/StudioProjects/ccavenue-india-sdk-react-native/example/ios/Pods/Headers/Public/react_debug/React-debug.modulemap\"\ -Xcc\ -fmodule-map-file\=\"/Users/prathamesh/StudioProjects/ccavenue-india-sdk-react-native/example/ios/Pods/Headers/Public/react_featureflags/React-featureflags.modulemap\"\ -Xcc\ -fmodule-map-file\=\"/Users/prathamesh/StudioProjects/ccavenue-india-sdk-react-native/example/ios/Pods/Headers/Public/react_nativemodule_defaults/React-defaultsnativemodule.modulemap\"\ -Xcc\ -fmodule-map-file\=\"/Users/prathamesh/StudioProjects/ccavenue-india-sdk-react-native/example/ios/Pods/Headers/Public/react_nativemodule_dom/React-domnativemodule.modulemap\"\ -Xcc\ -fmodule-map-file\=\"/Users/prathamesh/StudioProjects/ccavenue-india-sdk-react-native/example/ios/Pods/Headers/Public/react_nativemodule_featureflags/React-featureflagsnativemodule.modulemap\"\ -Xcc\ -fmodule-map-file\=\"/Users/prathamesh/StudioProjects/ccavenue-india-sdk-react-native/example/ios/Pods/Headers/Public/react_nativemodule_idlecallbacks/React-idlecallbacksnativemodule.modulemap\"\ -Xcc\ -fmodule-map-file\=\"/Users/prathamesh/StudioProjects/ccavenue-india-sdk-react-native/example/ios/Pods/Headers/Public/react_nativemodule_intersectionobserver/React-intersectionobservernativemodule.modulemap\"\ -Xcc\ -fmodule-map-file\=\"/Users/prathamesh/StudioProjects/ccavenue-india-sdk-react-native/example/ios/Pods/Headers/Public/react_nativemodule_microtasks/React-microtasksnativemodule.modulemap\"\ -Xcc\ -fmodule-map-file\=\"/Users/prathamesh/StudioProjects/ccavenue-india-sdk-react-native/example/ios/Pods/Headers/Public/react_nativemodule_webperformance/React-webperformancenativemodule.modulemap\"\ -Xcc\ -fmodule-map-file\=\"/Users/prathamesh/StudioProjects/ccavenue-india-sdk-react-native/example/ios/Pods/Headers/Public/react_networking/React-networking.modulemap\"\ -Xcc\ -fmodule-map-file\=\"/Users/prathamesh/StudioProjects/ccavenue-india-sdk-react-native/example/ios/Pods/Headers/Public/react_renderer_css/React-renderercss.modulemap\"\ -Xcc\ -fmodule-map-file\=\"/Users/prathamesh/StudioProjects/ccavenue-india-sdk-react-native/example/ios/Pods/Headers/Public/react_renderer_debug/React-rendererdebug.modulemap\"\ -Xcc\ -fmodule-map-file\=\"/Users/prathamesh/StudioProjects/ccavenue-india-sdk-react-native/example/ios/Pods/Headers/Public/react_renderer_graphics/React-graphics.modulemap\"\ -Xcc\ -fmodule-map-file\=\"/Users/prathamesh/StudioProjects/ccavenue-india-sdk-react-native/example/ios/Pods/Headers/Public/react_renderer_imagemanager/React-ImageManager.modulemap\"\ -Xcc\ -fmodule-map-file\=\"/Users/prathamesh/StudioProjects/ccavenue-india-sdk-react-native/example/ios/Pods/Headers/Public/react_runtime/React-jsitooling.modulemap\"\ -Xcc\ -fmodule-map-file\=\"/Users/prathamesh/StudioProjects/ccavenue-india-sdk-react-native/example/ios/Pods/Headers/Public/react_utils/React-utils.modulemap\"\ -Xcc\ -fmodule-map-file\=\"/Users/prathamesh/StudioProjects/ccavenue-india-sdk-react-native/example/ios/Pods/Headers/Public/reacthermes/React-hermes.modulemap\"\ -Xcc\ -fmodule-map-file\=\"/Users/prathamesh/StudioProjects/ccavenue-india-sdk-react-native/example/ios/Pods/Headers/Public/yoga/Yoga.modulemap\"
    export PACKAGE_TYPE\=com.apple.package-type.wrapper.application
    export PASCAL_STRINGS\=YES
    export PATH\=/Applications/Xcode.app/Contents/SharedFrameworks/SwiftBuild.framework/Versions/A/PlugIns/SWBBuildService.bundle/Contents/PlugIns/SWBUniversalPlatformPlugin.bundle/Contents/Frameworks/SWBUniversalPlatform.framework/Resources:/Applications/Xcode.app/Contents/Developer/Toolchains/XcodeDefault.xctoolchain/usr/bin:/Applications/Xcode.app/Contents/Developer/Toolchains/XcodeDefault.xctoolchain/usr/local/bin:/Applications/Xcode.app/Contents/Developer/Toolchains/XcodeDefault.xctoolchain/usr/libexec:/Applications/Xcode.app/Contents/Developer/Platforms/iPhoneOS.platform/usr/bin:/Applications/Xcode.app/Contents/Developer/Platforms/iPhoneOS.platform/usr/local/bin:/Applications/Xcode.app/Contents/Developer/Platforms/iPhoneOS.platform/Developer/usr/bin:/Applications/Xcode.app/Contents/Developer/Platforms/iPhoneOS.platform/Developer/usr/local/bin:/Applications/Xcode.app/Contents/Developer/usr/bin:/Applications/Xcode.app/Contents/Developer/usr/local/bin:/Users/prathamesh/Downloads/flutter/bin:/Library/Java/JavaVirtualMachines/jdk-17.jdk/Contents/Home/bin:/usr/local/bin:/System/Cryptexes/App/usr/bin:/usr/bin:/bin:/usr/sbin:/sbin:/var/run/com.apple.security.cryptexd/codex.system/bootstrap/usr/local/bin:/var/run/com.apple.security.cryptexd/codex.system/bootstrap/usr/bin:/var/run/com.apple.security.cryptexd/codex.system/bootstrap/usr/appleinternal/bin:/opt/pkg/env/active/bin:/opt/pmk/env/global/bin:/Library/Apple/usr/bin:/opt/homebrew/bin:/Users/prathamesh/Library/Android/sdk/platform-tools:/Users/prathamesh/Library/Android/sdk/emulator
    export PATH_PREFIXES_EXCLUDED_FROM_HEADER_DEPENDENCIES\=/usr/include\ /usr/local/include\ /System/Library/Frameworks\ /System/Library/PrivateFrameworks\ /Applications/Xcode.app/Contents/Developer/Headers\ /Applications/Xcode.app/Contents/Developer/SDKs\ /Applications/Xcode.app/Contents/Developer/Platforms
    export PBDEVELOPMENTPLIST_PATH\=CcavenueIndiaSdkReactNativeExample.app/pbdevelopment.plist
    export PER_ARCH_MODULE_FILE_DIR\=/Users/prathamesh/Library/Developer/Xcode/DerivedData/CCAvenueIndiaSdkReactNativeExample-dmeqaxpselaggkfhomgslbamujbl/Build/Intermediates.noindex/CcavenueIndiaSdkReactNativeExample.build/Debug-iphoneos/CcavenueIndiaSdkReactNativeExample.build/Objects-normal/undefined_arch
    export PER_ARCH_OBJECT_FILE_DIR\=/Users/prathamesh/Library/Developer/Xcode/DerivedData/CCAvenueIndiaSdkReactNativeExample-dmeqaxpselaggkfhomgslbamujbl/Build/Intermediates.noindex/CcavenueIndiaSdkReactNativeExample.build/Debug-iphoneos/CcavenueIndiaSdkReactNativeExample.build/Objects-normal/undefined_arch
    export PER_VARIANT_OBJECT_FILE_DIR\=/Users/prathamesh/Library/Developer/Xcode/DerivedData/CCAvenueIndiaSdkReactNativeExample-dmeqaxpselaggkfhomgslbamujbl/Build/Intermediates.noindex/CcavenueIndiaSdkReactNativeExample.build/Debug-iphoneos/CcavenueIndiaSdkReactNativeExample.build/Objects-normal
    export PKGINFO_FILE_PATH\=/Users/prathamesh/Library/Developer/Xcode/DerivedData/CCAvenueIndiaSdkReactNativeExample-dmeqaxpselaggkfhomgslbamujbl/Build/Intermediates.noindex/CcavenueIndiaSdkReactNativeExample.build/Debug-iphoneos/CcavenueIndiaSdkReactNativeExample.build/PkgInfo
    export PKGINFO_PATH\=CcavenueIndiaSdkReactNativeExample.app/PkgInfo
    export PLATFORM_DEVELOPER_APPLICATIONS_DIR\=/Applications/Xcode.app/Contents/Developer/Platforms/iPhoneOS.platform/Developer/Applications
    export PLATFORM_DEVELOPER_BIN_DIR\=/Applications/Xcode.app/Contents/Developer/Platforms/iPhoneOS.platform/Developer/usr/bin
    export PLATFORM_DEVELOPER_LIBRARY_DIR\=/Applications/Xcode.app/Contents/Developer/Platforms/iPhoneOS.platform/Developer/Library
    export PLATFORM_DEVELOPER_SDK_DIR\=/Applications/Xcode.app/Contents/Developer/Platforms/iPhoneOS.platform/Developer/SDKs
    export PLATFORM_DEVELOPER_TOOLS_DIR\=/Applications/Xcode.app/Contents/Developer/Platforms/iPhoneOS.platform/Developer/Tools
    export PLATFORM_DEVELOPER_USR_DIR\=/Applications/Xcode.app/Contents/Developer/Platforms/iPhoneOS.platform/Developer/usr
    export PLATFORM_DIR\=/Applications/Xcode.app/Contents/Developer/Platforms/iPhoneOS.platform
    export PLATFORM_DISPLAY_NAME\=iOS
    export PLATFORM_FAMILY_NAME\=iOS
    export PLATFORM_NAME\=iphoneos
    export PLATFORM_PREFERRED_ARCH\=arm64
    export PLATFORM_PRODUCT_BUILD_VERSION\=23C53
    export PLATFORM_REQUIRES_SWIFT_AUTOLINK_EXTRACT\=NO
    export PLATFORM_REQUIRES_SWIFT_MODULEWRAP\=NO
    export PLIST_FILE_OUTPUT_FORMAT\=binary
    export PLUGINS_FOLDER_PATH\=CcavenueIndiaSdkReactNativeExample.app/PlugIns
    export PODS_BUILD_DIR\=/Users/prathamesh/Library/Developer/Xcode/DerivedData/CCAvenueIndiaSdkReactNativeExample-dmeqaxpselaggkfhomgslbamujbl/Build/Products
    export PODS_CONFIGURATION_BUILD_DIR\=/Users/prathamesh/Library/Developer/Xcode/DerivedData/CCAvenueIndiaSdkReactNativeExample-dmeqaxpselaggkfhomgslbamujbl/Build/Products/Debug-iphoneos
    export PODS_PODFILE_DIR_PATH\=/Users/prathamesh/StudioProjects/ccavenue-india-sdk-react-native/example/ios/.
    export PODS_ROOT\=/Users/prathamesh/StudioProjects/ccavenue-india-sdk-react-native/example/ios/Pods
    export PODS_XCFRAMEWORKS_BUILD_DIR\=/Users/prathamesh/Library/Developer/Xcode/DerivedData/CCAvenueIndiaSdkReactNativeExample-dmeqaxpselaggkfhomgslbamujbl/Build/Products/Debug-iphoneos/XCFrameworkIntermediates
    export PRECOMPS_INCLUDE_HEADERS_FROM_BUILT_PRODUCTS_DIR\=YES
    export PRECOMP_DESTINATION_DIR\=/Users/prathamesh/Library/Developer/Xcode/DerivedData/CCAvenueIndiaSdkReactNativeExample-dmeqaxpselaggkfhomgslbamujbl/Build/Intermediates.noindex/CcavenueIndiaSdkReactNativeExample.build/Debug-iphoneos/CcavenueIndiaSdkReactNativeExample.build/PrefixHeaders
    export PRIVATE_HEADERS_FOLDER_PATH\=CcavenueIndiaSdkReactNativeExample.app/PrivateHeaders
    export PROCESSED_INFOPLIST_PATH\=/Users/prathamesh/Library/Developer/Xcode/DerivedData/CCAvenueIndiaSdkReactNativeExample-dmeqaxpselaggkfhomgslbamujbl/Build/Intermediates.noindex/CcavenueIndiaSdkReactNativeExample.build/Debug-iphoneos/CcavenueIndiaSdkReactNativeExample.build/Objects-normal/undefined_arch/Processed-Info.plist
    export PRODUCT_BUNDLE_IDENTIFIER\=ccavenueindiasdkreactnative.example
    export PRODUCT_BUNDLE_PACKAGE_TYPE\=APPL
    export PRODUCT_MODULE_NAME\=CcavenueIndiaSdkReactNativeExample
    export PRODUCT_NAME\=CcavenueIndiaSdkReactNativeExample
    export PRODUCT_SETTINGS_PATH\=/Users/prathamesh/StudioProjects/ccavenue-india-sdk-react-native/example/ios/CcavenueIndiaSdkReactNativeExample/Info.plist
    export PRODUCT_TYPE\=com.apple.product-type.application
    export PROFILING_CODE\=NO
    export PROJECT\=CcavenueIndiaSdkReactNativeExample
    export PROJECT_DERIVED_FILE_DIR\=/Users/prathamesh/Library/Developer/Xcode/DerivedData/CCAvenueIndiaSdkReactNativeExample-dmeqaxpselaggkfhomgslbamujbl/Build/Intermediates.noindex/CcavenueIndiaSdkReactNativeExample.build/DerivedSources
    export PROJECT_DIR\=/Users/prathamesh/StudioProjects/ccavenue-india-sdk-react-native/example/ios
    export PROJECT_FILE_PATH\=/Users/prathamesh/StudioProjects/ccavenue-india-sdk-react-native/example/ios/CcavenueIndiaSdkReactNativeExample.xcodeproj
    export PROJECT_GUID\=f4d0f83ddeebca4fac7f81a26516de9b
    export PROJECT_NAME\=CcavenueIndiaSdkReactNativeExample
    export PROJECT_TEMP_DIR\=/Users/prathamesh/Library/Developer/Xcode/DerivedData/CCAvenueIndiaSdkReactNativeExample-dmeqaxpselaggkfhomgslbamujbl/Build/Intermediates.noindex/CcavenueIndiaSdkReactNativeExample.build
    export PROJECT_TEMP_ROOT\=/Users/prathamesh/Library/Developer/Xcode/DerivedData/CCAvenueIndiaSdkReactNativeExample-dmeqaxpselaggkfhomgslbamujbl/Build/Intermediates.noindex
    export PROVISIONING_PROFILE_REQUIRED\=YES
    export PROVISIONING_PROFILE_REQUIRED_YES_YES\=YES
    export PROVISIONING_PROFILE_SUPPORTED\=YES
    export PUBLIC_HEADERS_FOLDER_PATH\=CcavenueIndiaSdkReactNativeExample.app/Headers
    export REACT_NATIVE_PATH\=/Users/prathamesh/StudioProjects/ccavenue-india-sdk-react-native/example/ios/Pods/../../node_modules/react-native
    export RECOMMENDED_IPHONEOS_DEPLOYMENT_TARGET\=15.0
    export RECURSIVE_SEARCH_PATHS_FOLLOW_SYMLINKS\=YES
    export REMOVE_CVS_FROM_RESOURCES\=YES
    export REMOVE_GIT_FROM_RESOURCES\=YES
    export REMOVE_HEADERS_FROM_EMBEDDED_BUNDLES\=YES
    export REMOVE_HG_FROM_RESOURCES\=YES
    export REMOVE_STATIC_EXECUTABLES_FROM_EMBEDDED_BUNDLES\=YES
    export REMOVE_SVN_FROM_RESOURCES\=YES
    export RESCHEDULE_INDEPENDENT_HEADERS_PHASES\=YES
    export REZ_COLLECTOR_DIR\=/Users/prathamesh/Library/Developer/Xcode/DerivedData/CCAvenueIndiaSdkReactNativeExample-dmeqaxpselaggkfhomgslbamujbl/Build/Intermediates.noindex/CcavenueIndiaSdkReactNativeExample.build/Debug-iphoneos/CcavenueIndiaSdkReactNativeExample.build/ResourceManagerResources
    export REZ_OBJECTS_DIR\=/Users/prathamesh/Library/Developer/Xcode/DerivedData/CCAvenueIndiaSdkReactNativeExample-dmeqaxpselaggkfhomgslbamujbl/Build/Intermediates.noindex/CcavenueIndiaSdkReactNativeExample.build/Debug-iphoneos/CcavenueIndiaSdkReactNativeExample.build/ResourceManagerResources/Objects
    export REZ_SEARCH_PATHS\=/Users/prathamesh/Library/Developer/Xcode/DerivedData/CCAvenueIndiaSdkReactNativeExample-dmeqaxpselaggkfhomgslbamujbl/Build/Products/Debug-iphoneos\ 
    export RUNTIME_EXCEPTION_ALLOW_DYLD_ENVIRONMENT_VARIABLES\=NO
    export RUNTIME_EXCEPTION_ALLOW_JIT\=NO
    export RUNTIME_EXCEPTION_ALLOW_UNSIGNED_EXECUTABLE_MEMORY\=NO
    export RUNTIME_EXCEPTION_DEBUGGING_TOOL\=NO
    export RUNTIME_EXCEPTION_DISABLE_EXECUTABLE_PAGE_PROTECTION\=NO
    export RUNTIME_EXCEPTION_DISABLE_LIBRARY_VALIDATION\=NO
    export SCAN_ALL_SOURCE_FILES_FOR_INCLUDES\=NO
    export SCRIPTS_FOLDER_PATH\=CcavenueIndiaSdkReactNativeExample.app/Scripts
    export SCRIPT_INPUT_FILE_0\=/Users/prathamesh/StudioProjects/ccavenue-india-sdk-react-native/example/ios/.xcode.env.local
    export SCRIPT_INPUT_FILE_1\=/Users/prathamesh/StudioProjects/ccavenue-india-sdk-react-native/example/ios/.xcode.env
    export SCRIPT_INPUT_FILE_COUNT\=2
    export SCRIPT_INPUT_FILE_LIST_COUNT\=0
    export SCRIPT_OUTPUT_FILE_COUNT\=0
    export SCRIPT_OUTPUT_FILE_LIST_COUNT\=0
    export SDKROOT\=/Applications/Xcode.app/Contents/Developer/Platforms/iPhoneOS.platform/Developer/SDKs/iPhoneOS26.2.sdk
    export SDK_DIR\=/Applications/Xcode.app/Contents/Developer/Platforms/iPhoneOS.platform/Developer/SDKs/iPhoneOS26.2.sdk
    export SDK_DIR_iphoneos\=/Applications/Xcode.app/Contents/Developer/Platforms/iPhoneOS.platform/Developer/SDKs/iPhoneOS26.2.sdk
    export SDK_DIR_iphoneos26_2\=/Applications/Xcode.app/Contents/Developer/Platforms/iPhoneOS.platform/Developer/SDKs/iPhoneOS26.2.sdk
    export SDK_NAME\=iphoneos26.2
    export SDK_NAMES\=iphoneos26.2
    export SDK_PRODUCT_BUILD_VERSION\=23C53
    export SDK_STAT_CACHE_DIR\=/Users/prathamesh/Library/Developer/Xcode/DerivedData
    export SDK_STAT_CACHE_ENABLE\=YES
    export SDK_STAT_CACHE_PATH\=/Users/prathamesh/Library/Developer/Xcode/DerivedData/SDKStatCaches.noindex/iphoneos26.2-23C53-3794476bd08197c3e2abd9bb477ef7f7.sdkstatcache
    export SDK_VERSION\=26.2
    export SDK_VERSION_ACTUAL\=260200
    export SDK_VERSION_MAJOR\=260000
    export SDK_VERSION_MINOR\=260200
    export SED\=/usr/bin/sed
    export SEPARATE_STRIP\=NO
    export SEPARATE_SYMBOL_EDIT\=NO
    export SET_DIR_MODE_OWNER_GROUP\=YES
    export SET_FILE_MODE_OWNER_GROUP\=NO
    export SHALLOW_BUNDLE\=YES
    export SHALLOW_BUNDLE_TRIPLE\=ios
    export SHALLOW_BUNDLE_ios_macabi\=NO
    export SHALLOW_BUNDLE_macos\=NO
    export SHARED_DERIVED_FILE_DIR\=/Users/prathamesh/Library/Developer/Xcode/DerivedData/CCAvenueIndiaSdkReactNativeExample-dmeqaxpselaggkfhomgslbamujbl/Build/Products/Debug-iphoneos/DerivedSources
    export SHARED_FRAMEWORKS_FOLDER_PATH\=CcavenueIndiaSdkReactNativeExample.app/SharedFrameworks
    export SHARED_PRECOMPS_DIR\=/Users/prathamesh/Library/Developer/Xcode/DerivedData/CCAvenueIndiaSdkReactNativeExample-dmeqaxpselaggkfhomgslbamujbl/Build/Intermediates.noindex/PrecompiledHeaders
    export SHARED_SUPPORT_FOLDER_PATH\=CcavenueIndiaSdkReactNativeExample.app/SharedSupport
    export SKIP_INSTALL\=NO
    export SOURCE_ROOT\=/Users/prathamesh/StudioProjects/ccavenue-india-sdk-react-native/example/ios
    export SRCROOT\=/Users/prathamesh/StudioProjects/ccavenue-india-sdk-react-native/example/ios
    export STRINGSDATA_DIR\=/Users/prathamesh/Library/Developer/Xcode/DerivedData/CCAvenueIndiaSdkReactNativeExample-dmeqaxpselaggkfhomgslbamujbl/Build/Intermediates.noindex/CcavenueIndiaSdkReactNativeExample.build/Debug-iphoneos/CcavenueIndiaSdkReactNativeExample.build/Objects-normal/undefined_arch
    export STRINGSDATA_ROOT\=/Users/prathamesh/Library/Developer/Xcode/DerivedData/CCAvenueIndiaSdkReactNativeExample-dmeqaxpselaggkfhomgslbamujbl/Build/Intermediates.noindex/CcavenueIndiaSdkReactNativeExample.build/Debug-iphoneos/CcavenueIndiaSdkReactNativeExample.build
    export STRINGS_FILE_INFOPLIST_RENAME\=YES
    export STRINGS_FILE_OUTPUT_ENCODING\=binary
    export STRING_CATALOG_GENERATE_SYMBOLS\=NO
    export STRIP_BITCODE_FROM_COPIED_FILES\=YES
    export STRIP_INSTALLED_PRODUCT\=NO
    export STRIP_STYLE\=all
    export STRIP_SWIFT_SYMBOLS\=YES
    export SUPPORTED_DEVICE_FAMILIES\=1,2
    export SUPPORTED_PLATFORMS\=iphoneos\ iphonesimulator
    export SUPPORTS_MACCATALYST\=NO
    export SUPPORTS_MAC_DESIGNED_FOR_IPHONE_IPAD\=YES
    export SUPPORTS_ON_DEMAND_RESOURCES\=YES
    export SUPPORTS_TEXT_BASED_API\=NO
    export SUPPORTS_XR_DESIGNED_FOR_IPHONE_IPAD\=YES
    export SUPPRESS_WARNINGS\=NO
    export SWIFT_ACTIVE_COMPILATION_CONDITIONS\=\ DEBUG
    export SWIFT_EMIT_CONST_VALUE_PROTOCOLS\=AppIntent\ EntityQuery\ AppEntity\ TransientEntity\ AppEnum\ AppShortcutProviding\ AppShortcutsProvider\ AnyResolverProviding\ AppIntentsPackage\ DynamicOptionsProvider\ _IntentValueRepresentable\ _AssistantIntentsProvider\ _GenerativeFunctionExtractable\ IntentValueQuery\ Resolver\ AppExtension\ ExtensionPointDefining
    export SWIFT_EMIT_LOC_STRINGS\=NO
    export SWIFT_ENABLE_EXPLICIT_MODULES\=YES
    export SWIFT_INCLUDE_PATHS\=/Users/prathamesh/Library/Developer/Xcode/DerivedData/CCAvenueIndiaSdkReactNativeExample-dmeqaxpselaggkfhomgslbamujbl/Build/Products/Debug-iphoneos\ \ \"/Users/prathamesh/Library/Developer/Xcode/DerivedData/CCAvenueIndiaSdkReactNativeExample-dmeqaxpselaggkfhomgslbamujbl/Build/Products/Debug-iphoneos/RCTSwiftUI\"\ \"/Users/prathamesh/Library/Developer/Xcode/DerivedData/CCAvenueIndiaSdkReactNativeExample-dmeqaxpselaggkfhomgslbamujbl/Build/Products/Debug-iphoneos/ccavenue-india-sdk-react-native\"
    export SWIFT_OPTIMIZATION_LEVEL\=-Onone
    export SWIFT_PLATFORM_TARGET_PREFIX\=ios
    export SWIFT_RESPONSE_FILE_PATH_normal_arm64\=/Users/prathamesh/Library/Developer/Xcode/DerivedData/CCAvenueIndiaSdkReactNativeExample-dmeqaxpselaggkfhomgslbamujbl/Build/Intermediates.noindex/CcavenueIndiaSdkReactNativeExample.build/Debug-iphoneos/CcavenueIndiaSdkReactNativeExample.build/Objects-normal/arm64/CcavenueIndiaSdkReactNativeExample.SwiftFileList
    export SWIFT_VERSION\=5.0
    export SYMROOT\=/Users/prathamesh/Library/Developer/Xcode/DerivedData/CCAvenueIndiaSdkReactNativeExample-dmeqaxpselaggkfhomgslbamujbl/Build/Products
    export SYSTEM_ADMIN_APPS_DIR\=/Applications/Utilities
    export SYSTEM_APPS_DIR\=/Applications
    export SYSTEM_CORE_SERVICES_DIR\=/System/Library/CoreServices
    export SYSTEM_DEMOS_DIR\=/Applications/Extras
    export SYSTEM_DEVELOPER_APPS_DIR\=/Applications/Xcode.app/Contents/Developer/Applications
    export SYSTEM_DEVELOPER_BIN_DIR\=/Applications/Xcode.app/Contents/Developer/usr/bin
    export SYSTEM_DEVELOPER_DEMOS_DIR\=/Applications/Xcode.app/Contents/Developer/Applications/Utilities/Built\ Examples
    export SYSTEM_DEVELOPER_DIR\=/Applications/Xcode.app/Contents/Developer
    export SYSTEM_DEVELOPER_DOC_DIR\=/Applications/Xcode.app/Contents/Developer/ADC\ Reference\ Library
    export SYSTEM_DEVELOPER_GRAPHICS_TOOLS_DIR\=/Applications/Xcode.app/Contents/Developer/Applications/Graphics\ Tools
    export SYSTEM_DEVELOPER_JAVA_TOOLS_DIR\=/Applications/Xcode.app/Contents/Developer/Applications/Java\ Tools
    export SYSTEM_DEVELOPER_PERFORMANCE_TOOLS_DIR\=/Applications/Xcode.app/Contents/Developer/Applications/Performance\ Tools
    export SYSTEM_DEVELOPER_RELEASENOTES_DIR\=/Applications/Xcode.app/Contents/Developer/ADC\ Reference\ Library/releasenotes
    export SYSTEM_DEVELOPER_TOOLS\=/Applications/Xcode.app/Contents/Developer/Tools
    export SYSTEM_DEVELOPER_TOOLS_DOC_DIR\=/Applications/Xcode.app/Contents/Developer/ADC\ Reference\ Library/documentation/DeveloperTools
    export SYSTEM_DEVELOPER_TOOLS_RELEASENOTES_DIR\=/Applications/Xcode.app/Contents/Developer/ADC\ Reference\ Library/releasenotes/DeveloperTools
    export SYSTEM_DEVELOPER_USR_DIR\=/Applications/Xcode.app/Contents/Developer/usr
    export SYSTEM_DEVELOPER_UTILITIES_DIR\=/Applications/Xcode.app/Contents/Developer/Applications/Utilities
    export SYSTEM_DEXT_INSTALL_PATH\=/System/Library/DriverExtensions
    export SYSTEM_DOCUMENTATION_DIR\=/Library/Documentation
    export SYSTEM_EXTENSIONS_FOLDER_PATH\=CcavenueIndiaSdkReactNativeExample.app/SystemExtensions
    export SYSTEM_EXTENSIONS_FOLDER_PATH_SHALLOW_BUNDLE_NO\=CcavenueIndiaSdkReactNativeExample.app/Library/SystemExtensions
    export SYSTEM_EXTENSIONS_FOLDER_PATH_SHALLOW_BUNDLE_YES\=CcavenueIndiaSdkReactNativeExample.app/SystemExtensions
    export SYSTEM_KEXT_INSTALL_PATH\=/System/Library/Extensions
    export SYSTEM_LIBRARY_DIR\=/System/Library
    export TAPI_DEMANGLE\=YES
    export TAPI_ENABLE_PROJECT_HEADERS\=NO
    export TAPI_LANGUAGE\=objective-c
    export TAPI_LANGUAGE_STANDARD\=compiler-default
    export TAPI_USE_SRCROOT\=YES
    export TAPI_VERIFY_MODE\=Pedantic
    export TARGETED_DEVICE_FAMILY\=1
    export TARGETNAME\=CcavenueIndiaSdkReactNativeExample
    export TARGET_BUILD_DIR\=/Users/prathamesh/Library/Developer/Xcode/DerivedData/CCAvenueIndiaSdkReactNativeExample-dmeqaxpselaggkfhomgslbamujbl/Build/Products/Debug-iphoneos
    export TARGET_DEVICE_IDENTIFIER\=00008030-00114C8C1106402E
    export TARGET_DEVICE_MODEL\=iPhone12,1
    export TARGET_DEVICE_OS_VERSION\=26.3.1
    export TARGET_DEVICE_PLATFORM_NAME\=iphoneos
    export TARGET_NAME\=CcavenueIndiaSdkReactNativeExample
    export TARGET_TEMP_DIR\=/Users/prathamesh/Library/Developer/Xcode/DerivedData/CCAvenueIndiaSdkReactNativeExample-dmeqaxpselaggkfhomgslbamujbl/Build/Intermediates.noindex/CcavenueIndiaSdkReactNativeExample.build/Debug-iphoneos/CcavenueIndiaSdkReactNativeExample.build
    export TEMP_DIR\=/Users/prathamesh/Library/Developer/Xcode/DerivedData/CCAvenueIndiaSdkReactNativeExample-dmeqaxpselaggkfhomgslbamujbl/Build/Intermediates.noindex/CcavenueIndiaSdkReactNativeExample.build/Debug-iphoneos/CcavenueIndiaSdkReactNativeExample.build
    export TEMP_FILES_DIR\=/Users/prathamesh/Library/Developer/Xcode/DerivedData/CCAvenueIndiaSdkReactNativeExample-dmeqaxpselaggkfhomgslbamujbl/Build/Intermediates.noindex/CcavenueIndiaSdkReactNativeExample.build/Debug-iphoneos/CcavenueIndiaSdkReactNativeExample.build
    export TEMP_FILE_DIR\=/Users/prathamesh/Library/Developer/Xcode/DerivedData/CCAvenueIndiaSdkReactNativeExample-dmeqaxpselaggkfhomgslbamujbl/Build/Intermediates.noindex/CcavenueIndiaSdkReactNativeExample.build/Debug-iphoneos/CcavenueIndiaSdkReactNativeExample.build
    export TEMP_ROOT\=/Users/prathamesh/Library/Developer/Xcode/DerivedData/CCAvenueIndiaSdkReactNativeExample-dmeqaxpselaggkfhomgslbamujbl/Build/Intermediates.noindex
    export TEMP_SANDBOX_DIR\=/Users/prathamesh/Library/Developer/Xcode/DerivedData/CCAvenueIndiaSdkReactNativeExample-dmeqaxpselaggkfhomgslbamujbl/Build/Intermediates.noindex/TemporaryTaskSandboxes
    export TEST_FRAMEWORK_SEARCH_PATHS\=\ /Applications/Xcode.app/Contents/Developer/Platforms/iPhoneOS.platform/Developer/Library/Frameworks\ /Applications/Xcode.app/Contents/Developer/Platforms/iPhoneOS.platform/Developer/SDKs/iPhoneOS26.2.sdk/Developer/Library/Frameworks
    export TEST_LIBRARY_SEARCH_PATHS\=\ /Applications/Xcode.app/Contents/Developer/Platforms/iPhoneOS.platform/Developer/usr/lib
    export TOOLCHAINS\=com.apple.dt.toolchain.XcodeDefault
    export TOOLCHAIN_DIR\=/Applications/Xcode.app/Contents/Developer/Toolchains/XcodeDefault.xctoolchain
    export TREAT_MISSING_BASELINES_AS_TEST_FAILURES\=NO
    export TREAT_MISSING_SCRIPT_PHASE_OUTPUTS_AS_ERRORS\=NO
    export TeamIdentifierPrefix\=2BKAMVH68R.
    export UID\=502
    export UNINSTALLED_PRODUCTS_DIR\=/Users/prathamesh/Library/Developer/Xcode/DerivedData/CCAvenueIndiaSdkReactNativeExample-dmeqaxpselaggkfhomgslbamujbl/Build/Intermediates.noindex/UninstalledProducts
    export UNLOCALIZED_RESOURCES_FOLDER_PATH\=CcavenueIndiaSdkReactNativeExample.app
    export UNLOCALIZED_RESOURCES_FOLDER_PATH_SHALLOW_BUNDLE_NO\=CcavenueIndiaSdkReactNativeExample.app/Resources
    export UNLOCALIZED_RESOURCES_FOLDER_PATH_SHALLOW_BUNDLE_YES\=CcavenueIndiaSdkReactNativeExample.app
    export UNSTRIPPED_PRODUCT\=NO
    export USER\=prathamesh
    export USER_APPS_DIR\=/Users/prathamesh/Applications
    export USER_LIBRARY_DIR\=/Users/prathamesh/Library
    export USE_DYNAMIC_NO_PIC\=YES
    export USE_HEADERMAP\=YES
    export USE_HEADER_SYMLINKS\=NO
    export USE_HERMES\=true
    export USE_RECURSIVE_SCRIPT_INPUTS_IN_SCRIPT_PHASES\=YES
    export VALIDATE_DEVELOPMENT_ASSET_PATHS\=YES_ERROR
    export VALIDATE_PRODUCT\=NO
    export VALID_ARCHS\=arm64\ arm64e\ armv7\ armv7s
    export VERBOSE_PBXCP\=NO
    export VERSIONING_SYSTEM\=apple-generic
    export VERSIONPLIST_PATH\=CcavenueIndiaSdkReactNativeExample.app/version.plist
    export VERSION_INFO_BUILDER\=prathamesh
    export VERSION_INFO_FILE\=CcavenueIndiaSdkReactNativeExample_vers.c
    export VERSION_INFO_STRING\=\"@\(\#\)PROGRAM:CcavenueIndiaSdkReactNativeExample\ \ PROJECT:CcavenueIndiaSdkReactNativeExample-1\"
    export WORKSPACE_DIR\=/Users/prathamesh/StudioProjects/ccavenue-india-sdk-react-native/example/ios
    export WRAPPER_EXTENSION\=app
    export WRAPPER_NAME\=CcavenueIndiaSdkReactNativeExample.app
    export WRAPPER_SUFFIX\=.app
    export WRAP_ASSET_PACKS_IN_SEPARATE_DIRECTORIES\=NO
    export XCODE_APP_SUPPORT_DIR\=/Applications/Xcode.app/Contents/Developer/Library/Xcode
    export XCODE_PRODUCT_BUILD_VERSION\=17C52
    export XCODE_VERSION_ACTUAL\=2620
    export XCODE_VERSION_MAJOR\=2600
    export XCODE_VERSION_MINOR\=2620
    export XPCSERVICES_FOLDER_PATH\=CcavenueIndiaSdkReactNativeExample.app/XPCServices
    export YACC\=yacc
    export _DISCOVER_COMMAND_LINE_LINKER_INPUTS\=YES
    export _DISCOVER_COMMAND_LINE_LINKER_INPUTS_INCLUDE_WL\=YES
    export _LD_MULTIARCH\=YES
    export _WRAPPER_CONTENTS_DIR_SHALLOW_BUNDLE_NO\=/Contents
    export _WRAPPER_PARENT_PATH_SHALLOW_BUNDLE_NO\=/..
    export _WRAPPER_RESOURCES_DIR_SHALLOW_BUNDLE_NO\=/Resources
    export __DIAGNOSE_DEPRECATED_ARCHS\=YES
    export __IS_NOT_MACOS\=YES
    export __IS_NOT_MACOS_macosx\=NO
    export __IS_NOT_SIMULATOR\=YES
    export __IS_NOT_SIMULATOR_simulator\=NO
    export arch\=undefined_arch
    export variant\=normal
    /bin/sh -c /Users/prathamesh/Library/Developer/Xcode/DerivedData/CCAvenueIndiaSdkReactNativeExample-dmeqaxpselaggkfhomgslbamujbl/Build/Intermediates.noindex/CcavenueIndiaSdkReactNativeExample.build/Debug-iphoneos/CcavenueIndiaSdkReactNativeExample.build/Script-00DD1BFF1BD5951E006B06BC.sh
Node found at: /opt/homebrew/Cellar/node@20/20.19.6/bin/node
+ DEST=/Users/prathamesh/Library/Developer/Xcode/DerivedData/CCAvenueIndiaSdkReactNativeExample-dmeqaxpselaggkfhomgslbamujbl/Build/Products/Debug-iphoneos/CcavenueIndiaSdkReactNativeExample.app
+ [[ ! -n '' ]]
+ [[ Debug = *Debug* ]]
+ [[ ! iphoneos == *simulator ]]
+ for num in 0 1 2 3 4 5 6 7 8
++ ipconfig getifaddr en0
+ IP=192.168.102.43
+ '[' '!' -z 192.168.102.43 ']'
+ break
+ '[' -z 192.168.102.43 ']'
+ echo 192.168.102.43
+ [[ -n '' ]]
+ case "$CONFIGURATION" in
+ [[ iphoneos == *simulator ]]
+ echo 'Bundling for physical device. Use the SKIP_BUNDLING flag to change this behavior.'
Bundling for physical device. Use the SKIP_BUNDLING flag to change this behavior.
+ DEV=true
+++ dirname /Users/prathamesh/StudioProjects/ccavenue-india-sdk-react-native/example/ios/Pods/../../node_modules/react-native/scripts/react-native-xcode.sh
++ cd /Users/prathamesh/StudioProjects/ccavenue-india-sdk-react-native/example/ios/Pods/../../node_modules/react-native/scripts/..
++ pwd
+ REACT_NATIVE_DIR=/Users/prathamesh/StudioProjects/ccavenue-india-sdk-react-native/example/node_modules/react-native
+ PROJECT_ROOT=/Users/prathamesh/StudioProjects/ccavenue-india-sdk-react-native/example/ios/..
+ cd /Users/prathamesh/StudioProjects/ccavenue-india-sdk-react-native/example/ios/..
+ [[ -n '' ]]
+ [[ -s index.ios.js ]]
+ ENTRY_FILE=index.js
+ source /Users/prathamesh/StudioProjects/ccavenue-india-sdk-react-native/example/node_modules/react-native/scripts/node-binary.sh
++ '[' -z /opt/homebrew/Cellar/node@20/20.19.6/bin/node ']'
++ type /opt/homebrew/Cellar/node@20/20.19.6/bin/node
+ HERMES_ENGINE_PATH=/Users/prathamesh/StudioProjects/ccavenue-india-sdk-react-native/example/ios/Pods/hermes-engine
+ '[' -z /Users/prathamesh/StudioProjects/ccavenue-india-sdk-react-native/example/node_modules/hermes-compiler/hermesc/osx-bin/hermesc ']'
+ [[ true != false ]]
+ [[ -f /Users/prathamesh/StudioProjects/ccavenue-india-sdk-react-native/example/ios/Pods/hermes-engine ]]
+ '[' -z '' ']'
+ export NODE_ARGS=
+ NODE_ARGS=
+ '[' -z '' ']'
+ CLI_PATH=/Users/prathamesh/StudioProjects/ccavenue-india-sdk-react-native/example/node_modules/react-native/scripts/bundle.js
+ '[' -z '' ']'
+ BUNDLE_COMMAND=bundle
+ '[' -z '' ']'
+ COMPOSE_SOURCEMAP_PATH=/Users/prathamesh/StudioProjects/ccavenue-india-sdk-react-native/example/node_modules/react-native/scripts/compose-source-maps.js
+ [[ -z '' ]]
+ CONFIG_ARG=
+ [[ -z '' ]]
+ BUNDLE_NAME=main
+ BUNDLE_FILE=/Users/prathamesh/Library/Developer/Xcode/DerivedData/CCAvenueIndiaSdkReactNativeExample-dmeqaxpselaggkfhomgslbamujbl/Build/Products/Debug-iphoneos/main.jsbundle
+ EXTRA_ARGS=()
+ case "$PLATFORM_NAME" in
+ BUNDLE_PLATFORM=ios
+ '[' '' = YES ']'
+ EMIT_SOURCEMAP=
+ [[ ! -z '' ]]
+ PACKAGER_SOURCEMAP_FILE=
+ [[ '' == true ]]
+ [[ true != false ]]
+ [[ true == false ]]
+ [[ -n '' ]]
+ [[ -n '' ]]
+ EXTRA_ARGS+=("--config-cmd" "'$NODE_BINARY' $NODE_ARGS '$REACT_NATIVE_DIR/cli.js' config")
+ /opt/homebrew/Cellar/node@20/20.19.6/bin/node /Users/prathamesh/StudioProjects/ccavenue-india-sdk-react-native/example/node_modules/react-native/scripts/bundle.js bundle --entry-file index.js --platform ios --dev true --reset-cache --bundle-output /Users/prathamesh/Library/Developer/Xcode/DerivedData/CCAvenueIndiaSdkReactNativeExample-dmeqaxpselaggkfhomgslbamujbl/Build/Products/Debug-iphoneos/main.jsbundle --assets-dest /Users/prathamesh/Library/Developer/Xcode/DerivedData/CCAvenueIndiaSdkReactNativeExample-dmeqaxpselaggkfhomgslbamujbl/Build/Products/Debug-iphoneos/CcavenueIndiaSdkReactNativeExample.app --config-cmd ''\''/opt/homebrew/Cellar/node@20/20.19.6/bin/node'\''  '\''/Users/prathamesh/StudioProjects/ccavenue-india-sdk-react-native/example/node_modules/react-native/cli.js'\'' config'

                        ▒▒▓▓▓▓▒▒
                     ▒▓▓▓▒▒░░▒▒▓▓▓▒
                  ▒▓▓▓▓░░░▒▒▒▒░░░▓▓▓▓▒
                 ▓▓▒▒▒▓▓▓▓▓▓▓▓▓▓▓▓▒▒▒▓▓
                 ▓▓░░░░░▒▓▓▓▓▓▓▒░░░░░▓▓
                 ▓▓░░▓▓▒░░░▒▒░░░▒▓▒░░▓▓
                 ▓▓░░▓▓▓▓▓▒▒▒▒▓▓▓▓▒░░▓▓
                 ▓▓░░▓▓▓▓▓▓▓▓▓▓▓▓▓▒░░▓▓
                 ▓▓▒░░▒▒▓▓▓▓▓▓▓▓▒░░░▒▓▓
                  ▒▓▓▓▒░░░▒▓▓▒░░░▒▓▓▓▒
                     ▒▓▓▓▒░░░░▒▓▓▓▒
                        ▒▒▓▓▓▓▒▒


 WARN  the transform cache was reset.
                Welcome to Metro v0.83.3
              Fast - Scalable - Integrated


LOG:Writing bundle output to: /Users/prathamesh/Library/Developer/Xcode/DerivedData/CCAvenueIndiaSdkReactNativeExample-dmeqaxpselaggkfhomgslbamujbl/Build/Products/Debug-iphoneos/main.jsbundle
LOG:Done writing bundle output
Copying 5 asset files
Done copying assets
+ [[ true == false ]]
+ EXTRA_COMPILER_ARGS=
+ [[ true == true ]]
+ EXTRA_COMPILER_ARGS=-Og
+ [[ '' == true ]]
+ /Users/prathamesh/StudioProjects/ccavenue-india-sdk-react-native/example/node_modules/hermes-compiler/hermesc/osx-bin/hermesc -emit-binary -max-diagnostic-width=80 -Og -out /Users/prathamesh/Library/Developer/Xcode/DerivedData/CCAvenueIndiaSdkReactNativeExample-dmeqaxpselaggkfhomgslbamujbl/Build/Products/Debug-iphoneos/CcavenueIndiaSdkReactNativeExample.app/main.jsbundle /Users/prathamesh/Library/Developer/Xcode/DerivedData/CCAvenueIndiaSdkReactNativeExample-dmeqaxpselaggkfhomgslbamujbl/Build/Products/Debug-iphoneos/main.jsbundle
/Users/prathamesh/Library/Developer/Xcode/DerivedData/CCAvenueIndiaSdkReactNativeExample-dmeqaxpselaggkfhomgslbamujbl/Build/Products/Debug-iphoneos/main.jsbundle:79:7: warning: the variable "console" was not declared in function "metroRequire"
      console.warn(`Requiring module "${verboseName}" by name is only support...
      ^~~~~~~
/Users/prathamesh/Library/Developer/Xcode/DerivedData/CCAvenueIndiaSdkReactNativeExample-dmeqaxpselaggkfhomgslbamujbl/Build/Products/Debug-iphoneos/main.jsbundle:450:33: warning: the variable "setTimeout" was not declared in function "metroHotUpdateModule"
          reactRefreshTimeout = setTimeout(function () {
                                ^~~~~~~~~~
/Users/prathamesh/Library/Developer/Xcode/DerivedData/CCAvenueIndiaSdkReactNativeExample-dmeqaxpselaggkfhomgslbamujbl/Build/Products/Debug-iphoneos/main.jsbundle:536:18: warning: the variable "window" was not declared in function "performFullRefresh"
      if (typeof window !== "undefined" && window.location != null && typeof ...
                 ^~~~~~
/Users/prathamesh/Library/Developer/Xcode/DerivedData/CCAvenueIndiaSdkReactNativeExample-dmeqaxpselaggkfhomgslbamujbl/Build/Products/Debug-iphoneos/main.jsbundle:2460:20: warning: the variable "Promise" was not declared in function "promiseMethodWrapper"
        return new Promise(function (resolve, reject) {
                   ^~~~~~~
/Users/prathamesh/Library/Developer/Xcode/DerivedData/CCAvenueIndiaSdkReactNativeExample-dmeqaxpselaggkfhomgslbamujbl/Build/Products/Debug-iphoneos/main.jsbundle:2846:23: warning: the variable "DebuggerInternal" was not declared in function "__shouldPauseOnThrow"
        return typeof DebuggerInternal !== 'undefined' && DebuggerInternal.sh...
                      ^~~~~~~~~~~~~~~~
/Users/prathamesh/Library/Developer/Xcode/DerivedData/CCAvenueIndiaSdkReactNativeExample-dmeqaxpselaggkfhomgslbamujbl/Build/Products/Debug-iphoneos/main.jsbundle:6411:49: warning: the variable "reportError" was not declared in anonymous function " 165#"
...alError = "function" === typeof reportError ? reportError : function (erro...
                                   ^~~~~~~~~~~
/Users/prathamesh/Library/Developer/Xcode/DerivedData/CCAvenueIndiaSdkReactNativeExample-dmeqaxpselaggkfhomgslbamujbl/Build/Products/Debug-iphoneos/main.jsbundle:6899:56: warning: the variable "performance" was not declared in function "lazyInitializer 1#"
        null != ioInfo && (ioInfo.start = ioInfo.end = performance.now());
                                                       ^~~~~~~~~~~
/Users/prathamesh/Library/Developer/Xcode/DerivedData/CCAvenueIndiaSdkReactNativeExample-dmeqaxpselaggkfhomgslbamujbl/Build/Products/Debug-iphoneos/main.jsbundle:6944:105: warning: the variable "MessageChannel" was not declared in function "enqueueTaskImpl"
... = !0, "undefined" === typeof MessageChannel && console.error("This browse...
                                 ^~~~~~~~~~~~~~
/Users/prathamesh/Library/Developer/Xcode/DerivedData/CCAvenueIndiaSdkReactNativeExample-dmeqaxpselaggkfhomgslbamujbl/Build/Products/Debug-iphoneos/main.jsbundle:7000:28: warning: the variable "__REACT_DEVTOOLS_GLOBAL_HOOK__" was not declared in anonymous function " 211#"
...undefined" !== typeof __REACT_DEVTOOLS_GLOBAL_HOOK__ && "function" === typ...
                         ^~~~~~~~~~~~~~~~~~~~~~~~~~~~~~
/Users/prathamesh/Library/Developer/Xcode/DerivedData/CCAvenueIndiaSdkReactNativeExample-dmeqaxpselaggkfhomgslbamujbl/Build/Products/Debug-iphoneos/main.jsbundle:7102:54: warning: the variable "queueMicrotask" was not declared in anonymous function " 211#"
...tasks = "function" === typeof queueMicrotask ? function (callback) {
                                 ^~~~~~~~~~~~~~
/Users/prathamesh/Library/Developer/Xcode/DerivedData/CCAvenueIndiaSdkReactNativeExample-dmeqaxpselaggkfhomgslbamujbl/Build/Products/Debug-iphoneos/main.jsbundle:9432:112: warning: the variable "nativeFabricUIManager" was not declared in function "measure 2#"
... hostFiber.stateNode.node) nativeFabricUIManager.measure(hostFiber, callba...
                              ^~~~~~~~~~~~~~~~~~~~~
/Users/prathamesh/Library/Developer/Xcode/DerivedData/CCAvenueIndiaSdkReactNativeExample-dmeqaxpselaggkfhomgslbamujbl/Build/Products/Debug-iphoneos/main.jsbundle:15750:64: warning: the variable "IS_REACT_ACT_ENVIRONMENT" was not declared in function "isConcurrentActEnvironment"
...= "undefined" !== typeof IS_REACT_ACT_ENVIRONMENT ? IS_REACT_ACT_ENVIRONME...
                            ^~~~~~~~~~~~~~~~~~~~~~~~
/Users/prathamesh/Library/Developer/Xcode/DerivedData/CCAvenueIndiaSdkReactNativeExample-dmeqaxpselaggkfhomgslbamujbl/Build/Products/Debug-iphoneos/main.jsbundle:17638:53: warning: the variable "AbortController" was not declared in anonymous function " 326#"
...ocal = "undefined" !== typeof AbortController ? AbortController : function...
                                 ^~~~~~~~~~~~~~~
/Users/prathamesh/Library/Developer/Xcode/DerivedData/CCAvenueIndiaSdkReactNativeExample-dmeqaxpselaggkfhomgslbamujbl/Build/Products/Debug-iphoneos/main.jsbundle:19357:23: warning: the variable "clearTimeout" was not declared in anonymous function " 326#"
      cancelTimeout = clearTimeout,
                      ^~~~~~~~~~~~
/Users/prathamesh/Library/Developer/Xcode/DerivedData/CCAvenueIndiaSdkReactNativeExample-dmeqaxpselaggkfhomgslbamujbl/Build/Products/Debug-iphoneos/main.jsbundle:19368:51: warning: the variable "RN$enableMicrotasksInReact" was not declared in anonymous function " 326#"
... "undefined" !== typeof RN$enableMicrotasksInReact && !!RN$enableMicrotask...
                           ^~~~~~~~~~~~~~~~~~~~~~~~~~
/Users/prathamesh/Library/Developer/Xcode/DerivedData/CCAvenueIndiaSdkReactNativeExample-dmeqaxpselaggkfhomgslbamujbl/Build/Products/Debug-iphoneos/main.jsbundle:25138:24: warning: the variable "FileReader" was not declared in function "readBlobAsArrayBuffer"
      var reader = new FileReader();
                       ^~~~~~~~~~
/Users/prathamesh/Library/Developer/Xcode/DerivedData/CCAvenueIndiaSdkReactNativeExample-dmeqaxpselaggkfhomgslbamujbl/Build/Products/Debug-iphoneos/main.jsbundle:25189:36: warning: the variable "Blob" was not declared in anonymous function " 602#"
        } else if (support.blob && Blob.prototype.isPrototypeOf(body)) {
                                   ^~~~
/Users/prathamesh/Library/Developer/Xcode/DerivedData/CCAvenueIndiaSdkReactNativeExample-dmeqaxpselaggkfhomgslbamujbl/Build/Products/Debug-iphoneos/main.jsbundle:25191:40: warning: the variable "FormData" was not declared in anonymous function " 602#"
        } else if (support.formData && FormData.prototype.isPrototypeOf(body)) {
                                       ^~~~~~~~
/Users/prathamesh/Library/Developer/Xcode/DerivedData/CCAvenueIndiaSdkReactNativeExample-dmeqaxpselaggkfhomgslbamujbl/Build/Products/Debug-iphoneos/main.jsbundle:25193:44: warning: the variable "URLSearchParams" was not declared in anonymous function " 602#"
...e if (support.searchParams && URLSearchParams.prototype.isPrototypeOf(body...
                                 ^~~~~~~~~~~~~~~
/Users/prathamesh/Library/Developer/Xcode/DerivedData/CCAvenueIndiaSdkReactNativeExample-dmeqaxpselaggkfhomgslbamujbl/Build/Products/Debug-iphoneos/main.jsbundle:25446:23: warning: the variable "XMLHttpRequest" was not declared in anonymous function " 612#"
        var xhr = new XMLHttpRequest();
                      ^~~~~~~~~~~~~~
/Users/prathamesh/Library/Developer/Xcode/DerivedData/CCAvenueIndiaSdkReactNativeExample-dmeqaxpselaggkfhomgslbamujbl/Build/Products/Debug-iphoneos/main.jsbundle:24991:71: warning: the variable "self" was not declared in anonymous function " 594#"
...undefined' && globalThis || typeof self !== 'undefined' && self ||
                                      ^~~~
/Users/prathamesh/Library/Developer/Xcode/DerivedData/CCAvenueIndiaSdkReactNativeExample-dmeqaxpselaggkfhomgslbamujbl/Build/Products/Debug-iphoneos/main.jsbundle:32702:23: warning: the variable "localStorageGetItem" was not declared in function "getSavedComponentFilters"
            var raw = localStorageGetItem(LOCAL_STORAGE_COMPONENT_FILTER_PREF...
                      ^~~~~~~~~~~~~~~~~~~
/Users/prathamesh/Library/Developer/Xcode/DerivedData/CCAvenueIndiaSdkReactNativeExample-dmeqaxpselaggkfhomgslbamujbl/Build/Products/Debug-iphoneos/main.jsbundle:32702:43: warning: the variable "LOCAL_STORAGE_COMPONENT_FILTER_PREFERENCES_KEY" was not declared in function "getSavedComponentFilters"
...torageGetItem(LOCAL_STORAGE_COMPONENT_FILTER_PREFERENCES_KEY);
                 ^~~~~~~~~~~~~~~~~~~~~~~~~~~~~~~~~~~~~~~~~~~~~~
/Users/prathamesh/Library/Developer/Xcode/DerivedData/CCAvenueIndiaSdkReactNativeExample-dmeqaxpselaggkfhomgslbamujbl/Build/Products/Debug-iphoneos/main.jsbundle:32711:11: warning: the variable "localStorageSetItem" was not declared in function "setSavedComponentFilters"
          localStorageSetItem(LOCAL_STORAGE_COMPONENT_FILTER_PREFERENCES_KEY,...
          ^~~~~~~~~~~~~~~~~~~
/Users/prathamesh/Library/Developer/Xcode/DerivedData/CCAvenueIndiaSdkReactNativeExample-dmeqaxpselaggkfhomgslbamujbl/Build/Products/Debug-iphoneos/main.jsbundle:32733:43: warning: the variable "LOCAL_STORAGE_OPEN_IN_EDITOR_URL" was not declared in function "getOpenInEditorURL"
            var raw = localStorageGetItem(LOCAL_STORAGE_OPEN_IN_EDITOR_URL);
                                          ^~~~~~~~~~~~~~~~~~~~~~~~~~~~~~~~
/Users/prathamesh/Library/Developer/Xcode/DerivedData/CCAvenueIndiaSdkReactNativeExample-dmeqaxpselaggkfhomgslbamujbl/Build/Products/Debug-iphoneos/main.jsbundle:32761:18: warning: the variable "ElementTypeClass" was not declared in function "parseElementDisplayNameFromBackend"
            case ElementTypeClass:
                 ^~~~~~~~~~~~~~~~
/Users/prathamesh/Library/Developer/Xcode/DerivedData/CCAvenueIndiaSdkReactNativeExample-dmeqaxpselaggkfhomgslbamujbl/Build/Products/Debug-iphoneos/main.jsbundle:32762:18: warning: the variable "ElementTypeForwardRef" was not declared in function "parseElementDisplayNameFromBackend"
            case ElementTypeForwardRef:
                 ^~~~~~~~~~~~~~~~~~~~~
/Users/prathamesh/Library/Developer/Xcode/DerivedData/CCAvenueIndiaSdkReactNativeExample-dmeqaxpselaggkfhomgslbamujbl/Build/Products/Debug-iphoneos/main.jsbundle:32763:18: warning: the variable "ElementTypeFunction" was not declared in function "parseElementDisplayNameFromBackend"
            case ElementTypeFunction:
                 ^~~~~~~~~~~~~~~~~~~
/Users/prathamesh/Library/Developer/Xcode/DerivedData/CCAvenueIndiaSdkReactNativeExample-dmeqaxpselaggkfhomgslbamujbl/Build/Products/Debug-iphoneos/main.jsbundle:32764:18: warning: the variable "ElementTypeMemo" was not declared in function "parseElementDisplayNameFromBackend"
            case ElementTypeMemo:
                 ^~~~~~~~~~~~~~~
/Users/prathamesh/Library/Developer/Xcode/DerivedData/CCAvenueIndiaSdkReactNativeExample-dmeqaxpselaggkfhomgslbamujbl/Build/Products/Debug-iphoneos/main.jsbundle:32765:18: warning: the variable "ElementTypeVirtual" was not declared in function "parseElementDisplayNameFromBackend"
            case ElementTypeVirtual:
                 ^~~~~~~~~~~~~~~~~~
/Users/prathamesh/Library/Developer/Xcode/DerivedData/CCAvenueIndiaSdkReactNativeExample-dmeqaxpselaggkfhomgslbamujbl/Build/Products/Debug-iphoneos/main.jsbundle:32882:22: warning: the variable "HTMLElement" was not declared in function "getDataType"
          if (typeof HTMLElement !== 'undefined' && data instanceof HTMLEleme...
                     ^~~~~~~~~~~
/Users/prathamesh/Library/Developer/Xcode/DerivedData/CCAvenueIndiaSdkReactNativeExample-dmeqaxpselaggkfhomgslbamujbl/Build/Products/Debug-iphoneos/main.jsbundle:33288:24: warning: the variable "URL" was not declared in function "normalizeUrlIfValid"
            return new URL(url).toString();
                       ^~~
/Users/prathamesh/Library/Developer/Xcode/DerivedData/CCAvenueIndiaSdkReactNativeExample-dmeqaxpselaggkfhomgslbamujbl/Build/Products/Debug-iphoneos/main.jsbundle:33299:13: warning: the variable "localStorage" was not declared in function "getIsReloadAndProfileSupported"
            localStorage.getItem('test');
            ^~~~~~~~~~~~
/Users/prathamesh/Library/Developer/Xcode/DerivedData/CCAvenueIndiaSdkReactNativeExample-dmeqaxpselaggkfhomgslbamujbl/Build/Products/Debug-iphoneos/main.jsbundle:33306:18: warning: the variable "sessionStorageGetItem" was not declared in function "getIfReloadedAndProfiling"
          return sessionStorageGetItem(SESSION_STORAGE_RELOAD_AND_PROFILE_KEY...
                 ^~~~~~~~~~~~~~~~~~~~~
/Users/prathamesh/Library/Developer/Xcode/DerivedData/CCAvenueIndiaSdkReactNativeExample-dmeqaxpselaggkfhomgslbamujbl/Build/Products/Debug-iphoneos/main.jsbundle:33306:40: warning: the variable "SESSION_STORAGE_RELOAD_AND_PROFILE_KEY" was not declared in function "getIfReloadedAndProfiling"
...ionStorageGetItem(SESSION_STORAGE_RELOAD_AND_PROFILE_KEY) === 'true';
                     ^~~~~~~~~~~~~~~~~~~~~~~~~~~~~~~~~~~~~~
/Users/prathamesh/Library/Developer/Xcode/DerivedData/CCAvenueIndiaSdkReactNativeExample-dmeqaxpselaggkfhomgslbamujbl/Build/Products/Debug-iphoneos/main.jsbundle:33310:61: warning: the variable "SESSION_STORAGE_RECORD_CHANGE_DESCRIPTIONS_KEY" was not declared in function "getProfilingSettings"
...torageGetItem(SESSION_STORAGE_RECORD_CHANGE_DESCRIPTIONS_KEY) === 'true',
                 ^~~~~~~~~~~~~~~~~~~~~~~~~~~~~~~~~~~~~~~~~~~~~~
/Users/prathamesh/Library/Developer/Xcode/DerivedData/CCAvenueIndiaSdkReactNativeExample-dmeqaxpselaggkfhomgslbamujbl/Build/Products/Debug-iphoneos/main.jsbundle:33311:51: warning: the variable "SESSION_STORAGE_RECORD_TIMELINE_KEY" was not declared in function "getProfilingSettings"
...ssionStorageGetItem(SESSION_STORAGE_RECORD_TIMELINE_KEY) === 'true'
                       ^~~~~~~~~~~~~~~~~~~~~~~~~~~~~~~~~~~
/Users/prathamesh/Library/Developer/Xcode/DerivedData/CCAvenueIndiaSdkReactNativeExample-dmeqaxpselaggkfhomgslbamujbl/Build/Products/Debug-iphoneos/main.jsbundle:33315:11: warning: the variable "sessionStorageSetItem" was not declared in function "onReloadAndProfile 1#"
          sessionStorageSetItem(SESSION_STORAGE_RELOAD_AND_PROFILE_KEY, 'true');
          ^~~~~~~~~~~~~~~~~~~~~
/Users/prathamesh/Library/Developer/Xcode/DerivedData/CCAvenueIndiaSdkReactNativeExample-dmeqaxpselaggkfhomgslbamujbl/Build/Products/Debug-iphoneos/main.jsbundle:33320:11: warning: the variable "sessionStorageRemoveItem" was not declared in function "onReloadAndProfileFlagsReset 1#"
          sessionStorageRemoveItem(SESSION_STORAGE_RELOAD_AND_PROFILE_KEY);
          ^~~~~~~~~~~~~~~~~~~~~~~~
/Users/prathamesh/Library/Developer/Xcode/DerivedData/CCAvenueIndiaSdkReactNativeExample-dmeqaxpselaggkfhomgslbamujbl/Build/Products/Debug-iphoneos/main.jsbundle:33733:24: warning: the variable "getInObject" was not declared in function "fillInPath"
          var target = getInObject(object, path);
                       ^~~~~~~~~~~
/Users/prathamesh/Library/Developer/Xcode/DerivedData/CCAvenueIndiaSdkReactNativeExample-dmeqaxpselaggkfhomgslbamujbl/Build/Products/Debug-iphoneos/main.jsbundle:33759:11: warning: the variable "setInObject" was not declared in function "fillInPath"
          setInObject(object, path, value);
          ^~~~~~~~~~~
/Users/prathamesh/Library/Developer/Xcode/DerivedData/CCAvenueIndiaSdkReactNativeExample-dmeqaxpselaggkfhomgslbamujbl/Build/Products/Debug-iphoneos/main.jsbundle:35357:15: warning: the variable "cancelAnimationFrame" was not declared in function "toggleEnabled"
              cancelAnimationFrame(drawAnimationFrameID);
              ^~~~~~~~~~~~~~~~~~~~
/Users/prathamesh/Library/Developer/Xcode/DerivedData/CCAvenueIndiaSdkReactNativeExample-dmeqaxpselaggkfhomgslbamujbl/Build/Products/Debug-iphoneos/main.jsbundle:35402:36: warning: the variable "requestAnimationFrame" was not declared in function "traceUpdates"
            drawAnimationFrameID = requestAnimationFrame(prepareToDraw);
                                   ^~~~~~~~~~~~~~~~~~~~~
/Users/prathamesh/Library/Developer/Xcode/DerivedData/CCAvenueIndiaSdkReactNativeExample-dmeqaxpselaggkfhomgslbamujbl/Build/Products/Debug-iphoneos/main.jsbundle:35795:20: warning: the variable "sessionStorage" was not declared in function "storage_sessionStorageGetItem"
            return sessionStorage.getItem(key);
                   ^~~~~~~~~~~~~~
/Users/prathamesh/Library/Developer/Xcode/DerivedData/CCAvenueIndiaSdkReactNativeExample-dmeqaxpselaggkfhomgslbamujbl/Build/Products/Debug-iphoneos/main.jsbundle:37668:59: warning: the variable "document" was not declared in function "getPropertyValueForStyleName"
...heetIndex = 0; styleSheetIndex < document.styleSheets.length; styleSheetIn...
                                    ^~~~~~~~
/Users/prathamesh/Library/Developer/Xcode/DerivedData/CCAvenueIndiaSdkReactNativeExample-dmeqaxpselaggkfhomgslbamujbl/Build/Products/Debug-iphoneos/main.jsbundle:37678:49: warning: the variable "CSSStyleRule" was not declared in function "getPropertyValueForStyleName"
              if (!(rules[ruleIndex] instanceof CSSStyleRule)) {
                                                ^~~~~~~~~~~~
/Users/prathamesh/Library/Developer/Xcode/DerivedData/CCAvenueIndiaSdkReactNativeExample-dmeqaxpselaggkfhomgslbamujbl/Build/Products/Debug-iphoneos/main.jsbundle:42728:50: warning: the variable "navigator" was not declared in function "logElementToConsole 1#"
            if (window.chrome || /firefox/i.test(navigator.userAgent)) {
                                                 ^~~~~~~~~
/Users/prathamesh/Library/Developer/Xcode/DerivedData/CCAvenueIndiaSdkReactNativeExample-dmeqaxpselaggkfhomgslbamujbl/Build/Products/Debug-iphoneos/main.jsbundle:34787:42: warning: the variable "Node" was not declared in anonymous function " 1042#"
                return node.nodeType === Node.ELEMENT_NODE;
                                         ^~~~
/Users/prathamesh/Library/Developer/Xcode/DerivedData/CCAvenueIndiaSdkReactNativeExample-dmeqaxpselaggkfhomgslbamujbl/Build/Products/Debug-iphoneos/main.jsbundle:35718:28: warning: the variable "devtoolsJestTestScheduler" was not declared in function "send 2#"
                if (typeof devtoolsJestTestScheduler === 'function') {
                           ^~~~~~~~~~~~~~~~~~~~~~~~~
/Users/prathamesh/Library/Developer/Xcode/DerivedData/CCAvenueIndiaSdkReactNativeExample-dmeqaxpselaggkfhomgslbamujbl/Build/Products/Debug-iphoneos/main.jsbundle:52083:7: warning: Direct call to eval(), but lexical scope is not supported.
      eval(code);
      ^~~~~~~~~~
/Users/prathamesh/Library/Developer/Xcode/DerivedData/CCAvenueIndiaSdkReactNativeExample-dmeqaxpselaggkfhomgslbamujbl/Build/Products/Debug-iphoneos/main.jsbundle:53372:9: warning: Direct call to eval(), but lexical scope is not supported.
        eval(body);
        ^~~~~~~~~~
/Users/prathamesh/Library/Developer/Xcode/DerivedData/CCAvenueIndiaSdkReactNativeExample-dmeqaxpselaggkfhomgslbamujbl/Build/Products/Debug-iphoneos/main.jsbundle:70858:5: warning: the variable "fetch" was not declared in function "openFileInEditor"
    fetch(_$$_REQUIRE(_dependencyMap[0], "./getDevServer").default().url + 'o...
    ^~~~~
/Users/prathamesh/Library/Developer/Xcode/DerivedData/CCAvenueIndiaSdkReactNativeExample-dmeqaxpselaggkfhomgslbamujbl/Build/Products/Debug-iphoneos/main.jsbundle:73379:62: warning: the variable "nativeRuntimeScheduler" was not declared in anonymous function " 2147#"
... = "undefined" !== typeof nativeRuntimeScheduler ? nativeRuntimeScheduler....
                             ^~~~~~~~~~~~~~~~~~~~~~
+ [[ '' == true ]]
+ BUNDLE_FILE=/Users/prathamesh/Library/Developer/Xcode/DerivedData/CCAvenueIndiaSdkReactNativeExample-dmeqaxpselaggkfhomgslbamujbl/Build/Products/Debug-iphoneos/CcavenueIndiaSdkReactNativeExample.app/main.jsbundle
+ [[ true != true ]]

PhaseScriptExecution [CP]\ Embed\ Pods\ Frameworks /Users/prathamesh/Library/Developer/Xcode/DerivedData/CCAvenueIndiaSdkReactNativeExample-dmeqaxpselaggkfhomgslbamujbl/Build/Intermediates.noindex/CcavenueIndiaSdkReactNativeExample.build/Debug-iphoneos/CcavenueIndiaSdkReactNativeExample.build/Script-E5266653066D9DF8911EFDC2.sh (in target 'CcavenueIndiaSdkReactNativeExample' from project 'CcavenueIndiaSdkReactNativeExample')
    cd /Users/prathamesh/StudioProjects/ccavenue-india-sdk-react-native/example/ios
    /bin/sh -c /Users/prathamesh/Library/Developer/Xcode/DerivedData/CCAvenueIndiaSdkReactNativeExample-dmeqaxpselaggkfhomgslbamujbl/Build/Intermediates.noindex/CcavenueIndiaSdkReactNativeExample.build/Debug-iphoneos/CcavenueIndiaSdkReactNativeExample.build/Script-E5266653066D9DF8911EFDC2.sh
mkdir -p /Users/prathamesh/Library/Developer/Xcode/DerivedData/CCAvenueIndiaSdkReactNativeExample-dmeqaxpselaggkfhomgslbamujbl/Build/Products/Debug-iphoneos/CcavenueIndiaSdkReactNativeExample.app/Frameworks
rsync --delete -av --filter P .*.?????? --links --filter "- CVS/" --filter "- .svn/" --filter "- .git/" --filter "- .hg/" --filter "- Headers" --filter "- PrivateHeaders" --filter "- Modules" "/Users/prathamesh/Library/Developer/Xcode/DerivedData/CCAvenueIndiaSdkReactNativeExample-dmeqaxpselaggkfhomgslbamujbl/Build/Products/Debug-iphoneos/XCFrameworkIntermediates/ccavenue-india-sdk-react-native/CCAvenueIndiaSDK.framework" "/Users/prathamesh/Library/Developer/Xcode/DerivedData/CCAvenueIndiaSdkReactNativeExample-dmeqaxpselaggkfhomgslbamujbl/Build/Products/Debug-iphoneos/CcavenueIndiaSdkReactNativeExample.app/Frameworks"
Transfer starting: 181 files
CCAvenueIndiaSDK.framework/
CCAvenueIndiaSDK.framework/CCAvenueIndiaSDK
CCAvenueIndiaSDK.framework/Info.plist
CCAvenueIndiaSDK.framework/OpenSans-Bold.ttf
CCAvenueIndiaSDK.framework/OpenSans-Semibold.ttf
CCAvenueIndiaSDK.framework/OpenSans.ttf
CCAvenueIndiaSDK.framework/SecuredByView.nib
CCAvenueIndiaSDK.framework/sparkle.json
CCAvenueIndiaSDK.framework/AccountSB.storyboardc/
CCAvenueIndiaSDK.framework/AccountSB.storyboardc/6Hg-al-478-view-6el-oK-KZm.nib
CCAvenueIndiaSDK.framework/AccountSB.storyboardc/AccountViewController.nib
CCAvenueIndiaSDK.framework/AccountSB.storyboardc/Info.plist
CCAvenueIndiaSDK.framework/AccountSB.storyboardc/LanguageViewController.nib
CCAvenueIndiaSDK.framework/AccountSB.storyboardc/gmE-8N-AXc-view-Mjr-ZQ-j89.nib
CCAvenueIndiaSDK.framework/BharatQRSB.storyboardc/
CCAvenueIndiaSDK.framework/BharatQRSB.storyboardc/BharatQRViewController.nib
CCAvenueIndiaSDK.framework/BharatQRSB.storyboardc/Info.plist
CCAvenueIndiaSDK.framework/BharatQRSB.storyboardc/Y6W-OH-hqX-view-5EZ-qb-Rvc.nib
CCAvenueIndiaSDK.framework/CardSB.storyboardc/
CCAvenueIndiaSDK.framework/CardSB.storyboardc/Agh-fA-CkT-view-SFs-g5-I3M.nib
CCAvenueIndiaSDK.framework/CardSB.storyboardc/CardViewController.nib
CCAvenueIndiaSDK.framework/CardSB.storyboardc/GSTDetailsViewController.nib
CCAvenueIndiaSDK.framework/CardSB.storyboardc/Info.plist
CCAvenueIndiaSDK.framework/CardSB.storyboardc/InternationalCardViewController.nib
CCAvenueIndiaSDK.framework/CardSB.storyboardc/KbD-9d-cE3-view-P0m-YN-UAl.nib
CCAvenueIndiaSDK.framework/CardSB.storyboardc/SavedCardViewController.nib
CCAvenueIndiaSDK.framework/CardSB.storyboardc/Y6W-OH-hqX-view-5EZ-qb-Rvc.nib
CCAvenueIndiaSDK.framework/CardSB.storyboardc/va1-KT-UIE-view-xQw-J7-1Cv.nib
CCAvenueIndiaSDK.framework/CardScan.storyboardc/
CCAvenueIndiaSDK.framework/CardScan.storyboardc/Info.plist
CCAvenueIndiaSDK.framework/CardScan.storyboardc/ScanCardController.nib
CCAvenueIndiaSDK.framework/CardScan.storyboardc/Y6W-OH-hqX-view-5EZ-qb-Rvc.nib
CCAvenueIndiaSDK.framework/EMISB.storyboardc/
CCAvenueIndiaSDK.framework/EMISB.storyboardc/83M-bV-Uqa-view-6i3-6T-Dcz.nib
CCAvenueIndiaSDK.framework/EMISB.storyboardc/EMICardViewController.nib
CCAvenueIndiaSDK.framework/EMISB.storyboardc/EMIPlanViewController.nib
CCAvenueIndiaSDK.framework/EMISB.storyboardc/EMIViewController.nib
CCAvenueIndiaSDK.framework/EMISB.storyboardc/Info.plist
CCAvenueIndiaSDK.framework/EMISB.storyboardc/Y7K-mv-CYw-view-Q4i-Uc-Vze.nib
CCAvenueIndiaSDK.framework/EMISB.storyboardc/it4-kV-gt5-view-Nzc-G7-mMg.nib
CCAvenueIndiaSDK.framework/Images.bundle/
CCAvenueIndiaSDK.framework/Images.bundle/B_mnemonic.jpg
CCAvenueIndiaSDK.framework/Images.bundle/MasterCardDebitCard.jpg
CCAvenueIndiaSDK.framework/Images.bundle/NBBL_Logo.jpg
CCAvenueIndiaSDK.framework/Images.bundle/NEFT-RTGS.jpg
CCAvenueIndiaSDK.framework/Images.bundle/OPTBQR.jpg
CCAvenueIndiaSDK.framework/Images.bundle/OPTCASHC.jpg
CCAvenueIndiaSDK.framework/Images.bundle/OPTCRDC.jpg
CCAvenueIndiaSDK.framework/Images.bundle/OPTCRDC|OPTDBCRD.jpg
CCAvenueIndiaSDK.framework/Images.bundle/OPTDBCRD.jpg
CCAvenueIndiaSDK.framework/Images.bundle/OPTEMI.jpg
CCAvenueIndiaSDK.framework/Images.bundle/OPTMOBP.jpg
CCAvenueIndiaSDK.framework/Images.bundle/OPTNBK.jpg
CCAvenueIndiaSDK.framework/Images.bundle/OPTNEFT.jpg
CCAvenueIndiaSDK.framework/Images.bundle/OPTPL.jpg
CCAvenueIndiaSDK.framework/Images.bundle/OPTPTM.jpg
CCAvenueIndiaSDK.framework/Images.bundle/OPTUPI.jpg
CCAvenueIndiaSDK.framework/Images.bundle/OPTWLT.jpg
CCAvenueIndiaSDK.framework/Images.bundle/UPI.jpg
CCAvenueIndiaSDK.framework/Images.bundle/VISADEBITCARD.jpg
CCAvenueIndiaSDK.framework/Images.bundle/account.jpg
CCAvenueIndiaSDK.framework/Images.bundle/address.jpg
CCAvenueIndiaSDK.framework/Images.bundle/amex.jpg
CCAvenueIndiaSDK.framework/Images.bundle/back_btn.jpg
CCAvenueIndiaSDK.framework/Images.bundle/bhim-vega.svg
CCAvenueIndiaSDK.framework/Images.bundle/bhim.jpg
CCAvenueIndiaSDK.framework/Images.bundle/card-chip.jpg
CCAvenueIndiaSDK.framework/Images.bundle/cc_logo.jpg
CCAvenueIndiaSDK.framework/Images.bundle/cc_unknown.jpg
CCAvenueIndiaSDK.framework/Images.bundle/check-box.jpg
CCAvenueIndiaSDK.framework/Images.bundle/checkbox-check.jpg
CCAvenueIndiaSDK.framework/Images.bundle/checked-trans.jpg
CCAvenueIndiaSDK.framework/Images.bundle/checked.jpg
CCAvenueIndiaSDK.framework/Images.bundle/delete.jpg
CCAvenueIndiaSDK.framework/Images.bundle/diners.jpg
CCAvenueIndiaSDK.framework/Images.bundle/dinersclub.jpg
CCAvenueIndiaSDK.framework/Images.bundle/discover.jpg
CCAvenueIndiaSDK.framework/Images.bundle/email.jpg
CCAvenueIndiaSDK.framework/Images.bundle/emi-calculator.jpg
CCAvenueIndiaSDK.framework/Images.bundle/external-link.jpg
CCAvenueIndiaSDK.framework/Images.bundle/flash-light-on.jpg
CCAvenueIndiaSDK.framework/Images.bundle/frame.jpg
CCAvenueIndiaSDK.framework/Images.bundle/gocard.jpg
CCAvenueIndiaSDK.framework/Images.bundle/maestro.jpg
CCAvenueIndiaSDK.framework/Images.bundle/mastercard.jpg
CCAvenueIndiaSDK.framework/Images.bundle/mobile-rotate.jpg
CCAvenueIndiaSDK.framework/Images.bundle/mobile.jpg
CCAvenueIndiaSDK.framework/Images.bundle/no-image.jpg
CCAvenueIndiaSDK.framework/Images.bundle/offer.jpg
CCAvenueIndiaSDK.framework/Images.bundle/otp-icon.jpg
CCAvenueIndiaSDK.framework/Images.bundle/pci_logo.jpg
CCAvenueIndiaSDK.framework/Images.bundle/pencil.jpg
CCAvenueIndiaSDK.framework/Images.bundle/right_arrow.jpg
CCAvenueIndiaSDK.framework/Images.bundle/rupay.jpg
CCAvenueIndiaSDK.framework/Images.bundle/scan-card.jpg
CCAvenueIndiaSDK.framework/Images.bundle/swift-upi-logo.jpg
CCAvenueIndiaSDK.framework/Images.bundle/unlock.svg
CCAvenueIndiaSDK.framework/Images.bundle/upi-icon.jpg
CCAvenueIndiaSDK.framework/Images.bundle/user.jpg
CCAvenueIndiaSDK.framework/Images.bundle/verification.svg
CCAvenueIndiaSDK.framework/Images.bundle/visa.jpg
CCAvenueIndiaSDK.framework/Images.bundle/whatsapp.jpg
CCAvenueIndiaSDK.framework/Images.bundle/wifi.jpg
CCAvenueIndiaSDK.framework/LoginSB.storyboardc/
CCAvenueIndiaSDK.framework/LoginSB.storyboardc/6xs-B8-OKH-view-gm7-AO-r7j.nib
CCAvenueIndiaSDK.framework/LoginSB.storyboardc/BillingInfoViewController.nib
CCAvenueIndiaSDK.framework/LoginSB.storyboardc/EIm-5v-GjE-view-lgK-4J-mi6.nib
CCAvenueIndiaSDK.framework/LoginSB.storyboardc/EditOneClickAddrController.nib
CCAvenueIndiaSDK.framework/LoginSB.storyboardc/FCx-fg-lBe-view-uM2-MW-MOx.nib
CCAvenueIndiaSDK.framework/LoginSB.storyboardc/Info.plist
CCAvenueIndiaSDK.framework/LoginSB.storyboardc/LoginViewController.nib
CCAvenueIndiaSDK.framework/LoginSB.storyboardc/NGe-p1-RZ8-view-t82-pf-oOz.nib
CCAvenueIndiaSDK.framework/LoginSB.storyboardc/OTPViewController.nib
CCAvenueIndiaSDK.framework/LoginSB.storyboardc/OneClickBillingAddrController.nib
CCAvenueIndiaSDK.framework/LoginSB.storyboardc/OneClickShippingAddrController.nib
CCAvenueIndiaSDK.framework/LoginSB.storyboardc/Qww-A3-RI3-view-MvP-i7-TUv.nib
CCAvenueIndiaSDK.framework/LoginSB.storyboardc/ShippingInfoViewController.nib
CCAvenueIndiaSDK.framework/LoginSB.storyboardc/fy8-Jg-meF-view-KF4-Q8-Dxg.nib
CCAvenueIndiaSDK.framework/LoginSB.storyboardc/ujg-74-zkb-view-b2j-XJ-dbC.nib
CCAvenueIndiaSDK.framework/MainSB.storyboardc/
CCAvenueIndiaSDK.framework/MainSB.storyboardc/Info.plist
CCAvenueIndiaSDK.framework/MainSB.storyboardc/MainSBViewController.nib
CCAvenueIndiaSDK.framework/MainSB.storyboardc/ViewDetailsController.nib
CCAvenueIndiaSDK.framework/MainSB.storyboardc/Y6W-OH-hqX-view-5EZ-qb-Rvc.nib
CCAvenueIndiaSDK.framework/MainSB.storyboardc/e7K-hb-Tjn-view-1T3-Ie-L4U.nib
CCAvenueIndiaSDK.framework/ManageUPI.storyboardc/
CCAvenueIndiaSDK.framework/ManageUPI.storyboardc/GsK-5E-RuA-view-z35-2G-mzf.nib
CCAvenueIndiaSDK.framework/ManageUPI.storyboardc/Info.plist
CCAvenueIndiaSDK.framework/ManageUPI.storyboardc/ManageLinkedAccountController.nib
CCAvenueIndiaSDK.framework/ManageUPI.storyboardc/ManageUPIController.nib
CCAvenueIndiaSDK.framework/ManageUPI.storyboardc/ManageUPIDialogController.nib
CCAvenueIndiaSDK.framework/ManageUPI.storyboardc/Tg3-u8-WGz-view-h01-ya-wd4.nib
CCAvenueIndiaSDK.framework/ManageUPI.storyboardc/Y6W-OH-hqX-view-5EZ-qb-Rvc.nib
CCAvenueIndiaSDK.framework/NativeOTPSB.storyboardc/
CCAvenueIndiaSDK.framework/NativeOTPSB.storyboardc/Info.plist
CCAvenueIndiaSDK.framework/NativeOTPSB.storyboardc/NativeOTPController.nib
CCAvenueIndiaSDK.framework/NativeOTPSB.storyboardc/Y6W-OH-hqX-view-5EZ-qb-Rvc.nib
CCAvenueIndiaSDK.framework/NetBankingSB.storyboardc/
CCAvenueIndiaSDK.framework/NetBankingSB.storyboardc/AZt-36-JGk-view-4rr-62-iYT.nib
CCAvenueIndiaSDK.framework/NetBankingSB.storyboardc/BankListViewController.nib
CCAvenueIndiaSDK.framework/NetBankingSB.storyboardc/Info.plist
CCAvenueIndiaSDK.framework/NetBankingSB.storyboardc/NBBLViewController.nib
CCAvenueIndiaSDK.framework/NetBankingSB.storyboardc/NetBankingViewController.nib
CCAvenueIndiaSDK.framework/NetBankingSB.storyboardc/Y6W-OH-hqX-view-5EZ-qb-Rvc.nib
CCAvenueIndiaSDK.framework/NetBankingSB.storyboardc/fwU-JK-vdh-view-Wbt-eh-gZb.nib
CCAvenueIndiaSDK.framework/PaymentSB.storyboardc/
CCAvenueIndiaSDK.framework/PaymentSB.storyboardc/Info.plist
CCAvenueIndiaSDK.framework/PaymentSB.storyboardc/PaymentOptionsViewController.nib
CCAvenueIndiaSDK.framework/PaymentSB.storyboardc/Y6W-OH-hqX-view-5EZ-qb-Rvc.nib
CCAvenueIndiaSDK.framework/PromotionSB.storyboardc/
CCAvenueIndiaSDK.framework/PromotionSB.storyboardc/Info.plist
CCAvenueIndiaSDK.framework/PromotionSB.storyboardc/Pik-uu-UFE-view-Bgu-Uy-HNa.nib
CCAvenueIndiaSDK.framework/PromotionSB.storyboardc/PromoAppliedViewController.nib
CCAvenueIndiaSDK.framework/PromotionSB.storyboardc/PromotionViewController.nib
CCAvenueIndiaSDK.framework/PromotionSB.storyboardc/Y6W-OH-hqX-view-5EZ-qb-Rvc.nib
CCAvenueIndiaSDK.framework/SwiftUPISB.storyboardc/
CCAvenueIndiaSDK.framework/SwiftUPISB.storyboardc/H05-81-VXC-view-QUq-or-EUH.nib
CCAvenueIndiaSDK.framework/SwiftUPISB.storyboardc/Info.plist
CCAvenueIndiaSDK.framework/SwiftUPISB.storyboardc/UPIBankListController.nib
CCAvenueIndiaSDK.framework/SwiftUPISB.storyboardc/UPIMobileVerificationController.nib
CCAvenueIndiaSDK.framework/SwiftUPISB.storyboardc/Y6W-OH-hqX-view-5EZ-qb-Rvc.nib
CCAvenueIndiaSDK.framework/UPISB.storyboardc/
CCAvenueIndiaSDK.framework/UPISB.storyboardc/Info.plist
CCAvenueIndiaSDK.framework/UPISB.storyboardc/UPIViewController.nib
CCAvenueIndiaSDK.framework/UPISB.storyboardc/Y6W-OH-hqX-view-5EZ-qb-Rvc.nib
CCAvenueIndiaSDK.framework/WalletSB.storyboardc/
CCAvenueIndiaSDK.framework/WalletSB.storyboardc/Info.plist
CCAvenueIndiaSDK.framework/WalletSB.storyboardc/PLOTPViewController.nib
CCAvenueIndiaSDK.framework/WalletSB.storyboardc/WaP-Oo-rrd-view-Ar1-Ph-gP2.nib
CCAvenueIndiaSDK.framework/WalletSB.storyboardc/WalletViewController.nib
CCAvenueIndiaSDK.framework/WalletSB.storyboardc/Y6W-OH-hqX-view-5EZ-qb-Rvc.nib
CCAvenueIndiaSDK.framework/WebViewSB.storyboardc/
CCAvenueIndiaSDK.framework/WebViewSB.storyboardc/Info.plist
CCAvenueIndiaSDK.framework/WebViewSB.storyboardc/WebViewController.nib
CCAvenueIndiaSDK.framework/WebViewSB.storyboardc/Y6W-OH-hqX-view-jyH-3I-cqI.nib
CCAvenueIndiaSDK.framework/en.lproj/
CCAvenueIndiaSDK.framework/en.lproj/Localizable.strings
CCAvenueIndiaSDK.framework/hi.lproj/
CCAvenueIndiaSDK.framework/hi.lproj/Localizable.strings
CCAvenueIndiaSDK.framework/mr.lproj/
CCAvenueIndiaSDK.framework/mr.lproj/Localizable.strings

sent 7334834 bytes  received 3666 bytes  63757602 bytes/sec
total size is 7310801  speedup is 1.00
Code Signing /Users/prathamesh/Library/Developer/Xcode/DerivedData/CCAvenueIndiaSdkReactNativeExample-dmeqaxpselaggkfhomgslbamujbl/Build/Products/Debug-iphoneos/CcavenueIndiaSdkReactNativeExample.app/Frameworks/CCAvenueIndiaSDK.framework with Identity Apple Development: Prathamesh Saraf (2V26QZJ426)
/usr/bin/codesign --force --sign 3F5BE4CF5F9EE698FF8CAB4FC0DE8B47E88AABFE  --preserve-metadata=identifier,entitlements '/Users/prathamesh/Library/Developer/Xcode/DerivedData/CCAvenueIndiaSdkReactNativeExample-dmeqaxpselaggkfhomgslbamujbl/Build/Products/Debug-iphoneos/CcavenueIndiaSdkReactNativeExample.app/Frameworks/CCAvenueIndiaSDK.framework'
rsync --delete -av --filter P .*.?????? --links --filter "- CVS/" --filter "- .svn/" --filter "- .git/" --filter "- .hg/" --filter "- Headers" --filter "- PrivateHeaders" --filter "- Modules" "/Users/prathamesh/Library/Developer/Xcode/DerivedData/CCAvenueIndiaSdkReactNativeExample-dmeqaxpselaggkfhomgslbamujbl/Build/Products/Debug-iphoneos/XCFrameworkIntermediates/hermes-engine/Pre-built/hermesvm.framework" "/Users/prathamesh/Library/Developer/Xcode/DerivedData/CCAvenueIndiaSdkReactNativeExample-dmeqaxpselaggkfhomgslbamujbl/Build/Products/Debug-iphoneos/CcavenueIndiaSdkReactNativeExample.app/Frameworks"
Transfer starting: 3 files
hermesvm.framework/
hermesvm.framework/Info.plist
hermesvm.framework/hermesvm

sent 6738609 bytes  received 70 bytes  163958126 bytes/sec
total size is 6737381  speedup is 1.00
Code Signing /Users/prathamesh/Library/Developer/Xcode/DerivedData/CCAvenueIndiaSdkReactNativeExample-dmeqaxpselaggkfhomgslbamujbl/Build/Products/Debug-iphoneos/CcavenueIndiaSdkReactNativeExample.app/Frameworks/hermesvm.framework with Identity Apple Development: Prathamesh Saraf (2V26QZJ426)
/usr/bin/codesign --force --sign 3F5BE4CF5F9EE698FF8CAB4FC0DE8B47E88AABFE  --preserve-metadata=identifier,entitlements '/Users/prathamesh/Library/Developer/Xcode/DerivedData/CCAvenueIndiaSdkReactNativeExample-dmeqaxpselaggkfhomgslbamujbl/Build/Products/Debug-iphoneos/CcavenueIndiaSdkReactNativeExample.app/Frameworks/hermesvm.framework'

PhaseScriptExecution [CP]\ Copy\ Pods\ Resources /Users/prathamesh/Library/Developer/Xcode/DerivedData/CCAvenueIndiaSdkReactNativeExample-dmeqaxpselaggkfhomgslbamujbl/Build/Intermediates.noindex/CcavenueIndiaSdkReactNativeExample.build/Debug-iphoneos/CcavenueIndiaSdkReactNativeExample.build/Script-5016372669F1806A8B5F94A5.sh (in target 'CcavenueIndiaSdkReactNativeExample' from project 'CcavenueIndiaSdkReactNativeExample')
    cd /Users/prathamesh/StudioProjects/ccavenue-india-sdk-react-native/example/ios
    /bin/sh -c /Users/prathamesh/Library/Developer/Xcode/DerivedData/CCAvenueIndiaSdkReactNativeExample-dmeqaxpselaggkfhomgslbamujbl/Build/Intermediates.noindex/CcavenueIndiaSdkReactNativeExample.build/Debug-iphoneos/CcavenueIndiaSdkReactNativeExample.build/Script-5016372669F1806A8B5F94A5.sh
/Users/prathamesh/Library/Developer/Xcode/DerivedData/CCAvenueIndiaSdkReactNativeExample-dmeqaxpselaggkfhomgslbamujbl/Build/Products/Debug-iphoneos/RCT-Folly/RCT-Folly_privacy.bundle
/Users/prathamesh/Library/Developer/Xcode/DerivedData/CCAvenueIndiaSdkReactNativeExample-dmeqaxpselaggkfhomgslbamujbl/Build/Products/Debug-iphoneos/React-Core/React-Core_privacy.bundle
/Users/prathamesh/Library/Developer/Xcode/DerivedData/CCAvenueIndiaSdkReactNativeExample-dmeqaxpselaggkfhomgslbamujbl/Build/Products/Debug-iphoneos/React-cxxreact/React-cxxreact_privacy.bundle
/Users/prathamesh/Library/Developer/Xcode/DerivedData/CCAvenueIndiaSdkReactNativeExample-dmeqaxpselaggkfhomgslbamujbl/Build/Products/Debug-iphoneos/boost/boost_privacy.bundle
/Users/prathamesh/Library/Developer/Xcode/DerivedData/CCAvenueIndiaSdkReactNativeExample-dmeqaxpselaggkfhomgslbamujbl/Build/Products/Debug-iphoneos/glog/glog_privacy.bundle
Transfer starting: 12 files
RCT-Folly_privacy.bundle/
RCT-Folly_privacy.bundle/Info.plist
React-Core_privacy.bundle/
React-Core_privacy.bundle/Info.plist
React-Core_privacy.bundle/PrivacyInfo.xcprivacy
React-cxxreact_privacy.bundle/
React-cxxreact_privacy.bundle/Info.plist
React-cxxreact_privacy.bundle/PrivacyInfo.xcprivacy
boost_privacy.bundle/
boost_privacy.bundle/Info.plist
glog_privacy.bundle/
glog_privacy.bundle/Info.plist

sent 6311 bytes  received 204 bytes  715934 bytes/sec
total size is 5218  speedup is 0.80

CopySwiftLibs /Users/prathamesh/Library/Developer/Xcode/DerivedData/CCAvenueIndiaSdkReactNativeExample-dmeqaxpselaggkfhomgslbamujbl/Build/Products/Debug-iphoneos/CcavenueIndiaSdkReactNativeExample.app (in target 'CcavenueIndiaSdkReactNativeExample' from project 'CcavenueIndiaSdkReactNativeExample')
    cd /Users/prathamesh/StudioProjects/ccavenue-india-sdk-react-native/example/ios
    builtin-swiftStdLibTool --copy --verbose --sign 3F5BE4CF5F9EE698FF8CAB4FC0DE8B47E88AABFE --scan-executable /Users/prathamesh/Library/Developer/Xcode/DerivedData/CCAvenueIndiaSdkReactNativeExample-dmeqaxpselaggkfhomgslbamujbl/Build/Products/Debug-iphoneos/CcavenueIndiaSdkReactNativeExample.app/CcavenueIndiaSdkReactNativeExample.debug.dylib --scan-folder /Users/prathamesh/Library/Developer/Xcode/DerivedData/CCAvenueIndiaSdkReactNativeExample-dmeqaxpselaggkfhomgslbamujbl/Build/Products/Debug-iphoneos/CcavenueIndiaSdkReactNativeExample.app/Frameworks --scan-folder /Users/prathamesh/Library/Developer/Xcode/DerivedData/CCAvenueIndiaSdkReactNativeExample-dmeqaxpselaggkfhomgslbamujbl/Build/Products/Debug-iphoneos/CcavenueIndiaSdkReactNativeExample.app/PlugIns --scan-folder /Users/prathamesh/Library/Developer/Xcode/DerivedData/CCAvenueIndiaSdkReactNativeExample-dmeqaxpselaggkfhomgslbamujbl/Build/Products/Debug-iphoneos/CcavenueIndiaSdkReactNativeExample.app/SystemExtensions --scan-folder /Users/prathamesh/Library/Developer/Xcode/DerivedData/CCAvenueIndiaSdkReactNativeExample-dmeqaxpselaggkfhomgslbamujbl/Build/Products/Debug-iphoneos/CcavenueIndiaSdkReactNativeExample.app/Extensions --platform iphoneos --toolchain /Applications/Xcode.app/Contents/Developer/Toolchains/XcodeDefault.xctoolchain --destination /Users/prathamesh/Library/Developer/Xcode/DerivedData/CCAvenueIndiaSdkReactNativeExample-dmeqaxpselaggkfhomgslbamujbl/Build/Products/Debug-iphoneos/CcavenueIndiaSdkReactNativeExample.app/Frameworks --strip-bitcode --strip-bitcode-tool /Applications/Xcode.app/Contents/Developer/Toolchains/XcodeDefault.xctoolchain/usr/bin/bitcode_strip --emit-dependency-info /Users/prathamesh/Library/Developer/Xcode/DerivedData/CCAvenueIndiaSdkReactNativeExample-dmeqaxpselaggkfhomgslbamujbl/Build/Intermediates.noindex/CcavenueIndiaSdkReactNativeExample.build/Debug-iphoneos/CcavenueIndiaSdkReactNativeExample.build/SwiftStdLibToolInputDependencies.dep --filter-for-swift-os

ExtractAppIntentsMetadata (in target 'CcavenueIndiaSdkReactNativeExample' from project 'CcavenueIndiaSdkReactNativeExample')
    cd /Users/prathamesh/StudioProjects/ccavenue-india-sdk-react-native/example/ios
    /Applications/Xcode.app/Contents/Developer/Toolchains/XcodeDefault.xctoolchain/usr/bin/appintentsmetadataprocessor --toolchain-dir /Applications/Xcode.app/Contents/Developer/Toolchains/XcodeDefault.xctoolchain --module-name CcavenueIndiaSdkReactNativeExample --sdk-root /Applications/Xcode.app/Contents/Developer/Platforms/iPhoneOS.platform/Developer/SDKs/iPhoneOS26.2.sdk --xcode-version 17C52 --platform-family iOS --deployment-target 15.1 --bundle-identifier ccavenueindiasdkreactnative.example --output /Users/prathamesh/Library/Developer/Xcode/DerivedData/CCAvenueIndiaSdkReactNativeExample-dmeqaxpselaggkfhomgslbamujbl/Build/Products/Debug-iphoneos/CcavenueIndiaSdkReactNativeExample.app --target-triple arm64-apple-ios15.1 --binary-file /Users/prathamesh/Library/Developer/Xcode/DerivedData/CCAvenueIndiaSdkReactNativeExample-dmeqaxpselaggkfhomgslbamujbl/Build/Products/Debug-iphoneos/CcavenueIndiaSdkReactNativeExample.app/CcavenueIndiaSdkReactNativeExample --dependency-file /Users/prathamesh/Library/Developer/Xcode/DerivedData/CCAvenueIndiaSdkReactNativeExample-dmeqaxpselaggkfhomgslbamujbl/Build/Intermediates.noindex/CcavenueIndiaSdkReactNativeExample.build/Debug-iphoneos/CcavenueIndiaSdkReactNativeExample.build/Objects-normal/arm64/CcavenueIndiaSdkReactNativeExample_dependency_info.dat --stringsdata-file /Users/prathamesh/Library/Developer/Xcode/DerivedData/CCAvenueIndiaSdkReactNativeExample-dmeqaxpselaggkfhomgslbamujbl/Build/Intermediates.noindex/CcavenueIndiaSdkReactNativeExample.build/Debug-iphoneos/CcavenueIndiaSdkReactNativeExample.build/Objects-normal/arm64/ExtractedAppShortcutsMetadata.stringsdata --source-file-list /Users/prathamesh/Library/Developer/Xcode/DerivedData/CCAvenueIndiaSdkReactNativeExample-dmeqaxpselaggkfhomgslbamujbl/Build/Intermediates.noindex/CcavenueIndiaSdkReactNativeExample.build/Debug-iphoneos/CcavenueIndiaSdkReactNativeExample.build/Objects-normal/arm64/CcavenueIndiaSdkReactNativeExample.SwiftFileList --metadata-file-list /Users/prathamesh/Library/Developer/Xcode/DerivedData/CCAvenueIndiaSdkReactNativeExample-dmeqaxpselaggkfhomgslbamujbl/Build/Intermediates.noindex/CcavenueIndiaSdkReactNativeExample.build/Debug-iphoneos/CcavenueIndiaSdkReactNativeExample.build/CcavenueIndiaSdkReactNativeExample.DependencyMetadataFileList --static-metadata-file-list /Users/prathamesh/Library/Developer/Xcode/DerivedData/CCAvenueIndiaSdkReactNativeExample-dmeqaxpselaggkfhomgslbamujbl/Build/Intermediates.noindex/CcavenueIndiaSdkReactNativeExample.build/Debug-iphoneos/CcavenueIndiaSdkReactNativeExample.build/CcavenueIndiaSdkReactNativeExample.DependencyStaticMetadataFileList --swift-const-vals-list /Users/prathamesh/Library/Developer/Xcode/DerivedData/CCAvenueIndiaSdkReactNativeExample-dmeqaxpselaggkfhomgslbamujbl/Build/Intermediates.noindex/CcavenueIndiaSdkReactNativeExample.build/Debug-iphoneos/CcavenueIndiaSdkReactNativeExample.build/Objects-normal/arm64/CcavenueIndiaSdkReactNativeExample.SwiftConstValuesFileList --compile-time-extraction --deployment-aware-processing --validate-assistant-intents --no-app-shortcuts-localization
2026-05-20 11:16:03.170 appintentsmetadataprocessor[14577:253666] Starting appintentsmetadataprocessor export
2026-05-20 11:16:03.181 appintentsmetadataprocessor[14577:253666] warning: Metadata extraction skipped. No AppIntents.framework dependency found.

AppIntentsSSUTraining (in target 'CcavenueIndiaSdkReactNativeExample' from project 'CcavenueIndiaSdkReactNativeExample')
    cd /Users/prathamesh/StudioProjects/ccavenue-india-sdk-react-native/example/ios
    /Applications/Xcode.app/Contents/Developer/Toolchains/XcodeDefault.xctoolchain/usr/bin/appintentsnltrainingprocessor --infoplist-path /Users/prathamesh/Library/Developer/Xcode/DerivedData/CCAvenueIndiaSdkReactNativeExample-dmeqaxpselaggkfhomgslbamujbl/Build/Products/Debug-iphoneos/CcavenueIndiaSdkReactNativeExample.app/Info.plist --temp-dir-path /Users/prathamesh/Library/Developer/Xcode/DerivedData/CCAvenueIndiaSdkReactNativeExample-dmeqaxpselaggkfhomgslbamujbl/Build/Intermediates.noindex/CcavenueIndiaSdkReactNativeExample.build/Debug-iphoneos/CcavenueIndiaSdkReactNativeExample.build/ssu --bundle-id ccavenueindiasdkreactnative.example --product-path /Users/prathamesh/Library/Developer/Xcode/DerivedData/CCAvenueIndiaSdkReactNativeExample-dmeqaxpselaggkfhomgslbamujbl/Build/Products/Debug-iphoneos/CcavenueIndiaSdkReactNativeExample.app --extracted-metadata-path /Users/prathamesh/Library/Developer/Xcode/DerivedData/CCAvenueIndiaSdkReactNativeExample-dmeqaxpselaggkfhomgslbamujbl/Build/Products/Debug-iphoneos/CcavenueIndiaSdkReactNativeExample.app/Metadata.appintents --metadata-file-list /Users/prathamesh/Library/Developer/Xcode/DerivedData/CCAvenueIndiaSdkReactNativeExample-dmeqaxpselaggkfhomgslbamujbl/Build/Intermediates.noindex/CcavenueIndiaSdkReactNativeExample.build/Debug-iphoneos/CcavenueIndiaSdkReactNativeExample.build/CcavenueIndiaSdkReactNativeExample.DependencyMetadataFileList --archive-ssu-assets
2026-05-20 11:16:03.491 appintentsnltrainingprocessor[14578:253668] Parsing options for appintentsnltrainingprocessor
2026-05-20 11:16:03.491 appintentsnltrainingprocessor[14578:253668] No AppShortcuts found - Skipping.

CodeSign /Users/prathamesh/Library/Developer/Xcode/DerivedData/CCAvenueIndiaSdkReactNativeExample-dmeqaxpselaggkfhomgslbamujbl/Build/Products/Debug-iphoneos/CcavenueIndiaSdkReactNativeExample.app/CcavenueIndiaSdkReactNativeExample.debug.dylib (in target 'CcavenueIndiaSdkReactNativeExample' from project 'CcavenueIndiaSdkReactNativeExample')
    cd /Users/prathamesh/StudioProjects/ccavenue-india-sdk-react-native/example/ios
    
    Signing Identity:     "Apple Development: Prathamesh Saraf (2V26QZJ426)"
    Provisioning Profile: "iOS Team Provisioning Profile: *"
                          (63914ca4-dbb2-4ea9-b2a7-ccf20a8e1787)
    
    /usr/bin/codesign --force --sign 3F5BE4CF5F9EE698FF8CAB4FC0DE8B47E88AABFE --timestamp\=none --generate-entitlement-der /Users/prathamesh/Library/Developer/Xcode/DerivedData/CCAvenueIndiaSdkReactNativeExample-dmeqaxpselaggkfhomgslbamujbl/Build/Products/Debug-iphoneos/CcavenueIndiaSdkReactNativeExample.app/CcavenueIndiaSdkReactNativeExample.debug.dylib

CodeSign /Users/prathamesh/Library/Developer/Xcode/DerivedData/CCAvenueIndiaSdkReactNativeExample-dmeqaxpselaggkfhomgslbamujbl/Build/Products/Debug-iphoneos/CcavenueIndiaSdkReactNativeExample.app/__preview.dylib (in target 'CcavenueIndiaSdkReactNativeExample' from project 'CcavenueIndiaSdkReactNativeExample')
    cd /Users/prathamesh/StudioProjects/ccavenue-india-sdk-react-native/example/ios
    
    Signing Identity:     "Apple Development: Prathamesh Saraf (2V26QZJ426)"
    Provisioning Profile: "iOS Team Provisioning Profile: *"
                          (63914ca4-dbb2-4ea9-b2a7-ccf20a8e1787)
    
    /usr/bin/codesign --force --sign 3F5BE4CF5F9EE698FF8CAB4FC0DE8B47E88AABFE --timestamp\=none --generate-entitlement-der /Users/prathamesh/Library/Developer/Xcode/DerivedData/CCAvenueIndiaSdkReactNativeExample-dmeqaxpselaggkfhomgslbamujbl/Build/Products/Debug-iphoneos/CcavenueIndiaSdkReactNativeExample.app/__preview.dylib

CodeSign /Users/prathamesh/Library/Developer/Xcode/DerivedData/CCAvenueIndiaSdkReactNativeExample-dmeqaxpselaggkfhomgslbamujbl/Build/Products/Debug-iphoneos/CcavenueIndiaSdkReactNativeExample.app (in target 'CcavenueIndiaSdkReactNativeExample' from project 'CcavenueIndiaSdkReactNativeExample')
    cd /Users/prathamesh/StudioProjects/ccavenue-india-sdk-react-native/example/ios
    
    Signing Identity:     "Apple Development: Prathamesh Saraf (2V26QZJ426)"
    Provisioning Profile: "iOS Team Provisioning Profile: *"
                          (63914ca4-dbb2-4ea9-b2a7-ccf20a8e1787)
    
    /usr/bin/codesign --force --sign 3F5BE4CF5F9EE698FF8CAB4FC0DE8B47E88AABFE --entitlements /Users/prathamesh/Library/Developer/Xcode/DerivedData/CCAvenueIndiaSdkReactNativeExample-dmeqaxpselaggkfhomgslbamujbl/Build/Intermediates.noindex/CcavenueIndiaSdkReactNativeExample.build/Debug-iphoneos/CcavenueIndiaSdkReactNativeExample.build/CcavenueIndiaSdkReactNativeExample.app.xcent --timestamp\=none --generate-entitlement-der /Users/prathamesh/Library/Developer/Xcode/DerivedData/CCAvenueIndiaSdkReactNativeExample-dmeqaxpselaggkfhomgslbamujbl/Build/Products/Debug-iphoneos/CcavenueIndiaSdkReactNativeExample.app

RegisterExecutionPolicyException /Users/prathamesh/Library/Developer/Xcode/DerivedData/CCAvenueIndiaSdkReactNativeExample-dmeqaxpselaggkfhomgslbamujbl/Build/Products/Debug-iphoneos/CcavenueIndiaSdkReactNativeExample.app (in target 'CcavenueIndiaSdkReactNativeExample' from project 'CcavenueIndiaSdkReactNativeExample')
    cd /Users/prathamesh/StudioProjects/ccavenue-india-sdk-react-native/example/ios
    builtin-RegisterExecutionPolicyException /Users/prathamesh/Library/Developer/Xcode/DerivedData/CCAvenueIndiaSdkReactNativeExample-dmeqaxpselaggkfhomgslbamujbl/Build/Products/Debug-iphoneos/CcavenueIndiaSdkReactNativeExample.app

Validate /Users/prathamesh/Library/Developer/Xcode/DerivedData/CCAvenueIndiaSdkReactNativeExample-dmeqaxpselaggkfhomgslbamujbl/Build/Products/Debug-iphoneos/CcavenueIndiaSdkReactNativeExample.app (in target 'CcavenueIndiaSdkReactNativeExample' from project 'CcavenueIndiaSdkReactNativeExample')
    cd /Users/prathamesh/StudioProjects/ccavenue-india-sdk-react-native/example/ios
    builtin-validationUtility /Users/prathamesh/Library/Developer/Xcode/DerivedData/CCAvenueIndiaSdkReactNativeExample-dmeqaxpselaggkfhomgslbamujbl/Build/Products/Debug-iphoneos/CcavenueIndiaSdkReactNativeExample.app -shallow-bundle -infoplist-subpath Info.plist

Touch /Users/prathamesh/Library/Developer/Xcode/DerivedData/CCAvenueIndiaSdkReactNativeExample-dmeqaxpselaggkfhomgslbamujbl/Build/Products/Debug-iphoneos/CcavenueIndiaSdkReactNativeExample.app (in target 'CcavenueIndiaSdkReactNativeExample' from project 'CcavenueIndiaSdkReactNativeExample')
    cd /Users/prathamesh/StudioProjects/ccavenue-india-sdk-react-native/example/ios
    /usr/bin/touch -c /Users/prathamesh/Library/Developer/Xcode/DerivedData/CCAvenueIndiaSdkReactNativeExample-dmeqaxpselaggkfhomgslbamujbl/Build/Products/Debug-iphoneos/CcavenueIndiaSdkReactNativeExample.app

warning: Run script build phase '[CP-User] [Hermes] Replace Hermes for the right configuration, if needed' will be run during every build because it does not specify any outputs. To address this issue, either add output dependencies to the script phase, or configure it to run in every build by unchecking "Based on dependency analysis" in the script phase. (in target 'hermes-engine' from project 'Pods')
** BUILD SUCCEEDED **

